Dim1,Dim2,ID,Label
-15.686121,13.508418,1,0
-15.655679,11.473915,2,0
-15.884136,13.169368,3,0
-15.574301,13.654305,4,0
-15.656824,11.148522,5,0
-15.368014,12.612352,6,0
-15.715488,13.42144,7,0
-15.600503,13.361067,8,0
-15.670845,13.476259,9,0
-15.367958,12.163215,10,0
-15.617257,13.464176,11,0
-15.647311,13.48068,12,0
-15.722234,13.485837,13,0
-15.409863,12.025633,14,0
-15.525108,12.84423,15,0
-15.565102,12.92047,16,0
-15.72211,13.473784,17,0
-15.6424055,13.450642,18,0
-15.620231,13.41689,19,0
-15.561516,13.256027,20,0
-15.714303,13.456617,21,0
-15.603546,13.413383,22,0
-15.580409,13.276935,23,0
-15.645037,11.387874,24,0
-15.712445,13.41461,25,0
-15.714012,13.4755945,26,0
-15.709083,13.478302,27,0
-15.707659,13.498198,28,0
-15.710905,13.463858,29,0
-15.645538,11.2705145,30,0
-15.646795,11.255463,31,0
-15.9352045,13.255254,32,0
-15.679577,13.0918,33,0
-15.687219,13.466525,34,0
-15.711566,13.477335,35,0
-15.726625,13.495477,36,0
-15.46926,11.941881,37,0
-15.69525,11.277704,38,0
-15.269633,12.348021,39,0
-15.5202465,12.889221,40,0
-15.329162,12.348833,41,0
-15.8726225,13.13646,42,0
-15.282048,12.311385,43,0
-15.477633,13.327866,44,0
-15.623631,13.478636,45,0
-15.697175,13.234082,46,0
-15.794416,13.192832,47,0
-15.356123,12.512152,48,0
-15.781642,13.1790495,49,0
-15.629472,13.51936,50,0
-15.362247,12.202604,51,0
-15.647164,11.271866,52,0
-15.985258,13.051025,53,0
-15.727367,13.047407,54,0
-15.674043,13.603635,55,0
-15.665032,11.261532,56,0
-15.745223,13.3344965,57,0
-15.829493,13.158199,58,0
-15.645287,13.450921,59,0
-15.711782,13.638708,60,0
-15.586842,13.439753,61,0
-15.523533,13.095049,62,0
-15.526561,13.000348,63,0
-15.360432,12.543697,64,0
-15.61396,11.257637,65,0
-15.565013,13.01698,66,0
-15.537483,12.972451,67,0
-15.459423,11.755902,68,0
-15.05041,11.953764,69,0
-15.200597,11.9785595,70,0
-15.178627,12.732966,71,0
-15.397145,13.015898,72,0
-15.734699,13.003616,73,0
-15.508951,12.878075,74,0
-15.444414,12.963019,75,0
-15.215487,11.785693,76,0
-14.937095,12.172706,77,0
-15.437349,11.7554035,78,0
-15.105075,12.0027275,79,0
-15.437144,13.074471,80,0
-15.152749,12.0499,81,0
-14.944667,12.252095,82,0
-15.504969,11.351488,83,0
-15.5913925,13.061739,84,0
-15.473573,12.969177,85,0
-14.882771,12.447181,86,0
-15.379234,11.629618,87,0
-14.811694,12.376503,88,0
-14.883029,12.4421,89,0
-14.910534,12.263174,90,0
-14.765553,12.454192,91,0
-14.741982,12.33628,92,0
-14.736747,12.296182,93,0
-13.191765,11.298045,94,0
-13.356361,11.043627,95,0
-13.977562,11.330084,96,0
-14.267781,11.297553,97,0
-13.192203,10.925544,98,0
-13.067698,11.197772,99,0
-12.991933,11.115452,100,0
-13.245255,10.904554,101,0
-13.031759,10.977605,102,0
-12.955849,11.157496,103,0
-12.931562,11.1546545,104,0
-13.049327,10.943825,105,0
-12.97596,11.08728,106,0
-12.959677,11.184742,107,0
-12.941203,11.154967,108,0
-13.852145,11.23482,109,0
-13.918033,11.238972,110,0
-12.684708,11.190787,111,0
-12.568148,11.180794,112,0
-12.736505,11.123027,113,0
-13.447582,11.179534,114,0
-12.952142,11.017888,115,0
-12.746616,11.157983,116,0
-13.015189,10.940643,117,0
-12.692512,11.1832485,118,0
-13.413156,11.108843,119,0
-12.677337,11.143853,120,0
-12.81229,11.160494,121,0
-12.595182,11.140972,122,0
-13.553274,11.174534,123,0
-12.984998,10.919007,124,0
-15.28128,11.338177,125,0
-12.788614,11.07316,126,0
-13.674583,11.261632,127,0
-13.330771,11.154693,128,0
-13.066623,10.834258,129,0
-12.587461,11.221749,130,0
-12.607886,11.174553,131,0
-12.457769,11.198326,132,0
-13.0740795,10.852286,133,0
-13.014053,10.90323,134,0
-12.44967,11.197925,135,0
-12.752811,11.085543,136,0
-13.709329,11.252615,137,0
-13.730459,10.598528,138,0
-13.038418,10.898309,139,0
-12.606104,11.248724,140,0
-12.596009,11.240831,141,0
-12.68966,11.181093,142,0
-13.434586,11.214672,143,0
-13.0434265,10.872739,144,0
-12.421653,11.224672,145,0
-12.409677,11.225602,146,0
-12.615134,11.165355,147,0
-12.6573105,11.146049,148,0
-12.330739,11.254695,149,0
-12.914215,11.032464,150,0
-12.566796,11.174665,151,0
-15.675912,11.185253,152,0
-14.912748,11.3511095,153,0
-13.352473,10.768718,154,0
-12.550831,11.245786,155,0
-15.180191,11.372071,156,0
-13.234257,10.717407,157,0
-13.200934,10.7852125,158,0
-12.361626,11.435113,159,0
-12.459011,11.222133,160,0
-12.982585,10.937609,161,0
-12.786107,11.148067,162,0
-15.230935,11.294633,163,0
-13.550562,10.628316,164,0
-13.205755,10.805101,165,0
-15.421202,11.249639,166,0
-13.683877,10.497884,167,0
-13.420017,10.706348,168,0
-12.9947815,10.910509,169,0
-12.39433,11.20706,170,0
-15.593423,11.223475,171,0
-15.013945,12.022692,172,0
-14.30221,10.927721,173,0
-14.094725,10.347369,174,0
-14.4199095,9.416765,175,0
-14.768166,9.002435,176,0
-15.055663,8.552379,177,0
-15.747385,10.820116,178,0
-15.050806,8.558127,179,0
-15.045529,8.603648,180,0
-15.055652,8.471898,181,0
-15.047746,8.575415,182,0
-15.985211,9.990108,183,0
-15.046636,8.547883,184,0
-15.856958,9.986608,185,0
-15.036842,8.581361,186,0
-14.978355,8.7039175,187,0
-15.83105,10.060846,188,0
-15.423653,11.004037,189,0
-15.703767,9.597702,190,0
15.492232,-9.766745,191,1
-15.732019,10.89862,192,0
-14.019177,10.413071,193,0
-14.223016,9.912025,194,0
-15.009319,8.685596,195,0
-14.56096,9.32714,196,0
-15.086064,11.334357,197,0
-14.9983635,8.820909,198,0
-14.958819,8.590835,199,0
-14.931626,8.56429,200,0
-15.071622,8.695568,201,0
-15.750949,10.800434,202,0
-15.835397,10.217694,203,0
-14.975171,8.740392,204,0
-15.073625,8.653703,205,0
-15.170806,8.855342,206,0
-15.209966,8.87007,207,0
-15.03549,8.754155,208,0
-15.124163,8.721906,209,0
-15.036498,8.5486555,210,0
-15.762641,10.780756,211,0
-15.018022,8.603816,212,0
-15.439776,9.156052,213,0
-15.771285,9.934241,214,0
-15.037892,8.702436,215,0
-15.02384,8.558944,216,0
-15.597514,9.389479,217,0
-14.892507,8.90777,218,0
-15.054766,8.59488,219,0
-15.576395,9.422765,220,0
-15.082693,8.636918,221,0
-15.667552,9.511871,222,0
-15.709859,10.903401,223,0
-15.406551,9.106142,224,0
-14.92288,8.521977,225,0
-15.814756,10.595399,226,0
-14.892389,8.7131815,227,0
-15.182026,8.8585,228,0
-15.770163,9.890209,229,0
-15.005669,8.748804,230,0
-15.563042,9.066402,231,0
-14.948877,8.835502,232,0
-15.533552,9.231396,233,0
-15.785431,10.448263,234,0
-15.463048,9.081504,235,0
-15.02574,8.662904,236,0
-15.180092,8.811848,237,0
-15.180335,8.79491,238,0
-15.077697,8.652802,239,0
-15.068443,8.75965,240,0
-15.801254,10.182794,241,0
-15.866927,10.425723,242,0
-14.9803095,8.744068,243,0
-14.952501,8.797032,244,0
-15.296136,8.909595,245,0
-15.881208,10.552868,246,0
-15.358059,8.913312,247,0
-15.0701885,8.77316,248,0
-15.072726,8.801451,249,0
-15.18673,-4.747612,250,2
-15.066354,-5.0305247,251,2
-13.83489,-4.912695,252,2
-14.927639,-5.3258576,253,2
-13.132902,-5.380749,254,2
-14.721715,-5.011295,255,2
-15.039652,-5.9103866,256,2
-14.445621,-5.128073,257,2
-14.813657,-5.590687,258,2
-14.762114,-4.914683,259,2
-13.865969,-5.0110874,260,2
-15.096838,-4.909016,261,2
-14.968724,-5.187406,262,2
-14.296524,-5.263969,263,2
-14.522775,-6.2379313,264,2
-13.88393,-4.990507,265,2
-14.990377,-4.7144504,266,2
-13.705179,-4.898051,267,2
-14.961402,-5.1553206,268,2
-14.823294,-4.973627,269,2
-14.141723,-5.274686,270,2
-14.68357,-4.9953513,271,2
-14.404407,-5.2258554,272,2
-14.262885,-5.2771587,273,2
-14.512713,-4.7597017,274,2
-14.731359,-4.858805,275,2
-13.878383,-5.08815,276,2
-14.584006,-4.7054343,277,2
-15.030888,-5.1145673,278,2
-13.240928,-5.3987937,279,2
-14.671196,-4.9867587,280,2
-14.790835,-4.8366165,281,2
-14.121438,-5.21336,282,2
-13.970546,-5.1219254,283,2
-14.24454,-4.825534,284,2
-14.5046015,-4.7692595,285,2
-14.806344,-4.8078656,286,2
-13.804867,-5.0244913,287,2
-13.643022,-4.8609204,288,2
-14.9528475,-5.4178777,289,2
-14.931164,-5.012996,290,2
-14.232257,-4.8214755,291,2
-14.703337,-4.960754,292,2
-14.972354,-5.169317,293,2
-14.321483,-5.2088447,294,2
-13.710354,-5.516761,295,2
-15.007659,-5.8647013,296,2
-14.071287,-4.833796,297,2
-14.342527,-4.8395066,298,2
-13.998392,-4.8945675,299,2
-13.715357,-5.1811795,300,2
-14.770164,-4.8519588,301,2
-14.53094,-4.770472,302,2
-14.929977,-4.8066483,303,2
-14.836175,-4.826599,304,2
-14.74135,-4.781988,305,2
-13.612387,-5.204987,306,2
-13.79763,-5.074365,307,2
-13.390231,-5.042429,308,2
-14.683661,-4.7398915,309,2
-14.832934,-4.846503,310,2
-14.580867,-4.850597,311,2
-13.86149,-5.1268315,312,2
-14.216065,-5.069238,313,2
-13.627982,-4.907957,314,2
-14.941126,-4.935292,315,2
-13.575113,-5.3955154,316,2
-14.735329,-5.0202928,317,2
-14.983392,-5.966358,318,2
-13.738051,-4.9318705,319,2
-13.611245,-5.130619,320,2
-13.702771,-5.1472945,321,2
-14.837458,-4.8458614,322,2
-14.336519,-5.2281365,323,2
-13.757682,-5.760014,324,2
-14.298976,-5.2934856,325,2
-14.744821,-5.6840887,326,2
-14.893933,-6.076038,327,2
-13.585771,-5.3451443,328,2
-13.943808,-7.8711667,329,2
-13.811088,-5.4982467,330,2
-14.35978,-5.2842693,331,2
-13.679068,-5.583493,332,2
-14.698232,-5.8460474,333,2
-14.71215,-6.240619,334,2
-14.307396,-5.1792164,335,2
-14.336004,-5.2038097,336,2
-14.9395275,-6.3360176,337,2
-14.5502825,-5.453291,338,2
-14.392462,-5.2241325,339,2
-14.700277,-5.9219093,340,2
-14.687108,-5.850856,341,2
-13.317051,-5.798053,342,2
-14.488593,-5.3516374,343,2
-14.491158,-6.645484,344,2
-14.904677,-5.5625453,345,2
-14.11024,-5.3915577,346,2
-14.673787,-5.9783564,347,2
-14.35527,-5.196332,348,2
-14.452236,-5.1873016,349,2
-13.799759,-6.861257,350,2
-14.513577,-5.1786985,351,2
-14.622945,-5.1784267,352,2
-13.292655,-5.547456,353,2
-15.18256,-4.715543,354,2
-14.8263855,-5.1758776,355,2
-14.984588,-5.181979,356,2
-13.343872,-5.303262,357,2
-14.508262,-5.1750793,358,2
-14.721096,-5.133701,359,2
-14.784949,-5.0683756,360,2
-14.904907,-5.0792675,361,2
-14.740732,-5.0811625,362,2
-14.666255,-5.179428,363,2
-14.8673935,-6.0713077,364,2
-15.160484,-5.1261516,365,2
-14.007745,-4.927426,366,2
-13.750883,-4.9370656,367,2
-14.9924135,-5.2429442,368,2
-13.928446,-5.2784843,369,2
-15.158175,-5.107119,370,2
-14.996448,-4.901848,371,2
-13.8349,-5.528634,372,2
-14.8846855,-5.078245,373,2
-13.869422,-5.5446095,374,2
-14.8457775,-5.276334,375,2
-14.994759,-5.1782413,376,2
-14.872495,-5.67852,377,2
-14.941425,-4.861523,378,2
-14.8400545,-4.943297,379,2
-13.777755,-5.1894255,380,2
-13.720812,-5.0653324,381,2
-14.716467,-5.2576294,382,2
-15.25873,-4.6579714,383,2
-13.839783,-5.0152493,384,2
-14.658527,-5.294527,385,2
-13.898525,-5.784816,386,2
-14.995901,-5.3294,387,2
-13.82664,-5.3338757,388,2
-14.624721,-5.186211,389,2
-14.222654,-5.244106,390,2
-14.577059,-5.3589077,391,2
-14.698617,-5.416005,392,2
-13.740451,-5.8940554,393,2
-13.546693,-5.8371964,394,2
-14.294296,-5.309554,395,2
-14.495808,-6.995728,396,2
-14.000686,-6.7600884,397,2
-14.4137335,-5.8911037,398,2
-14.641323,-6.3292303,399,2
-14.65808,-6.0816884,400,2
-13.539706,-5.7786074,401,2
-14.632984,-5.658144,402,2
-14.405234,-7.026141,403,2
-14.0519285,-8.289813,404,2
-13.159772,-8.051905,405,2
-12.84918,-6.2595553,406,2
-13.052928,-8.102361,407,2
-13.14067,-9.2785845,408,2
-13.353605,-7.9165416,409,2
-13.068405,-9.202739,410,2
-13.7733345,-7.1728525,411,2
-12.943991,-6.811322,412,2
-13.106803,-9.477357,413,2
-13.172155,-8.143615,414,2
-13.325977,-6.9692163,415,2
-14.024879,-8.760611,416,2
-12.619316,-6.7146764,417,2
-12.898461,-8.719873,418,2
-12.809977,-6.813101,419,2
-12.964275,-9.2902565,420,2
-13.090109,-9.071755,421,2
-13.270623,-6.594946,422,2
-12.83481,-8.141526,423,2
-12.776093,-6.0891843,424,2
-12.708677,-6.1615047,425,2
-12.922582,-9.330358,426,2
-13.181841,-8.425702,427,2
-12.585275,-9.1420965,428,2
-12.654916,-6.2653213,429,2
-13.131276,-8.298645,430,2
-12.94499,-9.33076,431,2
-12.498949,-6.094446,432,2
-13.187799,-9.191278,433,2
-12.858502,-6.1292453,434,2
-12.816966,-6.052617,435,2
-13.606535,-8.771397,436,2
-13.823357,-8.607902,437,2
-13.476873,-8.517285,438,2
-13.4165535,-7.207732,439,2
-13.461076,-6.705186,440,2
-12.652155,-8.985825,441,2
-12.614424,-8.283936,442,2
-12.892467,-5.8763013,443,2
-12.169306,-8.358108,444,2
-11.885044,-7.108073,445,2
-13.088139,-6.840357,446,2
-14.726772,-6.3067603,447,2
-11.987868,-7.5154686,448,2
-12.373637,-7.965401,449,2
-12.365177,-7.848657,450,2
-12.759451,-7.0720563,451,2
-13.280431,-8.641128,452,2
-13.077945,-7.857856,453,2
-13.084373,-7.990264,454,2
-12.966159,-7.517351,455,2
-13.468278,-6.583964,456,2
-13.104991,-8.952706,457,2
-12.757167,-8.292678,458,2
-12.251464,-7.6599593,459,2
-13.068715,-9.047563,460,2
-13.834361,-8.855175,461,2
-13.201764,-9.041926,462,2
-13.509564,-6.5619164,463,2
-13.086377,-6.4341984,464,2
-14.185415,-7.8837667,465,2
-13.47802,-6.59101,466,2
-14.200935,-7.6664357,467,2
-13.067359,-8.582995,468,2
-15.921563,10.435664,469,0
-12.74029,-6.0229354,470,2
-12.515049,-7.2402983,471,2
-12.894477,-8.825258,472,2
-12.633969,-7.50264,473,2
-13.211465,-8.952236,474,2
-12.404751,-7.963672,475,2
-12.199497,-8.092816,476,2
-12.045651,-7.2385097,477,2
-12.041894,-7.6585555,478,2
-13.354909,-7.356765,479,2
-12.39479,-5.9563875,480,2
-12.824205,-8.243966,481,2
-12.865682,-8.909662,482,2
-13.00305,-8.604662,483,2
-12.594298,-8.28324,484,2
-10.990238,-7.622488,485,2
-12.554045,-6.2546983,486,2
-12.720535,-8.815035,487,2
-12.609044,-8.097167,488,2
-12.63692,-7.5522995,489,2
-13.034071,-9.154482,490,2
-12.555423,-7.947525,491,2
-12.472886,-9.005266,492,2
-10.255488,-7.660809,493,2
-12.553107,-7.7664995,494,2
-12.338645,-7.5212893,495,2
-12.221605,-8.3117285,496,2
-12.27553,-8.218831,497,2
-11.826575,-7.488767,498,2
-12.789919,-8.470988,499,2
-12.797965,-8.974307,500,2
-11.6901,-6.855072,501,2
-12.099718,-7.4592886,502,2
-12.377818,-6.849157,503,2
-12.590697,-7.426215,504,2
-13.413818,-7.675529,505,2
-12.847796,-8.867471,506,2
-12.789115,-6.215725,507,2
-12.923608,-7.4192767,508,2
-12.923547,-8.197729,509,2
-12.003663,-6.3996744,510,2
-12.95131,-7.2498093,511,2
-14.67914,-8.307765,512,2
-14.250714,-8.538608,513,2
-14.347002,-7.6131077,514,2
-16.319838,-8.999348,515,2
-15.569715,-9.142258,516,2
-15.841794,-8.312381,517,2
-16.027922,-8.732193,518,2
-15.2944145,-8.05044,519,2
-16.379057,-8.808509,520,2
-15.131986,-7.036997,521,2
-14.469396,-9.046219,522,2
-15.921985,-8.706709,523,2
-15.6146145,-8.277261,524,2
-15.79203,-8.58085,525,2
-15.93115,-8.855034,526,2
-15.908642,-9.0253105,527,2
-15.874412,-8.730056,528,2
-16.134449,-8.225454,529,2
-16.464252,-8.432593,530,2
-16.440605,-8.357016,531,2
-15.475429,-7.369469,532,2
-16.257978,-8.739735,533,2
-15.981687,-8.094211,534,2
-16.276852,-8.532907,535,2
-14.941427,-7.3691072,536,2
-16.08251,-8.53911,537,2
-9.065714,0.91673476,538,3
-16.029467,-8.290361,539,2
-15.595449,-7.54891,540,2
-16.116697,-8.827021,541,2
-15.996916,-8.577912,542,2
-16.229073,-8.578339,543,2
-15.259542,-7.1888,544,2
-16.02294,-8.913309,545,2
-15.983668,-8.307735,546,2
-15.982738,-9.050241,547,2
-16.341541,-8.386165,548,2
-16.17945,-8.802561,549,2
-16.351797,-8.396472,550,2
-15.223771,-7.1099305,551,2
-15.853027,-8.067371,552,2
-15.166014,-7.7592974,553,2
-16.114622,-8.816702,554,2
-16.162855,-8.835639,555,2
-15.822241,-8.233828,556,2
-16.007689,-9.293061,557,2
-16.274372,-9.193805,558,2
-15.369903,-9.278683,559,2
-15.8328705,-8.865507,560,2
-15.303306,-7.9181895,561,2
-15.170279,-7.265073,562,2
-16.042227,-8.940864,563,2
-15.489996,-8.225517,564,2
-15.84057,-8.503496,565,2
-15.271683,-7.7997856,566,2
-15.88519,-8.734674,567,2
-15.895068,-9.12487,568,2
-15.898004,-9.181042,569,2
-15.301733,-8.2550955,570,2
-14.621345,-9.131642,571,2
-15.865397,-9.198887,572,2
-15.741863,-9.085589,573,2
-15.3930025,-7.9481163,574,2
-15.219422,-9.206835,575,2
-15.360864,-8.038758,576,2
-15.27763,-7.1939707,577,2
-15.597098,-8.398325,578,2
-15.843995,-8.923544,579,2
-15.621387,-8.620865,580,2
-14.547083,-7.467226,581,2
-15.904537,-9.074,582,2
-15.971951,-9.199705,583,2
-15.746875,-9.23882,584,2
-15.786443,-9.010931,585,2
-15.905724,-8.996296,586,2
-14.784562,-7.1320195,587,2
-15.347649,-8.33855,588,2
-15.901908,-8.984124,589,2
-15.762476,-8.960587,590,2
-15.918606,-9.175028,591,2
-15.83918,-8.867649,592,2
-15.528023,-8.181492,593,2
-15.77149,-9.326079,594,2
-15.1994705,-8.246393,595,2
-14.794949,-9.187212,596,2
-15.839739,-9.21003,597,2
-14.960967,-7.792753,598,2
-15.45833,-8.365509,599,2
-15.293411,-8.048297,600,2
-15.8699255,-9.074873,601,2
-15.823113,-8.962364,602,2
-15.541207,-8.877995,603,2
-15.519074,-8.772798,604,2
-15.540562,-8.549146,605,2
-14.443955,-7.913734,606,2
-14.743158,-7.766103,607,2
-15.700196,-8.773689,608,2
-15.325406,-7.793897,609,2
-15.583338,-8.342954,610,2
-15.54642,-9.33582,611,2
-15.836874,-8.841551,612,2
-15.882159,-8.879216,613,2
-15.852221,-8.828432,614,2
-15.901824,-8.256516,615,2
-15.901723,-8.494855,616,2
-15.147976,-7.116452,617,2
-14.988467,-7.839305,618,2
-16.484068,-8.9533415,619,2
-16.049156,-8.961534,620,2
-16.301865,-8.646683,621,2
-15.865276,-8.295445,622,2
-16.158112,-8.40381,623,2
-15.91186,-8.253784,624,2
-16.19133,-9.097837,625,2
-16.308887,-8.424698,626,2
-15.828106,-8.127747,627,2
-16.305443,-9.025109,628,2
-16.050295,-8.841118,629,2
-14.996965,-8.163328,630,2
-15.486397,-8.224306,631,2
-15.987128,-8.478973,632,2
-15.369417,-8.300644,633,2
-15.943467,-8.667903,634,2
-16.747068,-8.766838,635,2
-15.7494,-8.361791,636,2
-15.002233,-6.9919815,637,2
-15.058153,-8.19134,638,2
-13.908948,-8.385123,639,2
-15.636896,-8.156668,640,2
-14.431028,-7.31048,641,2
-15.2676115,-8.633069,642,2
-15.655302,-8.8098345,643,2
-14.884719,-8.616541,644,2
-13.089554,-7.522717,645,2
-12.853298,-8.245274,646,2
-12.748764,-7.251143,647,2
-12.792468,-8.477655,648,2
-13.353074,-6.391273,649,2
-13.1136,-7.688912,650,2
-12.997059,-8.686644,651,2
-13.6777725,-6.4764357,652,2
-12.838641,-7.501453,653,2
-12.897838,-7.5591455,654,2
-13.489724,-8.118381,655,2
-13.345851,-7.7349195,656,2
-13.98342,-8.431393,657,2
-13.443949,-8.855007,658,2
-13.581488,-7.258204,659,2
-13.41792,-8.732277,660,2
-13.263563,-9.207911,661,2
-12.35364,-8.557188,662,2
-13.767234,-8.216607,663,2
-12.967289,-6.99928,664,2
-13.674625,-8.677866,665,2
-13.267281,-9.155064,666,2
-13.158553,-9.389353,667,2
-13.577377,-7.4513397,668,2
-14.036568,-8.402403,669,2
-13.245103,-6.382494,670,2
-14.802892,-8.422052,671,2
-13.533281,-8.940813,672,2
-13.480276,-9.257576,673,2
-12.973778,-8.124865,674,2
-13.299983,-7.8646073,675,2
-13.59149,-8.920742,676,2
-13.181364,-9.51335,677,2
-13.754403,-7.2256765,678,2
-12.952425,-9.15902,679,2
-12.94186,-8.7381525,680,2
-12.551565,-6.8557773,681,2
-13.267903,-6.6507263,682,2
-13.499566,-8.503002,683,2
-13.493237,-8.833913,684,2
-13.598399,-7.9048767,685,2
-13.051737,-6.0530334,686,2
-13.370015,-6.444927,687,2
-13.815775,-8.821741,688,2
-13.295108,-9.108418,689,2
-13.521107,-9.085469,690,2
-13.123321,-7.6150107,691,2
-12.775856,-6.9668384,692,2
-13.404701,-9.259153,693,2
-13.518732,-9.156254,694,2
-13.141315,-8.883057,695,2
-13.024573,-8.040792,696,2
-13.301569,-8.657427,697,2
-13.176471,-6.824827,698,2
-12.915412,-8.935507,699,2
-12.922103,-9.625744,700,2
-12.967524,-8.9406805,701,2
-14.085638,-7.5672064,702,2
-12.735687,-6.6521297,703,2
-13.657838,-8.663306,704,2
-13.187105,-8.428559,705,2
-13.398977,-7.4632664,706,2
-13.337573,-9.058341,707,2
-13.054466,-7.41853,708,2
-13.391584,-8.261458,709,2
-12.84903,-6.3452587,710,2
-13.242558,-9.45911,711,2
-13.968318,-7.4959865,712,2
-13.045373,-9.743968,713,2
-13.416534,-8.150625,714,2
-13.324149,-9.024641,715,2
-12.855897,-7.7231045,716,2
-13.454308,-7.5109377,717,2
-12.975271,-6.5281825,718,2
-13.980619,-8.460515,719,2
-13.109209,-9.175562,720,2
-13.321739,-8.509115,721,2
-13.112078,-6.802792,722,2
-13.93236,-6.0556607,723,2
-13.093228,-8.357143,724,2
-13.039778,-9.73586,725,2
-12.86263,-7.614158,726,2
-12.872268,-9.608623,727,2
-14.012512,-7.4853945,728,2
-13.105856,-7.7700715,729,2
-12.891938,-8.289594,730,2
-12.936534,-7.1086726,731,2
-14.154718,-7.5091352,732,2
-13.029244,-9.234082,733,2
-14.203871,-7.613622,734,2
-12.912839,-6.106209,735,2
-13.62391,-8.470824,736,2
-14.550112,-8.310197,737,2
-13.774429,-8.615513,738,2
-13.794185,-8.476734,739,2
-13.855178,-8.347584,740,2
-14.909458,-8.12166,741,2
-14.23769,-8.094378,742,2
-14.17171,-8.387977,743,2
-14.134971,-8.388846,744,2
-13.933879,-6.4760017,745,2
-13.946745,-8.42005,746,2
-12.985958,-9.322416,747,2
-12.826448,-7.0122433,748,2
-13.033442,-8.438102,749,2
-13.094569,-7.4929957,750,2
-12.967184,-8.902837,751,2
-12.730714,-7.276685,752,2
-12.915846,-8.564146,753,2
-12.574309,-7.20132,754,2
-13.032419,-9.102498,755,2
-13.287491,-8.278345,756,2
-14.094711,-7.5681834,757,2
-14.021146,-8.975163,758,2
-13.047108,-7.474641,759,2
-12.753268,-8.902729,760,2
-13.026604,-7.9703755,761,2
-13.124716,-8.337165,762,2
-12.742135,-7.3826647,763,2
-12.924522,-8.7335825,764,2
-12.956404,-8.893127,765,2
-13.398053,-7.5393467,766,2
-12.543422,-8.460315,767,2
-13.345288,-7.658877,768,2
-13.183105,-8.270924,769,2
-13.215636,-8.116221,770,2
-12.605178,-8.331663,771,2
-12.985013,-8.370271,772,2
-12.7292595,-7.4289293,773,2
-13.198407,-7.440591,774,2
-12.53933,-9.264006,775,2
-12.805779,-9.31877,776,2
-12.483372,-8.374398,777,2
-11.986508,-6.322585,778,2
-13.05166,-7.560992,779,2
-12.781443,-6.0069084,780,2
-12.505236,-6.9289517,781,2
-12.714239,-9.635641,782,2
-12.211326,-7.9389367,783,2
-12.602179,-8.216744,784,2
-13.437998,-7.975577,785,2
-12.853063,-7.142121,786,2
-12.636533,-7.9429617,787,2
-12.332563,-7.550311,788,2
-13.185785,-7.072735,789,2
-12.232122,-6.8583174,790,2
-12.465417,-7.2509866,791,2
-12.084069,-6.482343,792,2
-12.413776,-6.92283,793,2
-13.130309,-8.735609,794,2
-12.307291,-9.1045265,795,2
-12.480811,-6.5223904,796,2
-12.061135,-7.823503,797,2
-11.558823,-10.147309,798,2
-12.141053,-6.4623523,799,2
-11.277847,-7.7749057,800,2
-11.851263,-8.828757,801,2
-11.23127,-9.300308,802,2
-11.181285,-8.934174,803,2
-11.7871065,-8.702726,804,2
-11.64468,-9.938964,805,2
-11.581693,-7.0487065,806,2
-11.599559,-6.7860937,807,2
-12.137428,-8.870738,808,2
-11.701908,-9.984292,809,2
-11.281169,-8.307283,810,2
-11.800302,-7.656965,811,2
-12.070039,-7.71337,812,2
-12.107662,-9.112331,813,2
-11.7126465,-9.719158,814,2
-11.623798,-9.168282,815,2
-12.020473,-7.155646,816,2
-12.208831,-9.336725,817,2
-11.878007,-9.264114,818,2
-12.16354,-7.6037154,819,2
-12.094377,-6.8597803,820,2
-12.402144,-8.157357,821,2
-12.23577,-7.600635,822,2
-12.001132,-7.287643,823,2
-12.214731,-8.952423,824,2
-12.112867,-9.1038265,825,2
-11.940514,-9.066661,826,2
-12.0770445,-8.242211,827,2
-12.36087,-7.8923497,828,2
-11.942158,-8.744494,829,2
-12.397956,-9.4431095,830,2
-10.973123,-7.638141,831,2
-12.382254,-8.797148,832,2
-11.097195,-7.05371,833,2
-12.036804,-8.449613,834,2
-10.714457,-7.5291295,835,2
-12.290711,-9.164521,836,2
-12.280198,-7.6206803,837,2
-12.0101185,-8.758198,838,2
-12.12926,-9.287673,839,2
-12.373438,-7.541381,840,2
-11.527984,-7.6191435,841,2
-12.316221,-7.7837024,842,2
-12.579674,-7.5166087,843,2
-12.757717,-7.9391947,844,2
-12.618811,-9.336045,845,2
-12.967068,-7.727683,846,2
-12.358104,-9.393175,847,2
-12.8086,-9.387397,848,2
-11.4144745,-8.711259,849,2
-12.058672,-7.245083,850,2
-12.474234,-7.4072146,851,2
-12.200106,-9.094723,852,2
-11.835453,-9.257171,853,2
-11.337051,-7.466735,854,2
-11.715301,-9.677134,855,2
-11.834756,-9.517344,856,2
-11.976737,-9.410444,857,2
-12.064868,-8.212526,858,2
-12.467655,-9.36045,859,2
-11.59954,-8.616143,860,2
-12.58543,-8.891866,861,2
-12.149725,-9.273366,862,2
-12.024879,-8.854189,863,2
-12.343046,-6.5767174,864,2
-12.97747,-8.089359,865,2
-12.3971615,-8.700131,866,2
-12.743734,-9.126742,867,2
-12.051103,-8.98947,868,2
-12.417404,-9.135671,869,2
-12.577531,-8.080626,870,2
-12.124376,-9.49057,871,2
-12.20131,-6.765509,872,2
-12.196531,-7.929326,873,2
-12.135779,-9.053275,874,2
-11.66618,-7.3325872,875,2
-12.195175,-9.002192,876,2
-11.850408,-8.786797,877,2
-12.0950165,-7.006327,878,2
-11.89123,-9.063969,879,2
-12.011313,-8.58683,880,2
-11.622825,-9.134026,881,2
-11.933721,-8.732248,882,2
-11.429702,-8.46193,883,2
-11.733764,-6.5538692,884,2
-11.994547,-8.309384,885,2
-11.392519,-9.752002,886,2
-10.275476,-7.5972238,887,2
-9.346047,-8.834571,888,2
-10.864373,-6.8516264,889,2
-9.435873,-9.665481,890,2
-9.368142,-9.19289,891,2
-9.166813,-8.898404,892,2
-9.133648,-9.862471,893,2
-9.172412,-8.703206,894,2
-9.247992,-9.828337,895,2
-9.501442,-9.70558,896,2
-9.288646,-10.028739,897,2
-9.437451,-10.072644,898,2
-8.746677,-9.795112,899,2
-9.509452,-9.124989,900,2
-9.948826,-7.5014014,901,2
-9.457038,-10.04045,902,2
-9.272027,-8.77817,903,2
-9.1345415,-8.784787,904,2
-8.976158,-9.523845,905,2
-9.059405,-9.400972,906,2
-9.388539,-8.489017,907,2
-9.703481,-10.117428,908,2
-10.276063,-7.435364,909,2
-8.601497,-9.657154,910,2
-9.485214,-8.573399,911,2
-10.145316,-7.829374,912,2
-9.500306,-9.186463,913,2
-9.663814,-8.357614,914,2
-8.721475,-9.777576,915,2
-9.368944,-10.016434,916,2
-9.617948,-10.080821,917,2
-8.4342985,-9.610662,918,2
-8.944042,-8.712202,919,2
-9.410221,-10.058811,920,2
-9.125911,-8.90302,921,2
-9.803405,-7.7835193,922,2
-8.915879,-10.03399,923,2
-9.233789,-8.881981,924,2
-8.990886,-8.684539,925,2
-9.359227,-10.159554,926,2
-9.405352,-9.900689,927,2
-9.708463,-7.839858,928,2
-9.139441,-8.818626,929,2
-9.040425,-8.770581,930,2
-8.662174,-9.772835,931,2
-9.309221,-9.992276,932,2
-8.968149,-8.714068,933,2
-8.937737,-8.6857,934,2
-9.570143,-10.058084,935,2
-9.289292,-8.610557,936,2
-8.926844,-9.638023,937,2
-9.129425,-9.871699,938,2
-9.486163,-9.879262,939,2
-10.060294,-7.4741607,940,2
-9.493677,-9.557181,941,2
-9.806486,-7.6621346,942,2
-8.895536,-8.796924,943,2
-9.009109,-8.751931,944,2
-8.797757,-10.157112,945,2
-8.691739,-9.971052,946,2
-7.9557705,-9.789355,947,2
-9.853046,-7.630813,948,2
-8.744331,-9.995247,949,2
-8.493436,-9.273703,950,2
-8.150442,-10.283134,951,2
-8.364179,-9.902754,952,2
-7.8172655,-9.527724,953,2
-7.7691755,-9.98449,954,2
-8.434424,-9.868429,955,2
-8.213338,-9.089803,956,2
-9.223317,-9.680961,957,2
-8.435393,-10.044764,958,2
-8.924717,-9.711101,959,2
-9.496125,-8.800485,960,2
-10.058435,-7.3239055,961,2
-8.808802,-9.665344,962,2
-9.077041,-8.61363,963,2
-9.483841,-10.001741,964,2
-8.952475,-10.249689,965,2
-9.135485,-8.468596,966,2
-9.394463,-8.758265,967,2
-9.394684,-8.442242,968,2
-9.902613,-10.0318365,969,2
-9.7809305,-7.60479,970,2
-9.978451,-7.567131,971,2
-9.302573,-8.486176,972,2
-9.287262,-8.440787,973,2
-9.499583,-8.382948,974,2
-9.67848,-10.113706,975,2
-9.237955,-8.649262,976,2
-9.59621,-8.035901,977,2
-9.32666,-8.4210825,978,2
-9.219196,-8.752743,979,2
-10.0686455,-7.7454133,980,2
-10.058091,-7.4427366,981,2
-9.780628,-10.010419,982,2
-10.420759,-9.802475,983,2
-9.718542,-7.5246363,984,2
-9.472618,-8.089074,985,2
-10.396523,-7.0963573,986,2
-9.962029,-7.558214,987,2
-9.200996,-8.615344,988,2
-8.808641,-9.772892,989,2
-9.448411,-8.407534,990,2
-9.286414,-7.842285,991,2
-9.848156,-10.225839,992,2
-9.341899,-8.234092,993,2
-10.505457,-9.763632,994,2
-9.548802,-9.244357,995,2
-9.959348,-7.578592,996,2
-9.379718,-8.440967,997,2
-9.423503,-9.183471,998,2
-9.24341,-8.845354,999,2
-9.122523,-8.57521,1000,2
-9.652687,-8.9329605,1001,2
-9.526037,-8.605216,1002,2
-15.8623085,10.158804,1003,0
-10.0781765,-7.47197,1004,2
-9.092941,-8.9186125,1005,2
-9.560834,-8.245241,1006,2
-9.950828,-9.513662,1007,2
-9.390717,-8.427852,1008,2
-10.397757,-7.1952224,1009,2
-9.457374,-9.223428,1010,2
-9.57234,-7.9855533,1011,2
-9.355712,-8.391113,1012,2
-9.751254,-10.2042265,1013,2
-9.441426,-8.486001,1014,2
-9.46576,-8.194176,1015,2
-9.676498,-7.9604034,1016,2
-9.345589,-9.424366,1017,2
-9.572841,-10.1729765,1018,2
-9.50561,-9.342297,1019,2
-9.815919,-7.6289873,1020,2
-9.967969,-7.514297,1021,2
-9.932908,-7.642567,1022,2
-9.739993,-10.182755,1023,2
-9.504105,-8.638195,1024,2
-9.309874,-8.9715,1025,2
-9.042919,-8.873126,1026,2
-9.890259,-7.5681195,1027,2
-9.138986,-8.298812,1028,2
-9.077458,-9.5691595,1029,2
-9.831568,-7.668033,1030,2
-9.521593,-8.984607,1031,2
-9.499687,-9.070925,1032,2
-9.889135,-7.480269,1033,2
-9.894881,-7.730824,1034,2
-9.891442,-7.680708,1035,2
-10.221448,-9.612393,1036,2
-9.547855,-8.031256,1037,2
-9.574418,-9.197825,1038,2
-9.415352,-8.209605,1039,2
-10.206233,-9.088719,1040,2
-9.466267,-9.023851,1041,2
-8.986464,-9.569376,1042,2
-9.283011,-8.932169,1043,2
-9.48987,-8.275356,1044,2
-9.209774,-8.9028225,1045,2
-9.77158,-7.8859468,1046,2
-9.977972,-9.419611,1047,2
-9.784088,-7.960806,1048,2
-10.027533,-8.517129,1049,2
-9.93815,-7.9251413,1050,2
-9.848326,-7.503634,1051,2
-9.335348,-9.907855,1052,2
-10.883425,-8.942306,1053,2
-11.456414,-9.046038,1054,2
-11.596018,-9.077576,1055,2
-10.894716,-7.8330235,1056,2
-10.92545,-9.402454,1057,2
-9.886485,-8.737179,1058,2
-9.794076,-8.529243,1059,2
-9.706871,-8.45564,1060,2
-10.92878,-8.813627,1061,2
-10.606161,-9.109504,1062,2
-10.723147,-8.915361,1063,2
-10.542192,-8.905369,1064,2
-10.50527,-7.177212,1065,2
-10.825901,-6.9486423,1066,2
-10.939924,-8.92969,1067,2
-9.642186,-8.511278,1068,2
-9.7798395,-8.096774,1069,2
-10.612816,-8.903182,1070,2
-11.403151,-9.026885,1071,2
-10.265036,-8.609913,1072,2
-11.339518,-6.9775805,1073,2
-11.13808,-7.1096716,1074,2
-11.350556,-9.196909,1075,2
-10.700259,-9.038369,1076,2
-11.162675,-7.2323136,1077,2
-11.451915,-9.197876,1078,2
-10.744478,-7.414857,1079,2
-11.364294,-9.373835,1080,2
-11.142675,-9.322289,1081,2
-11.112831,-7.5850954,1082,2
-11.531248,-9.026554,1083,2
-11.293659,-9.002506,1084,2
-11.420917,-9.408766,1085,2
-11.475809,-6.9532347,1086,2
-11.449503,-8.857833,1087,2
-11.230865,-9.236624,1088,2
-11.373994,-8.180269,1089,2
-11.646758,-10.221865,1090,2
-11.545607,-9.262244,1091,2
-11.198752,-9.254106,1092,2
-11.293822,-9.393795,1093,2
-11.399158,-9.062417,1094,2
-11.20997,-7.2885747,1095,2
-11.618118,-10.02833,1096,2
-11.49626,-6.680688,1097,2
-11.14738,-7.477649,1098,2
-11.455979,-9.0794115,1099,2
-11.35831,-9.336332,1100,2
-10.368286,-8.042217,1101,2
-11.481825,-7.151046,1102,2
-10.728059,-8.955892,1103,2
-11.237958,-8.874984,1104,2
-10.573965,-8.661292,1105,2
-10.240306,-8.367457,1106,2
-10.543762,-9.041479,1107,2
-9.730042,-7.615788,1108,2
-9.80717,-8.751067,1109,2
-10.6582575,-8.942547,1110,2
-10.114254,-7.5663877,1111,2
-10.255581,-7.4323964,1112,2
-10.392574,-8.813817,1113,2
-10.769766,-8.789748,1114,2
-10.392462,-8.952255,1115,2
-9.880588,-7.7987328,1116,2
-9.414088,-7.941098,1117,2
-6.798448,-9.754696,1118,2
-9.754009,-7.670291,1119,2
-7.434639,-10.662531,1120,2
-6.742297,-9.765112,1121,2
-6.83321,-9.586609,1122,2
-6.989592,-10.034742,1123,2
-6.6026587,-9.82148,1124,2
-6.8826804,-10.387846,1125,2
-7.143323,-10.598619,1126,2
-6.449302,-10.237644,1127,2
-6.520941,-10.359858,1128,2
-6.425022,-10.524934,1129,2
-6.3718038,-10.1346445,1130,2
-6.1407247,-10.382807,1131,2
-5.9569564,-10.384074,1132,2
-5.57355,-10.899185,1133,2
-5.637481,-10.854612,1134,2
-5.564362,-10.901585,1135,2
-5.7529144,-10.815749,1136,2
-5.6579556,-11.073922,1137,2
-5.544111,-10.824531,1138,2
-5.9332595,-11.092056,1139,2
-6.2408586,-10.146844,1140,2
-5.861169,-10.875691,1141,2
-5.8623757,-10.516569,1142,2
-5.752675,-11.031791,1143,2
-5.956097,-11.093148,1144,2
-5.977039,-10.9303465,1145,2
-5.8766694,-11.038183,1146,2
-5.655128,-10.715277,1147,2
-5.8252606,-10.66813,1148,2
-5.7267857,-11.147151,1149,2
-5.8372736,-10.186174,1150,2
-5.7872434,-11.040004,1151,2
-5.7825356,-10.560941,1152,2
-5.6688666,-11.134321,1153,2
-5.727447,-10.780855,1154,2
-5.5356064,-10.923054,1155,2
-5.653297,-10.576523,1156,2
-5.693328,-10.904276,1157,2
-5.7248135,-10.74455,1158,2
-5.678691,-10.486076,1159,2
-5.7939053,-11.075534,1160,2
-5.720579,-10.677184,1161,2
-5.6005597,-10.790343,1162,2
-5.984843,-11.222762,1163,2
-5.6236405,-10.981291,1164,2
-5.826382,-10.562493,1165,2
-5.7566576,-11.375895,1166,2
-5.617905,-10.820311,1167,2
-5.7444687,-11.194074,1168,2
-5.7108393,-10.950288,1169,2
-5.936703,-10.95143,1170,2
-5.651993,-10.966048,1171,2
-5.547046,-10.786135,1172,2
-5.6958804,-10.9617,1173,2
-5.5321546,-10.692955,1174,2
-5.586137,-10.931216,1175,2
-5.5935397,-11.031564,1176,2
-5.540521,-10.949933,1177,2
-5.962743,-10.980862,1178,2
-5.7525644,-10.466046,1179,2
-5.472311,-10.813967,1180,2
-5.7327685,-10.770653,1181,2
-5.7978578,-10.628989,1182,2
-5.758698,-11.021687,1183,2
-5.627345,-10.773268,1184,2
-5.5691376,-10.69139,1185,2
-5.860864,-11.003951,1186,2
-5.5604763,-10.861322,1187,2
-5.6336536,-10.761252,1188,2
-5.7865443,-10.9402895,1189,2
-5.8424487,-11.05686,1190,2
-5.667424,-10.833466,1191,2
-5.761198,-10.456366,1192,2
-5.389755,-10.846328,1193,2
-5.7742987,-10.663427,1194,2
-5.8686714,-10.805579,1195,2
-5.970589,-11.160824,1196,2
-5.8103533,-11.221696,1197,2
-6.144183,-10.470689,1198,2
-5.8047857,-10.4895,1199,2
-5.87483,-10.830383,1200,2
-5.823113,-10.869354,1201,2
-5.692359,-10.411355,1202,2
-5.671807,-10.769075,1203,2
-5.7916384,-10.402144,1204,2
-5.8789845,-10.622303,1205,2
-5.779968,-10.42614,1206,2
-5.7775774,-11.00401,1207,2
-5.6890492,-10.88543,1208,2
-5.526609,-10.793696,1209,2
-5.5471487,-10.376271,1210,2
-5.6664224,-10.471667,1211,2
-5.417417,-10.740238,1212,2
-5.9067693,-11.0802,1213,2
-5.775143,-10.590629,1214,2
-5.658915,-10.292001,1215,2
-5.660047,-11.448545,1216,2
-5.5990167,-11.058297,1217,2
-5.562227,-10.991067,1218,2
-5.641944,-11.277528,1219,2
-5.709972,-10.597474,1220,2
-5.6611257,-10.288937,1221,2
-6.092173,-11.367737,1222,2
-5.7228293,-10.821687,1223,2
-5.414484,-10.125862,1224,2
-5.5869846,-10.2901,1225,2
-5.7480597,-10.875397,1226,2
-5.39922,-10.299632,1227,2
-5.566083,-10.562081,1228,2
-5.006572,-10.423395,1229,2
-5.5385666,-10.60761,1230,2
-5.4121785,-10.297061,1231,2
-5.3888,-10.387053,1232,2
-5.510459,-11.4014435,1233,2
-5.6497827,-11.014931,1234,2
-5.702696,-11.214449,1235,2
-5.6283994,-11.099541,1236,2
-5.065082,-10.311744,1237,2
-5.7563963,-10.704276,1238,2
-5.0027466,-9.790457,1239,2
-4.881899,-9.626726,1240,2
-5.566339,-11.556652,1241,2
-5.6889615,-11.0819025,1242,2
-4.9041586,-9.817785,1243,2
-5.1769085,-10.482222,1244,2
-5.2920747,-10.304545,1245,2
-5.376326,-10.879733,1246,2
-5.5302005,-10.270073,1247,2
-4.8083787,-9.760834,1248,2
-5.5614047,-11.406181,1249,2
-4.952414,-9.5109215,1250,2
-5.348533,-10.563653,1251,2
-5.8943086,-11.325583,1252,2
-5.3182707,-10.087561,1253,2
-5.5624027,-10.215345,1254,2
-5.841219,-11.019872,1255,2
-5.080051,-9.944706,1256,2
-5.522914,-10.499474,1257,2
-5.5523868,-11.067367,1258,2
-5.50612,-10.836423,1259,2
-5.733114,-10.617483,1260,2
-5.5172377,-10.547257,1261,2
-5.1166945,-10.342548,1262,2
-4.9380527,-10.566402,1263,2
-5.7145553,-10.949514,1264,2
-5.896576,-10.835308,1265,2
-5.743299,-11.119444,1266,2
-5.8786297,-10.995597,1267,2
-5.605222,-10.642585,1268,2
-5.2503386,-10.153483,1269,2
-5.6322927,-11.260848,1270,2
-5.707934,-11.144539,1271,2
-6.0868707,-10.046106,1272,2
-5.7173314,-10.78784,1273,2
-5.6581445,-10.2632475,1274,2
-5.888019,-10.341387,1275,2
-6.0184603,-10.397356,1276,2
-6.56093,-10.102154,1277,2
-6.0301456,-11.258624,1278,2
-5.978356,-9.775662,1279,2
-6.4673147,-10.772589,1280,2
-5.9063835,-10.49187,1281,2
-6.194208,-10.543245,1282,2
-6.4586663,-10.782276,1283,2
-6.239808,-10.549277,1284,2
-6.274435,-10.289766,1285,2
-6.418234,-10.740926,1286,2
-6.3523946,-10.6150465,1287,2
-5.837675,-10.119465,1288,2
-5.942394,-10.575713,1289,2
-6.634716,-11.230265,1290,2
-5.68612,-10.143295,1291,2
-6.1589103,-10.275086,1292,2
-6.368395,-10.305473,1293,2
-6.3375506,-10.405004,1294,2
-6.0347548,-10.732829,1295,2
-5.9407425,-10.419831,1296,2
-5.8956413,-10.850644,1297,2
-6.120226,-10.337145,1298,2
-6.0813274,-10.331569,1299,2
-6.803431,-9.850552,1300,2
-6.9378753,-9.855954,1301,2
-6.3346715,-10.367177,1302,2
-6.56309,-10.31228,1303,2
-7.287644,-9.672284,1304,2
-6.6089306,-10.612061,1305,2
-6.6432033,-10.082622,1306,2
-6.3118434,-10.207398,1307,2
-6.2797384,-10.838522,1308,2
-6.4431586,-10.018995,1309,2
-6.3592176,-10.364338,1310,2
-6.4132853,-10.547238,1311,2
-6.565677,-10.76647,1312,2
-6.7361073,-10.4627,1313,2
-6.3165693,-10.623022,1314,2
-6.9637523,-9.853461,1315,2
-7.2657857,-9.609076,1316,2
-6.241428,-10.3874445,1317,2
-6.5809774,-10.752895,1318,2
-6.4005804,-10.86016,1319,2
-6.469817,-10.206204,1320,2
-6.8522615,-10.205273,1321,2
-6.173875,-10.235543,1322,2
-6.0003686,-10.500538,1323,2
-6.404476,-10.74528,1324,2
-6.199632,-10.495092,1325,2
-6.35867,-10.700533,1326,2
-6.3778706,-10.38639,1327,2
-6.327485,-10.183039,1328,2
-6.4018893,-10.24668,1329,2
-6.4120092,-10.4560995,1330,2
-6.536352,-10.620006,1331,2
-6.5037556,-10.613339,1332,2
-6.80708,-10.871237,1333,2
-6.4556236,-10.630044,1334,2
-6.56049,-10.691734,1335,2
-6.6546464,-10.460685,1336,2
-6.695862,-10.688296,1337,2
-6.7168274,-10.309208,1338,2
-6.322076,-10.142151,1339,2
-6.734151,-9.833784,1340,2
-8.002404,-10.787356,1341,2
-5.914006,-9.143736,1342,2
-7.1738286,-10.311117,1343,2
-6.9529886,-9.50166,1344,2
-6.921943,-10.5465145,1345,2
-8.022632,-9.204077,1346,2
-7.0710044,-10.351026,1347,2
-8.196319,-9.2508335,1348,2
-8.53636,-9.331507,1349,2
-7.08763,-9.7057085,1350,2
-8.9449835,-8.976037,1351,2
-8.766119,-9.967704,1352,2
-9.158787,-8.564008,1353,2
-8.552978,-10.338993,1354,2
-8.926814,-8.386173,1355,2
-9.749839,-8.079508,1356,2
-9.200672,-8.664231,1357,2
-9.472044,-8.697915,1358,2
-10.121421,-7.4540777,1359,2
-9.857014,-7.681354,1360,2
-9.321581,-7.8353047,1361,2
-9.229255,-9.664073,1362,2
-9.123765,-8.824225,1363,2
-9.421421,-7.7323728,1364,2
-9.102807,-9.973803,1365,2
-10.055652,-8.82406,1366,2
-9.683251,-9.988277,1367,2
-9.260727,-9.729059,1368,2
-10.446317,-9.25945,1369,2
-10.018203,-7.624033,1370,2
-9.717089,-7.639573,1371,2
-9.776946,-9.631567,1372,2
-10.143496,-9.409888,1373,2
-8.783428,2.7763186,1374,3
-9.870435,-7.615054,1375,2
-9.7673,-9.774329,1376,2
-10.080758,-8.999441,1377,2
-8.431779,2.6491768,1378,3
-10.016972,-7.740676,1379,2
-8.281057,3.1212316,1380,3
-8.628556,3.4986312,1381,3
-8.629989,1.4311836,1382,3
-8.874519,3.4672894,1383,3
-8.551876,3.2596538,1384,3
-8.493381,2.4362319,1385,3
-8.54803,2.8156393,1386,3
-8.570088,1.7250065,1387,3
-8.535124,3.7035139,1388,3
-8.4466505,2.724282,1389,3
-7.927638,1.9572031,1390,3
-8.545484,2.269971,1391,3
-8.457676,1.7722052,1392,3
-8.679233,2.869607,1393,3
-8.60963,3.2158163,1394,3
-6.788516,1.8585163,1395,3
-8.708726,2.566346,1396,3
-8.4383745,2.6591468,1397,3
-8.636219,3.5203905,1398,3
-8.661476,3.8291676,1399,3
-8.30229,1.9669127,1400,3
-8.484253,2.371889,1401,3
-8.133104,2.858041,1402,3
-8.158358,2.1938782,1403,3
-8.354546,1.5214299,1404,3
-8.856303,2.868177,1405,3
-8.501085,1.7264441,1406,3
-8.807959,3.3320303,1407,3
-8.190153,3.910977,1408,3
-7.561218,3.9572237,1409,3
-7.276346,3.8990662,1410,3
-7.5738435,1.5669065,1411,3
-8.134482,1.7371049,1412,3
-8.640997,2.603721,1413,3
-6.72662,3.3636086,1414,3
-8.671248,3.2387235,1415,3
-8.595424,2.594819,1416,3
-8.322746,3.4624472,1417,3
-8.220159,4.004296,1418,3
-8.240787,3.7724862,1419,3
-8.41024,1.5637397,1420,3
-8.679362,3.079415,1421,3
-8.103415,3.828135,1422,3
-8.305644,2.9264915,1423,3
-8.373241,2.786616,1424,3
-7.8205433,3.9272356,1425,3
-7.7635827,0.8180777,1426,3
-9.099512,2.8184505,1427,3
-8.244999,1.6085063,1428,3
-8.89033,2.1535373,1429,3
-8.5543,3.8156507,1430,3
-9.275481,2.9410584,1431,3
-9.42612,2.213157,1432,3
-8.857868,3.7615116,1433,3
-8.925856,3.0104818,1434,3
-9.164054,3.2093067,1435,3
-9.072904,3.9392223,1436,3
-9.80662,2.9146304,1437,3
-9.557164,2.959047,1438,3
-9.4667,1.9411347,1439,3
-9.434675,3.6309872,1440,3
-9.186901,3.265068,1441,3
-9.8133135,2.3523357,1442,3
-9.065129,3.7938557,1443,3
-9.738013,2.5713675,1444,3
-9.776327,2.3233821,1445,3
-9.6621895,2.4957669,1446,3
-8.929738,3.581619,1447,3
-8.781147,3.2503674,1448,3
-9.758218,2.0988195,1449,3
-9.820948,2.5931027,1450,3
-10.011666,2.4697776,1451,3
-9.209857,3.5876906,1452,3
-9.310723,3.2935834,1453,3
-9.783287,2.7015018,1454,3
-9.9039345,2.502314,1455,3
-9.879554,2.5992196,1456,3
-9.103192,3.6884024,1457,3
-9.7330675,2.5448737,1458,3
-10.055077,2.5872502,1459,3
-10.031427,2.9614537,1460,3
-9.151039,3.6619003,1461,3
-9.1534605,3.4636018,1462,3
-9.719312,2.5924442,1463,3
-9.885504,2.989095,1464,3
-10.032511,3.0848143,1465,3
-9.196935,3.5849404,1466,3
-9.890138,2.5106719,1467,3
-9.810118,3.0196638,1468,3
-9.882009,2.3500502,1469,3
-9.677933,2.3851407,1470,3
-9.826019,2.683992,1471,3
-9.883456,2.8000166,1472,3
-9.836151,2.4912217,1473,3
-9.153425,3.7755082,1474,3
-9.952394,2.472057,1475,3
-9.570576,3.005056,1476,3
-7.9858394,1.6968001,1477,3
-9.394479,2.9925215,1478,3
-8.955052,3.7728148,1479,3
-9.636379,2.6921144,1480,3
-9.739991,2.8085067,1481,3
-8.707997,3.8474813,1482,3
-8.595773,4.0934324,1483,3
-8.9588175,3.0333195,1484,3
-9.569827,2.713599,1485,3
-7.909759,2.2939832,1486,3
-8.896577,3.3548229,1487,3
-8.763835,2.8380275,1488,3
-8.21237,3.8894374,1489,3
-9.082787,2.0196755,1490,3
-7.8642783,3.22388,1491,3
-8.498169,3.835872,1492,3
-8.764858,1.5773348,1493,3
-8.8202305,3.6095295,1494,3
-8.330541,3.790126,1495,3
-8.595966,3.08787,1496,3
-8.690197,1.8835442,1497,3
-9.10588,2.609281,1498,3
-9.00356,2.7639244,1499,3
-9.406473,2.287011,1500,3
-7.918325,3.8662465,1501,3
-7.9924183,3.6470325,1502,3
-7.9462857,1.5283998,1503,3
-8.066813,2.832755,1504,3
-8.422576,1.3441613,1505,3
-8.3405695,3.6173766,1506,3
-8.3403,3.0556629,1507,3
-8.967217,2.1639757,1508,3
-8.120812,3.6193254,1509,3
-8.548569,1.6592305,1510,3
-7.9805903,3.7616572,1511,3
-7.427321,3.6948085,1512,3
-8.031465,4.0310154,1513,3
-7.9931965,2.3910737,1514,3
-8.203337,2.6590934,1515,3
-8.292178,1.4779894,1516,3
-8.767042,2.899687,1517,3
-7.52211,4.2928314,1518,3
-6.6997814,0.7142892,1519,3
-7.502117,1.9567269,1520,3
-8.399908,1.6197195,1521,3
-6.5433087,4.035099,1522,3
-6.847217,3.3306677,1523,3
-7.6713867,0.86390126,1524,3
-8.782911,3.3008432,1525,3
-8.600136,1.4930863,1526,3
-7.3505363,3.563781,1527,3
-6.8996964,0.9150997,1528,3
-7.83223,4.108885,1529,3
-7.372056,2.171905,1530,3
-7.570317,2.2796948,1531,3
-8.636473,2.8919837,1532,3
-7.8436947,2.217468,1533,3
-8.328359,3.9456694,1534,3
-7.616826,3.2946782,1535,3
-7.6082964,2.9400306,1536,3
-8.345557,1.6521685,1537,3
-8.142987,2.7477865,1538,3
-8.094744,1.8703328,1539,3
-8.690006,2.6525037,1540,3
-7.8461037,2.3165238,1541,3
-8.427249,2.2612395,1542,3
-7.5912676,2.2841964,1543,3
-7.2906003,3.4924586,1544,3
-7.5800853,1.1636324,1545,3
-8.378861,1.4703768,1546,3
-6.619052,4.3901467,1547,3
-6.77523,3.957092,1548,3
-8.030397,1.8273351,1549,3
-6.9441285,2.6606119,1550,3
-7.805221,0.9893587,1551,3
-8.314173,2.8480897,1552,3
-7.4437556,2.056332,1553,3
-7.016645,3.8789542,1554,3
-7.5279374,2.711099,1555,3
-6.018285,4.014215,1556,3
-7.419225,4.227825,1557,3
-6.924876,2.2338583,1558,3
-7.1617126,2.4179468,1559,3
-5.5259047,3.0269873,1560,3
-6.7437263,0.93237597,1561,3
-7.1883826,1.8329263,1562,3
-7.574519,2.135377,1563,3
-6.7057953,3.5329201,1564,3
-6.9700603,2.1249547,1565,3
-5.9333925,2.2593338,1566,3
-6.17355,0.8144542,1567,3
-7.386838,1.2834193,1568,3
-6.7160716,3.2261217,1569,3
-6.7720323,2.092376,1570,3
-6.48316,2.0465934,1571,3
-5.9558325,3.1030207,1572,3
-7.1822495,1.7361676,1573,3
-7.1889787,1.7656319,1574,3
-6.417532,2.7982316,1575,3
-7.242213,1.0742422,1576,3
-6.8887177,2.3031092,1577,3
-6.600557,3.1750414,1578,3
-6.3990083,1.7330203,1579,3
-7.2300906,3.523221,1580,3
-7.5481954,1.6817235,1581,3
-5.708825,3.3212345,1582,3
-6.923645,1.241973,1583,3
-6.578506,3.3170311,1584,3
-6.3625326,2.0947695,1585,3
-7.2538304,3.4588103,1586,3
-7.0563307,1.234633,1587,3
-6.7429867,4.3735285,1588,3
-6.585935,3.2515974,1589,3
-7.0384736,0.83889127,1590,3
-6.7328725,1.3865101,1591,3
-6.8498287,4.184335,1592,3
-6.3466005,2.947726,1593,3
-6.831665,3.154819,1594,3
-7.5471225,4.0359287,1595,3
-6.2560287,2.0179675,1596,3
-5.836491,1.957461,1597,3
-7.3814054,0.8449462,1598,3
-6.287098,0.7559122,1599,3
-6.632128,3.6976185,1600,3
-7.014564,0.83246607,1601,3
-6.277035,3.034967,1602,3
-6.292325,2.9659562,1603,3
-5.472397,2.7425826,1604,3
-5.5889964,3.4811027,1605,3
-7.0328884,4.232058,1606,3
-7.0201545,1.3618461,1607,3
-7.890828,2.9713612,1608,3
-6.0129275,2.6726005,1609,3
-7.008744,1.2933396,1610,3
-6.7362757,2.1033173,1611,3
-6.123834,1.1740541,1612,3
-6.7979994,2.4427538,1613,3
-7.0276895,1.583999,1614,3
-6.0229487,2.4525099,1615,3
-4.7358384,2.1920602,1616,3
-6.1803446,3.8080454,1617,3
-6.8316674,1.1798787,1618,3
-5.622628,2.9472997,1619,3
-5.996513,2.6784637,1620,3
-6.0769806,2.921633,1621,3
-6.829563,0.516541,1622,3
-5.839887,3.6510282,1623,3
-4.8596706,2.559977,1624,3
-6.278264,1.5542232,1625,3
-5.8674145,2.7900903,1626,3
-5.8389993,2.6003354,1627,3
-5.600504,0.9849495,1628,3
-5.735692,2.5808651,1629,3
-6.0499864,3.4850104,1630,3
-6.433809,3.8641484,1631,3
-6.75697,0.5266052,1632,3
-5.525203,2.6904783,1633,3
-6.075787,4.124433,1634,3
-6.040466,3.3594327,1635,3
-6.9070053,1.6587337,1636,3
-6.023312,3.0412192,1637,3
-7.0599184,1.4662697,1638,3
-6.08258,2.2125304,1639,3
-6.135349,2.782856,1640,3
-6.6405644,1.33701,1641,3
-7.100135,1.9244239,1642,3
-7.274769,4.0350165,1643,3
-6.4056377,2.982922,1644,3
-7.3084064,0.61008215,1645,3
-6.9122834,3.4457777,1646,3
-7.058202,1.631505,1647,3
-6.8017497,3.4413724,1648,3
-6.6414003,3.3171,1649,3
-7.0063148,3.159072,1650,3
-7.0816345,2.5554116,1651,3
-7.226805,1.3477458,1652,3
-7.0514097,1.2982177,1653,3
-7.7680964,0.5489678,1654,3
-5.834136,3.4545844,1655,3
-6.6847315,4.2632933,1656,3
-7.6627545,0.48112842,1657,3
-6.9466057,4.0406585,1658,3
-6.6870546,0.54526865,1659,3
-7.209679,2.6308568,1660,3
-7.1923895,0.9428099,1661,3
-7.7977633,3.2205899,1662,3
-7.2186575,2.8545048,1663,3
-6.9298115,4.5692196,1664,3
-7.040344,0.39639822,1665,3
-6.8015833,3.994015,1666,3
-6.9650936,4.3013463,1667,3
-6.4468293,2.6007845,1668,3
-7.038459,0.34354645,1669,3
-6.9786334,3.896937,1670,3
-7.1832724,0.7556512,1671,3
-7.7664766,2.558749,1672,3
-6.3986626,1.5632601,1673,3
-6.786688,0.95088,1674,3
-6.6978526,2.6391015,1675,3
-6.6503887,3.4584348,1676,3
-6.8870544,2.2855792,1677,3
-6.3560486,1.488051,1678,3
-7.3357434,1.9360335,1679,3
-7.0646925,0.97658575,1680,3
-7.427621,2.1414442,1681,3
-7.666902,3.334292,1682,3
-6.941131,2.1536229,1683,3
-6.1984544,3.1993597,1684,3
-7.371272,2.7917764,1685,3
-7.320361,4.5746837,1686,3
-7.1038504,1.6584588,1687,3
-7.135701,2.445619,1688,3
-6.7132235,0.47021076,1689,3
-7.6407065,2.162168,1690,3
-7.2475123,3.5157688,1691,3
-7.20462,0.8604775,1692,3
-7.214976,1.040304,1693,3
-6.888643,1.0512294,1694,3
-7.3741264,3.7757683,1695,3
-7.2341743,1.4027689,1696,3
-7.4795537,0.86488694,1697,3
-6.322784,3.577198,1698,3
-6.957499,3.914478,1699,3
-7.459238,0.81859356,1700,3
-7.5665436,1.1856158,1701,3
-7.147545,0.98357683,1702,3
-6.719863,2.946078,1703,3
-7.0270824,2.4960933,1704,3
-6.424795,2.8693838,1705,3
-8.694421,2.9078374,1706,3
-7.088378,0.92017585,1707,3
-7.4287014,4.134411,1708,3
-7.35696,0.74937725,1709,3
-6.5867457,3.9632957,1710,3
-6.3802643,2.236667,1711,3
-6.699755,2.9864655,1712,3
-7.579149,0.77054715,1713,3
-6.853424,1.9005364,1714,3
-6.774176,1.6759415,1715,3
-7.00133,3.0264974,1716,3
-7.6083975,4.606211,1717,3
-4.716689,3.5056062,1718,3
-7.6386833,4.2481833,1719,3
-8.025382,2.738915,1720,3
-7.458525,0.46771595,1721,3
-7.707102,3.072142,1722,3
-6.515467,3.020043,1723,3
-7.227252,0.4082403,1724,3
-6.864605,3.5764825,1725,3
-7.520071,3.106162,1726,3
-7.0915747,1.7074157,1727,3
-7.01357,1.021053,1728,3
-7.547368,2.0782218,1729,3
-7.0332737,1.6487279,1730,3
-7.516951,3.249332,1731,3
-6.994432,3.5543516,1732,3
-7.5500746,0.79968655,1733,3
-7.011927,4.423923,1734,3
-7.048593,1.0659038,1735,3
-7.141777,2.2682884,1736,3
-7.039551,1.711129,1737,3
-7.1200614,1.612976,1738,3
-7.370813,1.896837,1739,3
-7.3992577,0.7016293,1740,3
-7.35009,2.5928795,1741,3
-6.4079547,3.5794334,1742,3
-7.3748293,2.6256862,1743,3
-7.4009647,2.9114304,1744,3
-7.055177,4.0213013,1745,3
-7.242894,0.5890228,1746,3
-7.183849,0.6753443,1747,3
-7.182225,1.3723903,1748,3
-6.5307565,1.8801204,1749,3
-7.1968455,2.584046,1750,3
-6.624055,3.6727817,1751,3
-7.086589,0.49763003,1752,3
-7.2465153,2.0161743,1753,3
-6.6556373,0.87292165,1754,3
-6.884794,1.0294147,1755,3
-6.9228005,1.7104311,1756,3
-6.908956,3.2471037,1757,3
-7.074366,4.404465,1758,3
-6.6097183,0.45825,1759,3
-7.3182425,3.7567968,1760,3
-6.5259504,3.4620845,1761,3
-6.7441716,3.767505,1762,3
-6.8220696,2.4975905,1763,3
-6.6961884,3.2610729,1764,3
-6.579647,2.9463437,1765,3
-7.394308,2.1878972,1766,3
-7.0846,2.170715,1767,3
-8.020528,0.80937123,1768,3
-5.1074514,3.1081707,1769,3
-7.145465,0.9124793,1770,3
-7.6939077,0.7075472,1771,3
-6.9102864,0.37249616,1772,3
-6.1928773,3.734532,1773,3
-6.890074,4.1686525,1774,3
-7.220739,0.9544617,1775,3
-7.222591,0.7882269,1776,3
-9.01201,3.1230073,1777,3
-6.3233123,4.122768,1778,3
-5.194167,3.0046933,1779,3
-6.2143073,0.4990472,1780,3
-7.6158466,2.6637764,1781,3
-7.521054,0.6947186,1782,3
-6.7986298,3.020322,1783,3
-5.467461,4.254458,1784,3
-6.544292,1.202972,1785,3
-8.450878,0.7555171,1786,3
-6.4248576,4.0295315,1787,3
-6.213331,4.0124,1788,3
-6.287828,1.4824944,1789,3
-6.506808,1.656916,1790,3
-6.860843,4.2573414,1791,3
-6.425972,1.4173689,1792,3
-5.791663,2.2735095,1793,3
-6.4176273,2.5957835,1794,3
-5.3583145,1.8578719,1795,3
-5.949378,1.6545826,1796,3
-6.4593916,3.7145429,1797,3
-6.0832033,1.3040535,1798,3
-5.6524754,1.9557909,1799,3
-4.3631096,1.661972,1800,3
-5.158702,1.330834,1801,3
-5.625262,1.5980347,1802,3
-6.5395055,0.26442927,1803,3
-7.131363,2.8429167,1804,3
-7.415938,4.0437684,1805,3
-5.941652,2.5692472,1806,3
-6.9287295,2.656897,1807,3
-6.4899893,0.8695424,1808,3
-6.6227307,2.9311788,1809,3
-5.825424,1.2305979,1810,3
-6.4100943,3.7999635,1811,3
-6.7763367,1.4171603,1812,3
-5.4863224,2.146688,1813,3
-6.425362,0.7243595,1814,3
-5.466549,2.1088634,1815,3
-5.8268633,1.8218493,1816,3
-5.7359085,3.0087118,1817,3
-5.837356,2.2345266,1818,3
-6.342721,0.5649443,1819,3
-5.523314,2.9825444,1820,3
-6.3490047,2.403404,1821,3
-5.537589,2.3871946,1822,3
-6.1494126,4.2246046,1823,3
-5.67358,2.025943,1824,3
-5.9024334,4.0958185,1825,3
-5.89645,4.274075,1826,3
-5.622527,2.069474,1827,3
-5.8478885,1.987904,1828,3
-6.1566424,3.5012074,1829,3
-6.251066,0.48085555,1830,3
-5.628677,2.6639922,1831,3
-5.970379,3.9764612,1832,3
-6.1635175,4.1725636,1833,3
-7.003104,0.88771135,1834,3
-5.8228507,4.3612695,1835,3
-6.3926177,0.35591498,1836,3
-5.956364,3.3235903,1837,3
-6.396603,2.1617885,1838,3
-6.762524,2.666273,1839,3
-6.304796,1.0305068,1840,3
-6.5296392,0.5963472,1841,3
-6.0460153,0.9666636,1842,3
-6.801845,4.078621,1843,3
-7.458111,0.79340774,1844,3
-4.5150795,2.866081,1845,3
-5.828464,3.6538205,1846,3
-6.303483,0.56808054,1847,3
-5.2529845,3.2005296,1848,3
-6.2560844,0.43982294,1849,3
-4.652349,2.780671,1850,3
-5.155849,4.2640905,1851,3
-5.8045053,4.279747,1852,3
-5.855486,1.3136673,1853,3
-6.067544,0.9589553,1854,3
-5.8618007,3.920152,1855,3
-5.3143706,1.729452,1856,3
-6.3004346,4.1805134,1857,3
-5.9694166,1.0334659,1858,3
-5.930432,1.3520023,1859,3
-5.351353,3.374682,1860,3
-5.349169,2.3070815,1861,3
-5.3771634,0.7324963,1862,3
-5.387828,1.49997,1863,3
-5.2430677,2.4521813,1864,3
-5.5194254,3.2933207,1865,3
-5.2255526,2.985864,1866,3
-5.760953,0.7267154,1867,3
-5.56999,2.2426715,1868,3
-5.2342563,2.4082887,1869,3
-6.1124654,0.6161622,1870,3
-5.26291,1.8489213,1871,3
-3.9679446,2.6680977,1872,3
-5.546566,1.7796006,1873,3
-4.73264,2.5184677,1874,3
-5.5963187,2.9438865,1875,3
-5.206954,2.0687613,1876,3
-5.665465,1.3495705,1877,3
-5.304168,1.7774147,1878,3
-5.848461,0.6934967,1879,3
-5.721241,0.33939767,1880,3
-5.307987,4.5047374,1881,3
-5.995168,1.0869901,1882,3
-5.4008145,4.4373975,1883,3
-5.2297974,1.9890763,1884,3
-5.5160203,3.048774,1885,3
-6.2522116,0.6924484,1886,3
-5.5546284,3.392503,1887,3
-6.903688,2.9821174,1888,3
-6.72482,3.9582033,1889,3
-5.587551,0.58388925,1890,3
-6.473774,1.8122417,1891,3
-5.6885223,2.9982374,1892,3
-4.594689,2.026123,1893,3
-3.5329292,1.581087,1894,3
-4.672838,2.399661,1895,3
-5.7486935,2.0990598,1896,3
-4.6994305,3.2348995,1897,3
-4.82774,1.0507772,1898,3
-3.4083915,4.032149,1899,3
-2.688291,0.5186952,1900,3
-3.3158894,4.3113585,1901,3
-4.337251,1.0888863,1902,3
-4.1976566,-0.4812037,1903,3
-3.7893078,0.93527985,1904,3
-1.939502,3.4762247,1905,3
-3.2816467,2.8862734,1906,3
-4.5959992,3.8563845,1907,3
-4.3737674,3.9809084,1908,3
-5.275223,0.72017086,1909,3
-5.255964,3.5942383,1910,3
-4.700196,3.4294977,1911,3
-5.2907524,0.61388165,1912,3
-4.916193,2.561218,1913,3
-5.273755,2.0196693,1914,3
-4.499525,3.0216043,1915,3
-4.1583424,2.4392834,1916,3
-5.001664,1.6866666,1917,3
-4.8471704,1.4974992,1918,3
-4.2327533,2.4318044,1919,3
-3.9253228,0.43548748,1920,3
-5.6568565,4.2385564,1921,3
-5.3551617,3.0344207,1922,3
-4.440768,2.7546723,1923,3
-4.4707603,2.881518,1924,3
-5.1734676,0.8043053,1925,3
-3.8971705,2.507849,1926,3
-4.321413,2.871524,1927,3
-4.273265,2.282643,1928,3
-4.304951,2.8726323,1929,3
-4.219941,0.40172082,1930,3
-3.8807087,1.880325,1931,3
-5.054106,2.0505104,1932,3
-4.928086,1.8416615,1933,3
-4.1058087,3.5848246,1934,3
-5.0889893,1.6804687,1935,3
-2.9225454,1.503993,1936,3
-4.974714,-0.03396556,1937,3
-2.557277,2.7274425,1938,3
-4.801705,1.0360615,1939,3
-4.4619465,3.3305912,1940,3
-3.1846557,3.1538746,1941,3
-4.87152,1.9010397,1942,3
-4.809348,2.0529323,1943,3
-5.424027,2.3392906,1944,3
-4.345898,2.4722617,1945,3
-4.6440244,3.033539,1946,3
-4.9465785,0.2942808,1947,3
-4.498544,2.6118448,1948,3
-4.617077,2.6536784,1949,3
-4.5483975,1.650205,1950,3
-3.8121185,3.2880068,1951,3
-5.8101144,0.32168624,1952,3
-4.551013,2.3289208,1953,3
-4.3632917,3.0364866,1954,3
-2.2668836,3.6541936,1955,3
-4.646725,1.7508532,1956,3
-5.03356,1.1927594,1957,3
-4.30927,1.0388488,1958,3
-4.2676935,3.4239337,1959,3
-4.221906,2.275464,1960,3
-4.3894954,3.0707161,1961,3
-2.96034,2.487409,1962,3
-4.433474,0.111756586,1963,3
-4.1826925,2.3235123,1964,3
-4.316928,3.50687,1965,3
-4.6275554,3.388478,1966,3
-4.3059626,1.8942455,1967,3
-4.6125174,2.0506759,1968,3
-4.1779284,2.8420014,1969,3
-4.1295342,3.6188447,1970,3
-4.63651,1.2866968,1971,3
-4.6304345,2.2180526,1972,3
-4.322867,3.0193424,1973,3
-4.47072,3.1317077,1974,3
-4.5485616,3.4199703,1975,3
-4.186834,1.9726601,1976,3
-4.8908076,2.6299,1977,3
-5.3444886,0.2510964,1978,3
-4.2228327,3.6240299,1979,3
-4.8266134,2.7187548,1980,3
-4.7260737,3.0034032,1981,3
-4.724715,2.938636,1982,3
-4.7041464,2.795791,1983,3
-5.0369205,2.407655,1984,3
-4.335859,2.934144,1985,3
-4.567312,3.1986666,1986,3
-4.922613,2.2164896,1987,3
-5.7602334,4.2718973,1988,3
-5.579874,2.3259506,1989,3
-4.814288,2.8938324,1990,3
-5.5188403,1.4085702,1991,3
-5.232756,2.1926985,1992,3
-4.7580795,2.7952523,1993,3
-4.560689,2.2178504,1994,3
-4.4128475,3.3563795,1995,3
-4.7440877,1.5382568,1996,3
-4.8016825,2.4486458,1997,3
-4.245589,2.6063523,1998,3
-6.123762,0.73590577,1999,3
-5.3667865,2.8097823,2000,3
-5.2331934,3.4253092,2001,3
-5.120815,0.62486863,2002,3
-3.706216,2.437736,2003,3
-4.0548224,0.5093099,2004,3
-4.4613414,3.1686409,2005,3
-3.897863,1.8899748,2006,3
-4.180382,4.3127246,2007,3
-3.8276112,3.4833953,2008,3
-4.659976,-0.7202368,2009,3
-2.3335392,1.7677649,2010,3
-1.7044045,2.7876122,2011,3
-2.0313704,3.015537,2012,3
-4.3254657,2.7696667,2013,3
-4.1726413,2.6233416,2014,3
-1.2258593,3.122157,2015,3
-2.5333917,2.477249,2016,3
-3.2360506,1.2796845,2017,3
-3.6842093,3.0468361,2018,3
-3.6965714,2.4686713,2019,3
-4.2482605,3.4242818,2020,3
-4.1405416,2.79919,2021,3
-5.1160583,0.15858635,2022,3
-3.717249,3.536817,2023,3
-4.7131424,1.5645574,2024,3
-4.3921223,2.7310512,2025,3
-4.409365,2.020365,2026,3
-3.7275932,3.277986,2027,3
-2.9708092,3.1798387,2028,3
-3.5934412,3.8364859,2029,3
-4.823094,1.3240018,2030,3
-3.783899,0.65871406,2031,3
-2.7324858,2.6408377,2032,3
-3.2974293,3.4179654,2033,3
-3.862728,0.9870865,2034,3
-4.5290947,1.6038343,2035,3
-2.3751092,3.1450942,2036,3
-3.8813543,2.372445,2037,3
-3.3186903,0.6105609,2038,3
-4.2101994,2.6519704,2039,3
-3.5462434,4.299373,2040,3
-4.8268495,-0.34345815,2041,3
-3.9352677,3.568369,2042,3
-5.144714,0.44124192,2043,3
-5.691509,0.22028019,2044,3
-4.224114,2.3008041,2045,3
-4.2458696,3.9760666,2046,3
-2.461608,-0.08243249,2047,3
-4.2327,0.7790853,2048,3
-2.9965537,3.021589,2049,3
-4.516424,2.4750805,2050,3
-3.5811157,3.163644,2051,3
-5.051739,2.8721077,2052,3
-5.898058,0.89248186,2053,3
-4.9900584,3.0892375,2054,3
-5.2171693,1.5879552,2055,3
-5.567633,4.068479,2056,3
-5.247149,2.7959702,2057,3
-5.68911,3.2498417,2058,3
-4.5027575,1.4790312,2059,3
-4.823754,3.553612,2060,3
-5.2781925,3.1797743,2061,3
-6.1631722,0.91393596,2062,3
-5.2720866,3.2492008,2063,3
-6.1357694,4.0184093,2064,3
-5.6022453,3.0408092,2065,3
-4.641041,2.7365568,2066,3
-5.083101,2.3620176,2067,3
-5.4502354,3.4919405,2068,3
-6.6481137,2.0148394,2069,3
-5.4889164,4.2309027,2070,3
-5.7187366,3.3780632,2071,3
-5.939122,2.052195,2072,3
-6.0701184,3.0251193,2073,3
-6.7019525,0.9888561,2074,3
-5.423158,3.2606578,2075,3
-5.8630886,-0.18941109,2076,3
-5.259773,1.3840163,2077,3
-5.5883017,3.3131168,2078,3
-5.724095,2.1237833,2079,3
-5.667886,3.6703222,2080,3
-5.699284,1.2192308,2081,3
-5.7040257,3.6528854,2082,3
-4.562298,1.9491994,2083,3
-5.0741544,3.2939742,2084,3
-5.5271945,2.7927,2085,3
-5.349576,2.7338552,2086,3
-5.303151,2.5331647,2087,3
-6.5434194,4.069649,2088,3
-5.1261263,3.3429,2089,3
-5.5954905,1.9625455,2090,3
-5.951834,2.672372,2091,3
-5.4867015,2.8364894,2092,3
-5.7176747,3.1422803,2093,3
-6.088857,2.2853832,2094,3
-6.1794505,1.9076974,2095,3
-6.3348203,2.6854818,2096,3
-6.1684074,4.226945,2097,3
-5.6193337,3.3933554,2098,3
-5.5442123,0.6454541,2099,3
-6.6493907,1.0269843,2100,3
-6.0220423,3.1140292,2101,3
-5.4773784,2.3649697,2102,3
-5.553506,2.4387167,2103,3
-5.967351,2.4973612,2104,3
-5.6928287,3.560314,2105,3
-5.414508,2.8082147,2106,3
-6.326154,2.8361192,2107,3
-5.538038,3.400867,2108,3
-5.508477,0.635533,2109,3
-7.1024547,1.5273917,2110,3
-4.7197466,3.5282986,2111,3
-5.670908,2.8591747,2112,3
-5.982513,0.99821806,2113,3
-6.9220414,1.6761843,2114,3
-6.283509,2.893999,2115,3
-6.263989,4.2207675,2116,3
-5.5190196,2.4160764,2117,3
-6.6581087,1.058867,2118,3
-6.1893244,0.83126634,2119,3
-5.979075,0.76506263,2120,3
-5.217644,3.994613,2121,3
-4.907389,2.0105777,2122,3
-4.499774,2.0892298,2123,3
-5.088463,3.6349995,2124,3
-5.1999907,2.4887838,2125,3
-3.5227873,2.7496078,2126,3
-5.474001,3.1511283,2127,3
-3.5286589,0.2671692,2128,3
-4.3898897,2.3486836,2129,3
-3.9565134,1.8735957,2130,3
-3.5947733,2.85628,2131,3
-4.053698,0.5628859,2132,3
-3.8722358,2.777731,2133,3
-3.9687245,2.7633271,2134,3
-5.1795335,0.5263327,2135,3
-4.9886627,1.0582991,2136,3
-3.667644,3.9876711,2137,3
-3.7152367,2.9800737,2138,3
-4.447577,1.4855765,2139,3
-4.061484,3.7208605,2140,3
-4.1989083,3.290534,2141,3
-3.358956,1.3866806,2142,3
-4.5569983,3.7278452,2143,3
-6.464159,2.6457186,2144,3
-5.6866126,0.56188637,2145,3
-3.8872588,2.6320395,2146,3
-5.3920655,1.0185394,2147,3
-6.394407,1.1180819,2148,3
-4.8016505,3.45992,2149,3
-4.2890663,0.9196577,2150,3
-3.578648,1.9248036,2151,3
-4.221358,3.5601475,2152,3
-3.2439709,1.5303851,2153,3
-3.340189,2.083681,2154,3
-4.6530275,1.5042518,2155,3
-3.7471318,2.3003302,2156,3
-3.0434844,2.4733853,2157,3
-4.470877,1.228976,2158,3
-4.921566,2.8086069,2159,3
-3.6978981,1.5180591,2160,3
-4.5937004,0.8805205,2161,3
-4.138851,2.1743028,2162,3
-3.6658742,4.2274003,2163,3
-3.9026144,2.4325767,2164,3
-4.7237225,1.2431281,2165,3
-4.3460293,0.56964624,2166,3
-2.776839,1.4342301,2167,3
-4.6749864,3.6115935,2168,3
-5.2921524,1.6691091,2169,3
-4.742439,1.7806424,2170,3
-5.7161922,3.90114,2171,3
-5.871898,3.838711,2172,3
-4.433558,3.3748693,2173,3
-3.882406,2.57417,2174,3
-5.362511,0.62240565,2175,3
-4.9701333,3.9505365,2176,3
-4.571061,3.7959614,2177,3
-3.8118947,3.9273994,2178,3
-4.257199,3.2669315,2179,3
-4.878363,3.583244,2180,3
-6.0430994,3.9696326,2181,3
-4.887328,3.5111225,2182,3
-6.0916495,2.5007854,2183,3
-5.733493,3.042831,2184,3
-4.3053713,1.9146702,2185,3
-5.140175,4.3209705,2186,3
-5.0507703,2.599922,2187,3
-5.484626,0.82797736,2188,3
-4.6390896,3.3364227,2189,3
-5.752919,3.1741219,2190,3
-5.39634,0.7878634,2191,3
-4.8851843,2.5452204,2192,3
-4.6895957,2.9557426,2193,3
-4.6012073,2.8477285,2194,3
-5.3884935,3.3196468,2195,3
-5.6723013,0.45949402,2196,3
-5.4339795,3.0229156,2197,3
-4.9177976,3.217671,2198,3
-4.594966,3.0801945,2199,3
-4.7624297,3.8789864,2200,3
-3.8618011,1.8845692,2201,3
-5.5109735,3.3296423,2202,3
-5.697216,3.1036358,2203,3
-6.456122,0.8209937,2204,3
-5.268412,2.0024295,2205,3
-4.538982,1.9499208,2206,3
-5.6958017,2.133873,2207,3
-4.856988,2.4494905,2208,3
-6.730405,1.1752431,2209,3
-4.895152,2.3967438,2210,3
-5.61095,3.7560906,2211,3
-5.9570956,0.8258553,2212,3
-4.7379837,3.153455,2213,3
-5.4818034,3.492846,2214,3
-4.973873,2.5434663,2215,3
-5.6295986,0.94905466,2216,3
-5.9698114,0.11178642,2217,3
-4.7106395,4.4866433,2218,3
-4.2654147,0.65981114,2219,3
-5.658448,4.1162915,2220,3
-5.655101,1.5362557,2221,3
-5.352844,2.5967891,2222,3
-6.56938,0.8940615,2223,3
-6.3608236,1.7880161,2224,3
-5.276441,3.1995184,2225,3
-5.110013,2.9379413,2226,3
-5.1764426,2.4671915,2227,3
-5.7219977,0.310274,2228,3
-5.137556,4.482867,2229,3
-6.442218,3.818334,2230,3
-5.809638,2.335355,2231,3
-5.1576986,3.5792084,2232,3
-6.127024,1.0285277,2233,3
-7.980641,2.1891637,2234,3
-5.215409,4.068038,2235,3
-4.953251,2.6559613,2236,3
-6.62099,0.80593765,2237,3
-5.693767,2.8834062,2238,3
-4.659733,3.634585,2239,3
-5.6420608,0.46071556,2240,3
-7.571714,2.0841887,2241,3
-4.6117754,2.119157,2242,3
-4.973687,3.901912,2243,3
-2.4943125,1.9581966,2244,3
-3.6162517,1.9073936,2245,3
-3.9201565,3.251905,2246,3
-3.426501,3.3414426,2247,3
-4.087958,0.36508808,2248,3
-3.9875472,0.56560993,2249,3
-4.7574925,0.7917695,2250,3
-3.8824475,3.785507,2251,3
-4.2702394,1.2994139,2252,3
-3.4442852,2.1665788,2253,3
-4.0843596,2.1605358,2254,3
-3.5406342,2.4188242,2255,3
-3.8323355,1.7360302,2256,3
-2.7491522,3.0446033,2257,3
-3.9253411,0.86371183,2258,3
-2.6470566,2.454216,2259,3
-1.8735584,1.9205004,2260,3
-1.365328,2.1166828,2261,3
-3.9174228,0.5858034,2262,3
-1.6775998,2.6686544,2263,3
-2.0866518,2.1205902,2264,3
-1.4550036,2.7991698,2265,3
-1.6637958,2.1103926,2266,3
-4.5670385,0.6775743,2267,3
-1.4204618,3.515653,2268,3
-2.6721067,1.7702838,2269,3
-2.365591,1.8763258,2270,3
-1.7908508,3.5868444,2271,3
-3.7222104,1.264319,2272,3
-2.024392,1.4761529,2273,3
-1.9197645,2.6371572,2274,3
-1.2609525,0.08458083,2275,3
-1.4561296,1.0439916,2276,3
-3.1514306,3.9759066,2277,3
-3.9507031,2.5026813,2278,3
-3.6699986,0.932009,2279,3
-0.15646201,2.55296,2280,3
-1.6581706,2.929525,2281,3
-1.981375,2.7350261,2282,3
-1.8876688,2.178279,2283,3
-2.104273,3.8802047,2284,3
-1.6835072,-0.46239385,2285,3
0.5715045,-0.25037172,2286,3
-2.4510972,2.3216183,2287,3
-0.2931911,1.5967581,2288,3
0.38718298,1.1401309,2289,3
0.4447419,2.0217478,2290,3
0.81895804,2.2690992,2291,3
0.8747195,2.1309743,2292,3
1.4432096,-1.5570921,2293,3
2.4548252,0.7517675,2294,3
-0.6811518,3.3735545,2295,3
-0.93108934,-0.055343684,2296,3
0.0797599,0.69397056,2297,3
-0.15246998,0.55459446,2298,3
-0.3210623,0.21859026,2299,3
0.34680286,3.3658962,2300,3
0.4874315,1.0897506,2301,3
-0.38316068,3.723063,2302,3
-0.35376108,2.132006,2303,3
-0.9037852,2.841826,2304,3
-1.0116605,-0.6273346,2305,3
-0.4609737,-0.8941378,2306,3
0.6824344,2.063214,2307,3
0.04095737,3.7150393,2308,3
-0.57226604,0.5109939,2309,3
-1.1771442,0.21654473,2310,3
-0.351,-0.38015422,2311,3
0.68628246,2.0957413,2312,3
-0.64571613,0.79631764,2313,3
-1.1452914,1.1794938,2314,3
-1.3721536,0.1543725,2315,3
0.8284815,4.3543267,2316,3
-0.84489906,2.2832315,2317,3
-1.6272385,2.8832853,2318,3
-1.3965383,3.3963256,2319,3
-0.23118451,-0.051036436,2320,3
1.0449814,1.1111076,2321,3
0.96363384,2.4975328,2322,3
-0.1555614,0.2146137,2323,3
-0.090105385,0.71953624,2324,3
0.5297127,1.0841249,2325,3
1.0921329,1.5082246,2326,3
1.0667523,1.1802994,2327,3
0.5770451,0.8139134,2328,3
0.3313132,0.8934599,2329,3
1.3175173,2.9369094,2330,3
0.83887196,-0.7321036,2331,3
1.6136981,1.9100424,2332,3
1.3758202,-0.6375444,2333,3
0.39272878,3.168422,2334,3
0.3725969,0.33358487,2335,3
3.6601002,3.5001123,2336,3
1.7926242,-1.4138899,2337,3
1.6808318,-0.694908,2338,3
2.1401908,-0.68612534,2339,3
2.91787,0.8773153,2340,3
1.6630716,2.4341307,2341,3
1.5321295,2.6958206,2342,3
2.3862617,0.76427233,2343,3
2.0664985,0.03878806,2344,3
2.9882205,-0.19986571,2345,3
4.967532,0.98730963,2346,3
3.5664377,-0.6983607,2347,3
1.7402514,1.7699609,2348,3
-0.6800661,2.4942985,2349,3
-1.3326497,2.9838965,2350,3
-0.43068057,0.70385516,2351,3
-0.32932836,3.3809657,2352,3
2.2628837,-0.01303015,2353,3
0.12119367,0.013773355,2354,3
0.89159554,2.3041365,2355,3
-0.03959352,0.46763152,2356,3
0.123417184,2.7558131,2357,3
0.46456406,-1.0739903,2358,3
0.6832275,0.5862908,2359,3
0.13132957,-0.7357073,2360,3
-0.03331568,2.5121427,2361,3
-1.2757185,0.2659212,2362,3
0.72387284,3.4121828,2363,3
2.4672105,1.4562609,2364,3
1.8109725,0.55220133,2365,3
0.9463123,3.0366466,2366,3
0.58858913,0.77001715,2367,3
0.12707056,0.2454228,2368,3
2.0557754,1.657726,2369,3
1.3646045,3.5841281,2370,3
0.6014168,-0.025463786,2371,3
0.7500905,-0.3491027,2372,3
0.46638307,0.75769776,2373,3
1.6432319,2.6496313,2374,3
0.97705716,3.0599642,2375,3
0.001015724,-0.57623875,2376,3
1.5419497,2.5698893,2377,3
1.2155633,-0.6701046,2378,3
1.2725949,2.8409493,2379,3
0.21860646,2.0091312,2380,3
0.17745607,-0.3987579,2381,3
0.93846756,-0.84113526,2382,3
0.6984478,1.3000687,2383,3
1.4706764,3.9017475,2384,3
1.4885622,-1.457738,2385,3
1.2457085,-1.4051596,2386,3
2.6141353,0.9168277,2387,3
2.9878008,0.9869764,2388,3
1.3569655,2.3545394,2389,3
2.1476066,0.319655,2390,3
0.22924978,-0.5510569,2391,3
0.25440294,0.3801721,2392,3
1.8941009,-1.4686636,2393,3
2.3366563,1.7613696,2394,3
0.19518377,-0.36970007,2395,3
2.944028,0.44222006,2396,3
1.7369674,2.5416298,2397,3
1.4777027,2.5772097,2398,3
0.85574925,-0.6102216,2399,3
1.7751621,3.0950563,2400,3
1.0237173,1.6386788,2401,3
2.0194921,3.9644103,2402,3
1.6296501,3.0627408,2403,3
1.2965353,-0.48926866,2404,3
0.57746637,-0.596892,2405,3
0.37500483,-0.45252648,2406,3
2.6330395,0.8824473,2407,3
1.8183215,1.051033,2408,3
2.1828346,-0.7398886,2409,3
2.4446392,3.2741141,2410,3
2.2727146,4.1578636,2411,3
2.2790031,-0.04529309,2412,3
1.55652,2.8410397,2413,3
0.15346631,-0.2148632,2414,3
0.7857065,1.4763875,2415,3
1.2146381,0.4150215,2416,3
0.5322891,-0.22180489,2417,3
1.7693691,2.9806118,2418,3
1.7995687,-2.211324,2419,3
1.0496168,1.1820929,2420,3
2.221564,1.3580644,2421,3
3.0437942,4.523613,2422,3
1.8414114,1.7179254,2423,3
1.388185,-0.4479288,2424,3
2.6915107,4.2905035,2425,3
2.2471206,-1.0073962,2426,3
1.8608117,0.5347179,2427,3
2.4364924,2.4904497,2428,3
3.376774,-1.5185632,2429,3
2.8770468,1.6535904,2430,3
4.022381,1.2716668,2431,3
4.815962,2.3216522,2432,3
1.6488813,-0.21589108,2433,3
5.104334,-0.98009044,2434,3
3.0480516,4.453113,2435,3
1.8125621,0.6491292,2436,3
4.7962217,1.6112627,2437,3
2.0648558,3.1755388,2438,3
1.920251,1.6991699,2439,3
1.3812027,0.3063206,2440,3
2.4613276,1.1483566,2441,3
3.5936806,0.37566522,2442,3
5.137192,1.0498358,2443,3
2.2525759,1.928572,2444,3
2.1879346,-1.4146882,2445,3
2.6109204,2.0665555,2446,3
2.6262846,4.915164,2447,3
1.2095475,-0.9669485,2448,3
1.3744143,-1.01635,2449,3
3.4239838,-1.2722924,2450,3
3.128201,1.5342791,2451,3
3.3193767,3.3458045,2452,3
2.9337876,2.2194352,2453,3
3.036829,0.60046375,2454,3
2.0762637,-1.1628408,2455,3
2.8454204,1.931434,2456,3
3.4762008,1.1445656,2457,3
3.761385,3.9711232,2458,3
2.6609826,0.41096792,2459,3
2.8161502,3.5276134,2460,3
2.738575,-0.17263658,2461,3
3.2358842,2.634508,2462,3
3.3134336,2.777094,2463,3
2.0076444,3.9928424,2464,3
2.3256233,0.8728792,2465,3
3.4706588,3.0836954,2466,3
3.8224418,1.2375178,2467,3
4.1435957,2.2269242,2468,3
1.7455227,0.82289225,2469,3
2.8295603,2.8732429,2470,3
3.3183496,0.25408652,2471,3
3.9756033,2.8485632,2472,3
1.5803353,-1.4707952,2473,3
1.7242063,-0.040798698,2474,3
3.7174697,-1.2514569,2475,3
4.0107827,3.472473,2476,3
3.0271769,-1.2703024,2477,3
3.869698,2.8712628,2478,3
2.8655555,3.6577497,2479,3
2.9767723,-0.9778091,2480,3
2.7838435,-0.7066588,2481,3
3.9144118,-0.5720756,2482,3
1.5550323,-0.31525078,2483,3
2.4762747,2.0667658,2484,3
1.4837592,0.31666613,2485,3
0.6394004,3.497744,2486,3
0.73558366,1.6901112,2487,3
2.4709656,3.0172687,2488,3
2.914314,1.519326,2489,3
2.0266902,2.8920028,2490,3
2.1138792,0.27805454,2491,3
1.2587521,1.862513,2492,3
0.06666805,3.4618235,2493,3
1.433111,0.8241291,2494,3
2.7568927,2.9036584,2495,3
3.9040532,2.5613658,2496,3
0.40118963,0.7622034,2497,3
1.3634337,2.1707313,2498,3
2.5967796,2.164161,2499,3
1.5201923,0.3700417,2500,3
2.467682,1.6867948,2501,3
1.2597007,-0.018175252,2502,3
1.8139402,0.6245481,2503,3
2.781801,2.5139909,2504,3
2.6204393,3.1927488,2505,3
2.230263,2.6421916,2506,3
2.0313108,2.8248947,2507,3
2.2710662,2.487167,2508,3
2.7659774,4.2693887,2509,3
-0.10140644,0.25743577,2510,3
2.399769,3.542001,2511,3
1.9958427,1.6274604,2512,3
1.0716792,0.70663625,2513,3
1.7706041,-1.698827,2514,3
1.5186913,-0.9615575,2515,3
2.2770314,3.4704094,2516,3
3.2325442,4.527127,2517,3
0.10282025,1.6576445,2518,3
0.7628934,0.8358087,2519,3
0.92929363,3.6639416,2520,3
-1.0249176,0.0046947147,2521,3
-0.26398095,0.097151406,2522,3
1.6922803,1.952834,2523,3
0.13251486,0.86694473,2524,3
0.9670296,1.0105962,2525,3
3.713818,4.045299,2526,3
1.4453343,0.10848884,2527,3
1.185869,-0.24031207,2528,3
0.83308417,2.3636303,2529,3
1.6465127,2.2780952,2530,3
0.22456884,0.95466155,2531,3
0.70240796,2.5670059,2532,3
-0.17694546,1.2813157,2533,3
0.40497708,2.644942,2534,3
1.7931985,-1.9740608,2535,3
0.81531596,0.5068767,2536,3
-0.50139874,4.4986315,2537,3
0.3393398,0.12036624,2538,3
1.0053178,-0.97290826,2539,3
3.0597374,4.246031,2540,3
1.3197944,1.6404004,2541,3
1.8309182,2.564015,2542,3
2.7001758,4.518362,2543,3
0.74105704,0.93251085,2544,3
1.1444514,0.9033517,2545,3
2.6009245,2.6671557,2546,3
1.9816188,2.898245,2547,3
0.58334327,1.508996,2548,3
0.88253134,0.880168,2549,3
-0.3761546,3.5062187,2550,3
-1.9445403,4.106567,2551,3
-2.2066586,2.3958902,2552,3
-0.05050119,-1.3588693,2553,3
1.6372478,2.9620304,2554,3
-0.27098095,0.9351233,2555,3
-0.18286574,3.2507794,2556,3
0.07037145,-0.31007388,2557,3
-0.4146769,3.96711,2558,3
-0.65302765,0.6031046,2559,3
-1.3115616,0.13679764,2560,3
-0.7368383,1.4484118,2561,3
-0.51730007,2.4209104,2562,3
-0.7113322,2.3659358,2563,3
-0.15883705,1.6036783,2564,3
0.8296725,2.384197,2565,3
0.99256295,2.6009586,2566,3
0.6584704,2.2673771,2567,3
-1.4063239,2.1546702,2568,3
0.22802182,1.760883,2569,3
-1.8158048,0.23801452,2570,3
-1.4367568,0.6050089,2571,3
-0.38550216,0.7318549,2572,3
0.9888379,2.416946,2573,3
0.7552971,2.93426,2574,3
0.57354975,1.2684916,2575,3
0.8846233,1.2304279,2576,3
-0.29749712,0.6310582,2577,3
2.6968763,4.1006904,2578,3
-0.2608767,2.120913,2579,3
0.64136165,1.5346061,2580,3
0.4238408,2.8230193,2581,3
1.0911919,1.8634024,2582,3
0.8758695,0.6652112,2583,3
0.9154221,1.4411422,2584,3
0.5997516,0.5714386,2585,3
0.6862782,2.932509,2586,3
2.1383724,-0.14220251,2587,3
0.36144853,-0.26733074,2588,3
0.2635986,2.2833648,2589,3
0.37495267,3.733655,2590,3
0.04011775,1.3596215,2591,3
0.89510804,2.7020035,2592,3
-1.3775655,1.0079616,2593,3
-0.74305564,2.510053,2594,3
-4.519001,-0.62050945,2595,3
-0.3520158,3.447055,2596,3
-0.077587895,4.005764,2597,3
-0.3629507,0.76055217,2598,3
1.2105646,2.0496943,2599,3
-0.8871412,2.1541767,2600,3
-0.52277124,1.2818818,2601,3
-1.3843756,3.0727274,2602,3
0.21598321,1.216559,2603,3
-0.6363298,-0.35388988,2604,3
0.04495236,3.0712209,2605,3
-1.6770519,2.0082452,2606,3
-0.86778855,3.2451887,2607,3
0.15263759,2.557319,2608,3
-0.9572707,2.342307,2609,3
-0.015077045,-0.5368884,2610,3
-0.26704726,1.3515298,2611,3
-0.27999583,1.1375674,2612,3
-0.6925539,3.7938778,2613,3
-0.93050164,2.901014,2614,3
-1.4051563,3.6095233,2615,3
-0.389506,1.2446022,2616,3
-1.3690554,-0.79835904,2617,3
-1.0780132,2.0208366,2618,3
0.47815582,2.2313623,2619,3
-0.22945198,-0.36805484,2620,3
-0.37327793,2.9594753,2621,3
-0.29399553,0.056765277,2622,3
-1.0404122,2.9764163,2623,3
-0.9394684,4.182985,2624,3
-0.796876,2.5937998,2625,3
-1.0807198,1.022122,2626,3
-1.3837229,1.470135,2627,3
-1.8469744,2.172098,2628,3
-1.049236,-0.49378115,2629,3
-0.54542965,3.1915858,2630,3
-1.3617245,1.9941026,2631,3
-1.4367473,1.6210722,2632,3
-1.6812283,0.14453962,2633,3
-1.6059712,2.079553,2634,3
-1.504292,2.0148258,2635,3
-1.011736,2.1835415,2636,3
-1.3279467,3.4215498,2637,3
-0.56894785,2.0440457,2638,3
0.38080722,1.6698947,2639,3
-0.3693607,3.136129,2640,3
0.6908119,1.4220228,2641,3
0.38805908,2.7243326,2642,3
-1.2731677,3.7606835,2643,3
-2.7084935,0.3463441,2644,3
-1.662582,2.5113037,2645,3
-0.81124,2.7966204,2646,3
-0.046658665,1.1237544,2647,3
0.7420103,1.0304185,2648,3
1.2445751,-1.0466607,2649,3
2.583849,4.169656,2650,3
0.7367392,2.3837533,2651,3
-0.298026,1.2102556,2652,3
0.42019683,1.363252,2653,3
-0.16901359,-0.4850526,2654,3
2.0312982,-1.1116581,2655,3
-0.052720975,1.7163718,2656,3
-0.5411202,3.2244089,2657,3
-1.3648651,3.853353,2658,3
-3.9282947,0.7155424,2659,3
-0.34279373,2.6476266,2660,3
-0.70644534,0.06960614,2661,3
-0.28285065,3.2781985,2662,3
-1.5475774,0.4755106,2663,3
-1.0200362,0.84042674,2664,3
-1.5833524,0.35748264,2665,3
-1.6204234,0.4259597,2666,3
-1.2277502,3.5309632,2667,3
-1.9088726,1.6926789,2668,3
-1.3727927,0.55517125,2669,3
-1.1179754,2.4035761,2670,3
0.5172961,4.4361033,2671,3
-2.2371387,1.006781,2672,3
-0.6546202,2.6761785,2673,3
-1.3078352,3.5853515,2674,3
-1.5742062,3.2186532,2675,3
-1.0443494,1.3818723,2676,3
-1.5841783,4.0629826,2677,3
-2.0337725,2.0921197,2678,3
0.1502499,3.333589,2679,3
-0.29009834,-0.46938434,2680,3
-1.2598319,1.4235946,2681,3
-0.660523,3.566551,2682,3
-0.4494007,-0.36176696,2683,3
0.28685284,2.0218337,2684,3
-0.3132027,1.7419372,2685,3
0.44455546,1.8698317,2686,3
-0.37978265,2.002807,2687,3
-0.27189872,3.5830624,2688,3
-0.68675554,1.4815857,2689,3
0.047255974,0.06063176,2690,3
-0.31870112,3.03139,2691,3
-0.12505004,3.0042543,2692,3
-1.0553253,1.7739444,2693,3
0.072957955,3.5767107,2694,3
-0.62889284,0.9314666,2695,3
-0.11314773,1.260925,2696,3
-0.6385655,3.6118526,2697,3
1.0638365,2.2490106,2698,3
-0.13851433,1.0819373,2699,3
0.070024915,0.3898522,2700,3
-0.9078533,0.2667314,2701,3
0.21625207,0.9469501,2702,3
-0.012515504,1.8852761,2703,3
-0.037171353,-0.3974481,2704,3
1.3195142,2.088885,2705,3
2.5992908,1.4711729,2706,3
2.082824,2.321503,2707,3
-0.61972946,3.5236633,2708,3
-1.698083,2.2651033,2709,3
-1.6720369,1.2379322,2710,3
-0.13968615,0.90978247,2711,3
0.64952797,1.1434351,2712,3
0.6736581,2.8758261,2713,3
0.5604932,0.57831377,2714,3
1.4934752,2.4421365,2715,3
3.230316,3.0219455,2716,3
1.4359499,-1.482338,2717,3
2.0880706,-1.195923,2718,3
1.2997084,2.746153,2719,3
0.148489,-0.4246417,2720,3
-0.10087701,1.7038352,2721,3
-0.84338254,2.135338,2722,3
-0.37465632,1.8831804,2723,3
-1.1166601,1.3078198,2724,3
-2.3432703,0.785969,2725,3
-1.0740017,4.1837616,2726,3
-1.0300455,2.8511734,2727,3
-2.0001464,1.024496,2728,3
-0.5524146,0.8734754,2729,3
2.9108226,-1.1896992,2730,3
1.0968118,-0.2842669,2731,3
-0.98051697,3.269307,2732,3
-1.9055401,3.2303107,2733,3
-1.3423843,1.6494777,2734,3
-0.16503109,0.8906269,2735,3
1.9513221,4.2561727,2736,3
-1.986161,2.7588496,2737,3
-2.163349,1.0379479,2738,3
-1.7646542,3.249552,2739,3
-2.3558404,2.8493578,2740,3
-2.3992662,2.4561727,2741,3
-1.3504605,1.8673433,2742,3
-3.0174465,-0.4163856,2743,3
-1.8300776,3.2207556,2744,3
-2.5084772,-0.30896768,2745,3
-1.8938886,0.67665154,2746,3
-2.4593976,0.25593457,2747,3
-1.7921559,1.5994767,2748,3
-1.7105958,2.0534313,2749,3
-2.226469,0.45038217,2750,3
-1.8962308,3.6314123,2751,3
-1.9932762,3.6463225,2752,3
-2.7248032,0.39016715,2753,3
-1.9948905,3.8564162,2754,3
-1.8207642,1.2306759,2755,3
-2.026779,0.17891255,2756,3
-1.4911199,3.4141934,2757,3
-2.9874117,0.56325424,2758,3
-1.4586618,1.5700636,2759,3
-1.1069924,1.9702849,2760,3
-2.9982436,0.45802483,2761,3
-1.9278421,1.3173599,2762,3
-1.7029114,3.9774039,2763,3
-1.5438269,0.05982401,2764,3
-3.014372,1.0514023,2765,3
-3.658657,2.4543736,2766,3
-2.002265,2.3760514,2767,3
-2.3113744,2.4025552,2768,3
-1.5545378,0.8720888,2769,3
-4.144727,2.6174011,2770,3
-2.815105,1.7192748,2771,3
-2.0299249,0.6574932,2772,3
-2.618053,4.1204967,2773,3
-1.6689638,3.030072,2774,3
-1.7145703,2.5693414,2775,3
-2.7667625,1.7598963,2776,3
-3.3258243,2.0879357,2777,3
-3.0337286,1.6135337,2778,3
-3.4815366,0.31462556,2779,3
-3.8592484,2.1286504,2780,3
-4.452131,0.35879236,2781,3
-2.799529,1.8655429,2782,3
-4.2204485,0.87664557,2783,3
-1.9032811,3.369755,2784,3
-3.4553015,2.9876027,2785,3
-3.0175076,0.48550573,2786,3
-2.4602265,2.5365355,2787,3
-2.2418258,1.9652433,2788,3
-1.9296006,2.3225677,2789,3
-2.2886684,1.9933696,2790,3
-2.5796716,1.0519837,2791,3
-1.8973954,2.7083333,2792,3
-2.7219152,1.0465072,2793,3
-2.0430288,2.6188796,2794,3
-2.3573976,1.0144663,2795,3
-2.7559772,3.1147542,2796,3
-2.6743302,0.4295387,2797,3
-2.1851606,1.8701708,2798,3
-1.9450253,3.4855974,2799,3
-2.564963,2.3731384,2800,3
-4.484854,-0.6661153,2801,3
-2.5610638,2.6421583,2802,3
-2.1194437,0.70532644,2803,3
-1.8308733,3.283539,2804,3
-2.709905,3.511612,2805,3
-2.8318584,2.6026335,2806,3
-2.5793347,0.39473027,2807,3
-2.3732855,2.055019,2808,3
-1.8726355,3.251316,2809,3
-2.280403,0.92687494,2810,3
-1.7853485,1.859803,2811,3
-1.3830146,0.66782606,2812,3
-2.1278083,1.230192,2813,3
-3.266536,4.3056593,2814,3
-2.6803901,2.3302748,2815,3
-2.0608444,2.833943,2816,3
-2.0287488,1.0622147,2817,3
-1.7171378,2.9253893,2818,3
-2.3283863,2.5169344,2819,3
-2.502952,0.12720424,2820,3
-3.3286994,2.0558984,2821,3
-2.5752592,1.3906974,2822,3
-2.4044716,2.854184,2823,3
-2.7988102,1.8591795,2824,3
-1.7154654,2.1613867,2825,3
-2.3957345,0.9610165,2826,3
-2.4362907,0.7513207,2827,3
-2.7937455,4.185605,2828,3
-2.2419097,2.3435857,2829,3
-2.098256,1.508589,2830,3
-2.195041,0.342392,2831,3
-1.9950483,1.2716619,2832,3
-1.7936599,3.1058295,2833,3
-1.9668283,1.5820343,2834,3
-1.9051805,1.8395029,2835,3
-3.2040818,0.11553867,2836,3
-8.862075,0.6819567,2837,3
-5.09795,-18.936737,2838,4
-5.0996222,-18.933767,2839,4
-5.0995336,-18.932686,2840,4
-5.1020365,-18.932419,2841,4
-5.101445,-18.936857,2842,4
-5.1007175,-18.931816,2843,4
-5.100162,-18.93205,2844,4
-5.098405,-18.934437,2845,4
-5.1026363,-18.937681,2846,4
-5.098412,-18.931986,2847,4
-5.099557,-18.93106,2848,4
2.2936795,-16.75791,2849,5
2.3199904,-16.662586,2850,5
2.4365706,-16.233507,2851,5
2.6569903,-15.326949,2852,5
2.5551767,-15.73609,2853,5
2.686299,-15.1817875,2854,5
2.7003276,-15.223829,2855,5
2.7001765,-15.171393,2856,5
2.4943118,-15.982499,2857,5
2.6051884,-15.476784,2858,5
2.5542064,-15.762872,2859,5
2.518859,-15.87991,2860,5
2.1352654,-13.8955345,2861,5
2.114429,-13.914027,2862,5
2.117083,-13.905652,2863,5
2.0595236,-13.910529,2864,5
2.2948055,-14.053188,2865,5
-2.1743054,4.0654893,2866,3
-1.8567381,-0.6614328,2867,3
-2.6622558,-0.56234366,2868,3
-2.2959476,1.3276199,2869,3
-3.6489065,3.578092,2870,3
-4.249641,0.6371515,2871,3
-1.8924081,2.8471842,2872,3
-1.4728254,3.721708,2873,3
-1.6485616,0.022138359,2874,3
-1.7541032,3.7382698,2875,3
-2.5120041,0.982301,2876,3
-2.2843626,0.067543745,2877,3
-2.8839324,3.8992424,2878,3
-2.5045831,0.4739288,2879,3
-2.649207,3.2836604,2880,3
-1.9593455,2.1795185,2881,3
-2.7562823,1.4204203,2882,3
-2.6885114,0.41086802,2883,3
-1.9358894,2.4409072,2884,3
-0.5896523,2.872283,2885,3
-2.2365603,-0.049308587,2886,3
-2.23031,1.4404994,2887,3
-1.7539482,3.133602,2888,3
-1.7400757,1.2759308,2889,3
-1.8382218,2.281635,2890,3
-1.2975863,2.850285,2891,3
-1.7764598,2.2432032,2892,3
-1.0848176,3.4713984,2893,3
-2.1883247,0.1418736,2894,3
-2.8042145,4.357627,2895,3
-2.2046652,0.5877635,2896,3
-2.46563,-0.5772272,2897,3
-1.7854108,0.09611328,2898,3
-1.1825082,0.32984725,2899,3
-0.58696854,-0.33276603,2900,3
-1.4457777,1.0680654,2901,3
-1.4443179,4.3716397,2902,3
-2.1679957,1.350232,2903,3
-1.487447,0.63733,2904,3
-0.5136875,-0.4941425,2905,3
0.5574897,0.4977172,2906,3
2.2059188,-13.971089,2907,5
2.1770372,-13.97511,2908,5
2.154968,-13.940245,2909,5
2.1570344,-13.911794,2910,5
2.1720843,-13.937039,2911,5
2.2887018,-13.9541445,2912,5
2.1859217,-13.94933,2913,5
2.1332653,-13.87798,2914,5
2.1244967,-13.912366,2915,5
2.2384474,-13.960736,2916,5
2.1656985,-13.93372,2917,5
2.096096,-13.909203,2918,5
2.198367,-13.941219,2919,5
2.1092901,-13.911473,2920,5
1.8742607,-13.883459,2921,5
0.9741886,-13.853272,2922,5
0.7508941,-13.841141,2923,5
0.7618432,-13.826343,2924,5
0.7894443,-13.827549,2925,5
0.862255,-13.838893,2926,5
0.76404965,-13.821534,2927,5
0.7422382,-13.830832,2928,5
0.8245464,-13.838369,2929,5
0.7169303,-13.799363,2930,5
0.82315224,-13.840207,2931,5
0.76413524,-13.820864,2932,5
0.7793302,-13.837228,2933,5
0.76046175,-13.81692,2934,5
0.6321195,-13.828343,2935,5
0.8172799,-13.835918,2936,5
-4.526465,3.3828943,2937,3
-4.6360836,2.176678,2938,3
-2.5612438,1.2815466,2939,3
-2.4125173,0.9360329,2940,3
-3.1114237,1.0148468,2941,3
-2.765376,2.8512256,2942,3
-2.8642745,4.0327506,2943,3
-3.3649666,3.1788201,2944,3
-3.5219324,0.5914861,2945,3
-3.2074325,0.3900265,2946,3
-2.7638123,3.16071,2947,3
-3.5923877,1.347372,2948,3
-3.5902894,0.854064,2949,3
-4.08559,2.0792582,2950,3
-4.4791493,1.8977555,2951,3
-3.4639633,3.4320946,2952,3
-3.8718803,0.186157,2953,3
-3.0164382,4.1057987,2954,3
-2.9437234,2.3637652,2955,3
-2.9201138,0.9924282,2956,3
-2.7088666,2.3752766,2957,3
-2.8570487,0.47210947,2958,3
-2.2776973,3.0299091,2959,3
-2.7870212,4.313921,2960,3
-2.8258667,1.6230074,2961,3
-2.4122736,3.4417741,2962,3
-1.8334829,2.260276,2963,3
-2.7299447,1.8130472,2964,3
-2.599174,2.3931987,2965,3
-3.396615,-0.004673934,2966,3
-3.182899,2.7613974,2967,3
-2.5831099,0.7760816,2968,3
-3.4149837,0.5639008,2969,3
-2.3348377,1.3363565,2970,3
-2.0939672,3.1555178,2971,3
-2.177886,3.5021257,2972,3
-2.9924724,0.5300715,2973,3
-3.0412567,0.51276124,2974,3
-2.1851757,2.1948137,2975,3
-1.9520328,3.7405694,2976,3
-1.9581852,0.20082223,2977,3
-2.4304872,3.5764613,2978,3
-2.3005679,1.8839419,2979,3
-3.5170705,3.1491222,2980,3
-4.02441,2.1583724,2981,3
-3.2676535,0.6559489,2982,3
-3.2250721,-0.31029806,2983,3
-3.070524,4.324672,2984,3
-2.3493907,4.078825,2985,3
-2.0846388,0.8168032,2986,3
-4.766359,0.20327273,2987,3
-2.7119253,2.7299879,2988,3
-1.6641831,0.9086677,2989,3
-2.7129529,2.1273448,2990,3
-2.3242633,3.869943,2991,3
-3.695618,1.3599132,2992,3
-2.9499974,4.1009116,2993,3
-3.1356218,2.66245,2994,3
-3.720708,0.08262568,2995,3
-3.1743524,2.9143806,2996,3
-2.7999945,3.9679103,2997,3
-2.0510068,2.4933758,2998,3
-2.9668465,2.8227735,2999,3
-2.7713528,1.3985133,3000,3
-2.8593724,0.08311317,3001,3
-3.0860908,2.8707743,3002,3
-4.553745,-0.62370336,3003,3
-2.4310403,2.6218739,3004,3
-2.175652,0.57189316,3005,3
-2.5094404,1.2106363,3006,3
-2.9731207,4.2599335,3007,3
-2.8236926,0.4237858,3008,3
-4.329205,-0.6901668,3009,3
-2.854622,0.82878184,3010,3
-1.4432648,3.3856454,3011,3
-1.203694,0.6948571,3012,3
-2.3360107,1.8979105,3013,3
-3.0113564,-0.5993878,3014,3
-2.4110215,1.3192974,3015,3
-2.743578,2.0218573,3016,3
-1.5676353,1.697261,3017,3
-1.7894247,1.7546048,3018,3
-1.0481986,3.5707245,3019,3
-1.3223933,0.5746212,3020,3
-2.5587354,0.8978956,3021,3
-2.433674,-0.11452696,3022,3
-1.468752,2.5509229,3023,3
-0.63186026,1.8519406,3024,3
-1.4356045,1.5270153,3025,3
-1.966862,0.58719015,3026,3
-1.9332732,1.7199624,3027,3
-2.7556198,2.335869,3028,3
-2.5859504,0.23678668,3029,3
-2.025449,2.866234,3030,3
-1.6391745,3.0676737,3031,3
-3.171362,0.43835148,3032,3
-3.413901,0.3135015,3033,3
-2.1359904,1.3406851,3034,3
-2.7000299,1.5443288,3035,3
-1.9124032,1.3506521,3036,3
-2.1039522,1.3330625,3037,3
-0.9135906,3.574935,3038,3
-1.3820897,1.3585229,3039,3
-1.9819062,3.467702,3040,3
-2.4636552,3.003037,3041,3
-1.5959657,1.6968595,3042,3
-2.9311757,1.0242543,3043,3
-1.7193072,1.1591278,3044,3
-1.7633134,1.0608294,3045,3
-1.6700249,3.5895395,3046,3
-1.5250874,0.96501744,3047,3
-2.4399467,1.3679107,3048,3
-2.010266,2.881479,3049,3
-1.309274,2.141806,3050,3
-0.8647678,2.3738256,3051,3
-3.231445,0.7502363,3052,3
-2.7782624,1.5706903,3053,3
-1.8239194,2.2927992,3054,3
-2.3503137,1.2333974,3055,3
-2.3531654,1.4686496,3056,3
-3.268862,4.298175,3057,3
-1.7554066,2.854045,3058,3
-2.8890586,0.6053419,3059,3
-4.0449624,0.06244599,3060,3
-2.804448,1.9736899,3061,3
-1.8013694,1.1312443,3062,3
-0.71808773,1.9271901,3063,3
-1.7487699,-0.021568157,3064,3
-2.1740627,0.5620123,3065,3
-0.7355352,1.7224362,3066,3
-1.5693561,3.2836277,3067,3
-1.363985,1.280271,3068,3
-1.3667419,0.2981317,3069,3
-1.1162548,0.029428223,3070,3
-0.7547683,1.6928883,3071,3
-2.0397415,1.611523,3072,3
-2.2161982,1.8969072,3073,3
-1.3909432,1.1803296,3074,3
-1.7016761,0.98042965,3075,3
-1.5444261,1.6298884,3076,3
-1.5964165,0.56959265,3077,3
-1.2698147,1.9150952,3078,3
-1.2867266,3.5575101,3079,3
-1.3150611,2.7062075,3080,3
-2.162511,0.724524,3081,3
-2.421347,-0.5707494,3082,3
0.288365,1.5736623,3083,3
2.0137172,2.3927474,3084,3
1.6158639,0.18087743,3085,3
2.4495864,1.6604793,3086,3
1.9794893,-2.2182288,3087,3
2.7092047,1.2596978,3088,3
1.6676577,-1.2116756,3089,3
2.0087128,-0.9331603,3090,3
3.0162714,3.2550786,3091,3
1.3054317,0.07225579,3092,3
1.5208737,3.1397347,3093,3
1.9895209,0.4777034,3094,3
2.1428301,-0.2393337,3095,3
2.9774914,-2.269136,3096,3
3.1011243,0.96191216,3097,3
3.0684814,0.7226539,3098,3
2.6598454,1.4450337,3099,3
1.7769312,2.4085715,3100,3
2.1535451,-2.0516992,3101,3
1.7676414,-0.28914142,3102,3
2.2040002,0.39869216,3103,3
3.1516001,1.654619,3104,3
2.8289464,2.1748726,3105,3
3.23991,-0.4810787,3106,3
3.034968,0.39234275,3107,3
2.7121322,0.675264,3108,3
2.9275632,1.4548426,3109,3
3.26683,-0.8172229,3110,3
2.7577288,3.7056143,3111,3
2.178128,-1.1570512,3112,3
2.962192,1.4984415,3113,3
3.1643922,0.5700269,3114,3
3.0848262,-1.034972,3115,3
3.7339275,3.1935148,3116,3
2.83195,2.7454295,3117,3
2.4508288,1.4483447,3118,3
2.8858318,-2.263819,3119,3
2.468711,-0.21163306,3120,3
2.65437,3.49752,3121,3
2.5901687,0.08745256,3122,3
2.9373734,-1.7796441,3123,3
2.5421553,0.80836266,3124,3
2.644375,0.3336122,3125,3
3.217479,1.8485794,3126,3
4.0786037,0.06609595,3127,3
3.6997817,-0.47237474,3128,3
2.7295547,0.725841,3129,3
2.9501202,1.3620106,3130,3
2.0424893,-1.9192708,3131,3
1.8016045,-1.5012975,3132,3
2.2808304,3.925077,3133,3
3.2551265,1.9687691,3134,3
3.7415845,0.037821762,3135,3
2.2370374,-0.45489594,3136,3
2.9663992,1.1173733,3137,3
2.531541,-1.6977633,3138,3
3.2363155,0.38453674,3139,3
3.02084,-0.35187772,3140,3
3.0385149,-0.68844897,3141,3
3.9066122,3.49046,3142,3
2.5411434,-2.2828531,3143,3
3.6842062,3.792462,3144,3
2.330104,1.7802314,3145,3
2.8496668,0.5381549,3146,3
3.192587,-0.3318412,3147,3
3.823398,0.844903,3148,3
3.565006,-0.44370693,3149,3
3.0219822,1.1971886,3150,3
2.3266234,2.4386501,3151,3
2.7747505,-0.21222395,3152,3
3.0045595,1.8448882,3153,3
3.656622,1.7785745,3154,3
2.6782095,-2.1660602,3155,3
2.1150908,1.2213421,3156,3
2.720198,1.308087,3157,3
2.424838,-1.6060935,3158,3
2.4062438,-0.30162916,3159,3
4.217649,-1.3857436,3160,3
3.3675365,1.12507,3161,3
2.0634828,-1.5256001,3162,3
3.8504474,0.9587991,3163,3
2.6967373,-0.070522904,3164,3
2.6333616,1.2640352,3165,3
3.8075476,1.1362123,3166,3
2.7936196,1.5462136,3167,3
3.0387213,-0.0642852,3168,3
1.9547343,-0.037305493,3169,3
2.5963094,0.67356604,3170,3
2.5455954,0.5416411,3171,3
3.872977,0.46508923,3172,3
2.908406,-0.04611407,3173,3
2.5462637,-0.6227825,3174,3
3.8654666,0.46413308,3175,3
1.7222841,-1.8101072,3176,3
3.3824172,0.7768614,3177,3
2.044593,-1.9492621,3178,3
3.5224261,0.08526715,3179,3
2.984238,0.5418944,3180,3
2.802079,-0.5015531,3181,3
4.3767576,3.8615491,3182,3
1.8649309,-1.732283,3183,3
3.264781,-0.06339115,3184,3
2.835969,1.2209512,3185,3
2.5886402,-0.09088362,3186,3
3.0517232,1.3910267,3187,3
2.7869897,3.6246684,3188,3
2.2523713,2.1369388,3189,3
1.6089376,-1.993112,3190,3
3.9422317,-1.7588603,3191,3
2.324981,4.43066,3192,3
2.633131,0.9834441,3193,3
3.180309,0.16651027,3194,3
2.459277,1.9780536,3195,3
2.5500207,1.8660136,3196,3
2.6588275,1.3203797,3197,3
1.7439387,0.76540536,3198,3
2.3159668,-0.2165025,3199,3
1.7677081,1.624721,3200,3
2.8723164,0.16267374,3201,3
2.2886589,0.7591203,3202,3
3.3545237,1.1851509,3203,3
3.6874237,2.9499757,3204,3
3.0321987,1.1673013,3205,3
2.5082564,-0.17968851,3206,3
3.1287646,2.0309672,3207,3
4.0592847,1.2849337,3208,3
3.3629625,1.7542034,3209,3
3.43879,4.490509,3210,3
2.4427829,2.4957647,3211,3
3.7327912,2.7482305,3212,3
2.6109369,-0.19514857,3213,3
3.661074,1.0729268,3214,3
2.7626588,2.5162005,3215,3
2.639087,1.5824805,3216,3
3.8844535,2.562552,3217,3
2.6107397,2.0638578,3218,3
3.3818882,0.7326935,3219,3
3.7295675,-1.5811144,3220,3
3.484236,4.522837,3221,3
3.1826265,1.5151105,3222,3
2.2755425,1.6448334,3223,3
2.904229,0.08261795,3224,3
3.1647015,3.1992385,3225,3
4.058027,-1.1458001,3226,3
4.8095274,1.8780183,3227,3
3.1713657,3.513019,3228,3
4.407578,0.8218087,3229,3
3.0348186,2.8163788,3230,3
2.9135933,0.37628976,3231,3
2.4102461,-0.19819221,3232,3
3.911978,3.5800805,3233,3
2.9726367,0.63258547,3234,3
4.137134,4.910455,3235,3
3.0696466,0.828022,3236,3
2.2566738,0.8337576,3237,3
3.0632172,1.585623,3238,3
1.6117381,0.25545433,3239,3
3.2706263,2.4703147,3240,3
-0.027240582,3.719347,3241,3
3.6045053,3.0716844,3242,3
2.2241926,-0.6899421,3243,3
4.4697576,4.087629,3244,3
2.9310756,0.104444146,3245,3
3.4655416,3.1773536,3246,3
3.3626585,2.3251975,3247,3
3.06175,1.0216591,3248,3
2.5219445,4.553327,3249,3
1.7292279,-0.9204679,3250,3
3.525837,3.0037565,3251,3
3.2626224,3.7702074,3252,3
1.1976154,-0.09357482,3253,3
4.020936,3.4513175,3254,3
2.920538,-1.2074529,3255,3
2.6817172,1.5000931,3256,3
3.3186815,0.8846438,3257,3
3.5360086,2.1810017,3258,3
2.000635,2.663964,3259,3
1.053782,-0.20043933,3260,3
3.2859173,4.208058,3261,3
1.8345194,2.0238385,3262,3
3.1299994,3.0847468,3263,3
3.1843088,4.630894,3264,3
2.5829473,2.4649463,3265,3
2.2870584,1.4469622,3266,3
1.6258491,-1.7556487,3267,3
2.279189,0.19083673,3268,3
2.9531703,2.806927,3269,3
3.4642599,2.9306893,3270,3
3.8646998,3.0535612,3271,3
3.1462584,2.4179647,3272,3
1.6985492,-0.44128367,3273,3
2.1870453,2.1990392,3274,3
2.2376616,-0.7908569,3275,3
3.6463213,2.8709269,3276,3
3.3014674,1.9665488,3277,3
2.263411,0.13387118,3278,3
2.0704973,-0.31036112,3279,3
3.767817,1.3761141,3280,3
2.816082,1.7765048,3281,3
2.76023,0.8558609,3282,3
2.25174,0.7829768,3283,3
2.0537248,4.059434,3284,3
-4.9707394,-0.6093843,3285,3
3.598794,3.887105,3286,3
1.8585999,3.0450377,3287,3
2.225628,-2.0697258,3288,3
2.0789526,1.3500047,3289,3
3.1762395,1.3978322,3290,3
2.7614405,3.6649911,3291,3
3.6511421,-0.35978445,3292,3
3.3042648,-0.060592264,3293,3
2.701694,2.9770017,3294,3
3.3683481,1.0719712,3295,3
3.46542,0.4464001,3296,3
3.6123307,1.2841762,3297,3
2.8781557,2.5397809,3298,3
3.3114624,0.10992959,3299,3
2.8188367,0.5830653,3300,3
2.3144448,1.647672,3301,3
3.0733094,1.784161,3302,3
3.0208852,0.93769157,3303,3
2.9670203,2.3356879,3304,3
3.0484226,2.212508,3305,3
1.8866439,-2.4712934,3306,3
3.1927423,4.27092,3307,3
3.7641869,4.664096,3308,3
2.7885518,1.6827762,3309,3
2.6350925,1.0658064,3310,3
2.254773,0.6333164,3311,3
2.8298826,1.416946,3312,3
3.2128422,-1.002855,3313,3
4.2454505,1.4843191,3314,3
2.8950763,0.9890797,3315,3
4.154335,1.97653,3316,3
3.4172947,1.9711998,3317,3
3.7385116,-0.8761163,3318,3
4.0743318,0.30412942,3319,3
4.1791787,-0.6726975,3320,3
4.376528,1.2566739,3321,3
2.810626,1.3044757,3322,3
3.1344068,2.1077743,3323,3
3.0384872,0.0031794421,3324,3
1.5905038,-1.3081998,3325,3
4.172566,3.259019,3326,3
2.8297045,1.2664877,3327,3
2.9232912,0.118236974,3328,3
2.8104527,1.6355518,3329,3
2.3002038,-0.34704491,3330,3
2.5869808,3.7235603,3331,3
2.0244813,1.9703376,3332,3
1.7431338,-1.5679072,3333,3
2.5297556,-0.15484321,3334,3
2.6678402,2.5713675,3335,3
1.9368243,1.5186663,3336,3
1.7871698,3.3670688,3337,3
1.786149,0.4521264,3338,3
3.1065145,0.4943838,3339,3
2.3058999,1.7504774,3340,3
1.6881269,-2.1813047,3341,3
2.652357,-1.5795093,3342,3
2.6148582,0.86779535,3343,3
3.0690806,1.2955955,3344,3
2.9151034,1.2795396,3345,3
1.9622718,0.24951719,3346,3
2.1817632,0.5480444,3347,3
1.8551562,1.5897616,3348,3
2.6707582,2.795545,3349,3
2.139118,1.8355407,3350,3
2.5831366,0.5957728,3351,3
1.335142,0.49501044,3352,3
1.9429067,0.52891,3353,3
2.6525466,1.9060756,3354,3
0.87494844,-0.827529,3355,3
2.7689621,-0.13796322,3356,3
3.4847138,1.7310822,3357,3
3.511541,2.0118546,3358,3
3.2711284,0.1442239,3359,3
3.2652214,3.4384305,3360,3
2.7799928,4.0537453,3361,3
1.9654746,-0.5958962,3362,3
2.9034169,3.850875,3363,3
2.8554447,0.17054974,3364,3
2.6497838,2.5903625,3365,3
2.7031627,1.4264174,3366,3
1.2722718,1.5115911,3367,3
2.3314073,-1.6976886,3368,3
3.2238266,0.019490102,3369,3
3.1508791,0.6534922,3370,3
4.095338,-1.0016781,3371,3
2.943173,-1.0545685,3372,3
3.7056658,3.623224,3373,3
2.3370361,-0.6758754,3374,3
2.3088775,-0.61695117,3375,3
3.7321353,3.8572953,3376,3
3.0034122,3.7280974,3377,3
1.4881245,-0.68741715,3378,3
3.0138257,2.667868,3379,3
1.4582144,-1.4042224,3380,3
2.4567797,-0.20473492,3381,3
3.9898474,-0.45860153,3382,3
4.047229,4.936211,3383,3
3.6558864,1.662257,3384,3
2.0065136,-0.2815406,3385,3
2.4693518,-0.6266068,3386,3
3.4318247,3.474152,3387,3
2.985649,1.4922515,3388,3
2.8719761,1.4335991,3389,3
2.5578244,0.36842683,3390,3
3.2454653,3.0508413,3391,3
2.5571766,-0.53216654,3392,3
3.4928215,1.0594559,3393,3
3.9604979,2.586895,3394,3
3.182883,2.5221045,3395,3
1.8307973,-0.915096,3396,3
3.2225134,1.0042795,3397,3
3.7862701,1.1708441,3398,3
4.00355,0.63148606,3399,3
4.6374164,2.5012171,3400,3
4.2386827,-0.8564827,3401,3
3.3281972,1.6965896,3402,3
1.93117,-1.391175,3403,3
3.6703224,3.1182067,3404,3
3.6698427,1.5377274,3405,3
3.3789587,-0.020129457,3406,3
3.2287085,0.6161349,3407,3
3.0915031,0.66457105,3408,3
2.3327012,-2.098778,3409,3
3.4646082,2.036282,3410,3
3.2788103,0.31408548,3411,3
2.6521113,-1.478542,3412,3
3.7284265,1.4890805,3413,3
5.3072634,4.1412635,3414,3
3.1595569,1.128905,3415,3
4.7022085,2.2060552,3416,3
4.8895106,2.5715294,3417,3
5.56228,0.53638583,3418,3
3.8371294,1.4239782,3419,3
3.1261244,3.2095633,3420,3
3.111482,-1.3473617,3421,3
1.8791851,-1.685654,3422,3
5.214224,0.29169077,3423,3
1.7755356,-2.039976,3424,3
4.5417547,1.9858993,3425,3
5.1071,2.294015,3426,3
5.879489,2.147874,3427,3
5.530374,1.0310307,3428,3
5.5423512,1.6785432,3429,3
7.799872,2.0720196,3430,3
6.9418416,1.0365955,3431,3
7.0326214,2.0529697,3432,3
4.9299965,-0.82591796,3433,3
6.2974854,0.7091016,3434,3
6.497435,1.4682404,3435,3
6.3639026,0.76797247,3436,3
3.6879315,-2.1665404,3437,3
5.8853707,1.1067511,3438,3
6.514736,1.1399249,3439,3
6.880059,1.5718951,3440,3
6.4494658,1.7603873,3441,3
6.492532,0.30296093,3442,3
6.378718,-0.12721466,3443,3
6.284389,1.1456621,3444,3
6.7031236,2.1514544,3445,3
6.6429186,-0.39544955,3446,3
7.3490496,1.4733284,3447,3
6.9075766,1.663021,3448,3
7.1188974,1.3238021,3449,3
6.256171,1.8651716,3450,3
6.061109,-0.14555684,3451,3
5.8277726,1.6046226,3452,3
7.360953,-0.11292489,3453,3
7.0128894,-0.0587042,3454,3
7.287132,0.9377822,3455,3
6.0898447,-0.043137018,3456,3
6.479676,-0.32705742,3457,3
6.050265,1.7582908,3458,3
7.1504707,1.4730841,3459,3
6.7707844,2.0421484,3460,3
6.305448,3.3178048,3461,3
6.310505,-0.4844668,3462,3
7.2360463,0.10401351,3463,3
6.4705243,2.6353762,3464,3
7.7532697,1.0197586,3465,3
7.902741,1.3090754,3466,3
7.7281504,1.6247212,3467,3
6.160829,-0.93562627,3468,3
6.8795815,1.9288777,3469,3
6.483427,2.1426103,3470,3
7.047841,0.80748796,3471,3
6.517135,-0.5122009,3472,3
6.2446427,-0.94119585,3473,3
7.094136,-0.14375238,3474,3
5.9361515,-0.76801115,3475,3
6.5492225,-1.2320417,3476,3
6.4896674,1.5862845,3477,3
4.9551063,0.5445817,3478,3
7.1838984,0.9085819,3479,3
7.912756,1.1220735,3480,3
5.6274986,2.4810743,3481,3
5.5977154,1.9022874,3482,3
5.2568784,2.7009451,3483,3
3.1083062,0.66646916,3484,3
2.6195254,1.6220849,3485,3
3.5316129,-1.2663437,3486,3
2.672167,0.6520133,3487,3
3.6427686,0.8039592,3488,3
1.2993704,-1.4237231,3489,3
2.2913814,1.0341455,3490,3
2.1389775,-0.34799275,3491,3
1.8929104,0.10701929,3492,3
1.977879,-0.3768349,3493,3
2.3897026,-0.68548936,3494,3
2.5609436,4.252622,3495,3
1.7812464,2.047874,3496,3
2.2232983,1.0407892,3497,3
2.6576898,0.90414906,3498,3
1.6723235,-1.4481236,3499,3
2.8138983,1.3476759,3500,3
2.2297053,-2.0291903,3501,3
2.2749422,-0.35145757,3502,3
2.6262002,4.4905744,3503,3
1.3090211,0.55307966,3504,3
1.3532509,0.15251398,3505,3
1.7363118,0.4868568,3506,3
1.2001953,2.7091298,3507,3
1.025136,-0.9560325,3508,3
1.9390721,-1.7510318,3509,3
1.9587004,1.2538677,3510,3
0.74975663,0.5916305,3511,3
1.1597048,1.6100748,3512,3
1.5210428,-1.8358206,3513,3
1.1826164,1.5211592,3514,3
1.9738901,2.800048,3515,3
1.9305909,1.4018236,3516,3
1.9076811,0.48209804,3517,3
0.9639621,-1.4782406,3518,3
1.3256768,0.038543332,3519,3
1.7063915,1.8380932,3520,3
2.5067072,-1.0814373,3521,3
2.4221814,1.103686,3522,3
2.5052164,2.470056,3523,3
1.5266227,-1.7064593,3524,3
1.3419956,1.736189,3525,3
2.5605989,3.3018696,3526,3
0.60043037,0.9398194,3527,3
1.252342,1.0238506,3528,3
1.6747432,-1.3460648,3529,3
2.2345324,3.1486561,3530,3
0.6966389,1.3997346,3531,3
1.7470863,0.88834,3532,3
1.797002,-0.47724554,3533,3
2.410117,-0.70558494,3534,3
1.8809656,-1.0233735,3535,3
2.8138492,4.373838,3536,3
2.6710527,2.4041922,3537,3
2.8538356,0.8607476,3538,3
1.0110704,-0.6108793,3539,3
3.2442873,3.9966452,3540,3
2.4555528,1.6350087,3541,3
2.3934503,2.644145,3542,3
2.355965,1.7819331,3543,3
1.4250015,1.0936524,3544,3
1.0043597,1.2173498,3545,3
2.628133,1.5625579,3546,3
1.726119,-1.4806153,3547,3
0.5300399,-0.03751364,3548,3
1.4193703,1.6515814,3549,3
2.2573397,2.4295464,3550,3
2.0380998,-1.0507174,3551,3
2.820641,2.159384,3552,3
3.0002737,4.3627977,3553,3
2.5910826,-1.7072337,3554,3
1.3480315,-1.7061149,3555,3
-1.2389507,1.5461087,3556,3
0.77704376,3.4712844,3557,3
1.1396208,2.225464,3558,3
0.25747833,-0.29748574,3559,3
0.80634326,-0.44929233,3560,3
-0.61019826,3.086103,3561,3
-0.88228595,2.4759967,3562,3
-0.04375187,1.2786819,3563,3
3.124704,2.9271958,3564,3
2.059031,2.918218,3565,3
1.0534891,-0.5109551,3566,3
2.47704,4.5937476,3567,3
1.4285873,-1.5537748,3568,3
0.92181456,0.8373567,3569,3
1.350066,-1.7053946,3570,3
1.5060366,-1.4109584,3571,3
1.3220708,1.016173,3572,3
2.1564999,2.2559102,3573,3
2.3939717,2.5708947,3574,3
1.5814883,1.9746672,3575,3
-0.68810827,-0.3707854,3576,3
1.6452175,1.3906826,3577,3
1.9979472,4.219266,3578,3
1.4542339,0.10892051,3579,3
1.6234338,1.328969,3580,3
2.711817,2.251756,3581,3
2.5956776,1.5977162,3582,3
3.125916,3.5424705,3583,3
2.5858097,0.479626,3584,3
2.2087948,2.3844233,3585,3
2.309288,2.1790962,3586,3
2.0113924,1.004224,3587,3
-0.1752042,1.7012264,3588,3
3.1753314,4.326634,3589,3
1.9878099,0.38298738,3590,3
1.8660784,1.7630297,3591,3
3.2397835,3.7964644,3592,3
1.4583538,2.2250984,3593,3
1.7769141,-1.3369817,3594,3
2.1626256,1.6162959,3595,3
2.830978,3.4098227,3596,3
2.6397274,2.2648816,3597,3
2.3730254,1.7655729,3598,3
2.812423,2.7605047,3599,3
2.344647,3.41952,3600,3
2.8256915,2.1130426,3601,3
2.0528762,2.6517956,3602,3
1.9579648,0.6347689,3603,3
2.4567816,2.2330039,3604,3
2.5106835,4.570501,3605,3
1.6909311,-1.1452501,3606,3
4.2496824,1.9287632,3607,3
2.175796,1.0080274,3608,3
1.6363978,-0.8365367,3609,3
1.6760536,0.63472253,3610,3
2.0066574,4.2412724,3611,3
1.7546858,0.6468101,3612,3
2.3856606,1.8781346,3613,3
1.9666322,0.8638994,3614,3
2.7767901,4.4338775,3615,3
1.7669655,4.5837073,3616,3
0.80848867,-0.51608574,3617,3
-0.2031766,4.595093,3618,3
0.94520235,1.497679,3619,3
2.6459649,-2.145971,3620,3
0.24334088,-0.9089147,3621,3
-0.46475077,3.2639492,3622,3
-0.2895201,3.1673422,3623,3
-0.6732704,-0.50595546,3624,3
-0.7994773,2.9574883,3625,3
-0.123726636,3.3415956,3626,3
1.0903314,0.2727982,3627,3
2.0904574,4.1656203,3628,3
0.88755375,2.7468367,3629,3
0.03480597,0.8199173,3630,3
0.6339899,1.0225769,3631,3
2.3231196,0.09652141,3632,3
0.6457384,0.99997395,3633,3
0.69590575,0.85094655,3634,3
0.7161203,2.6975427,3635,3
0.64423203,-1.2557473,3636,3
1.7927556,-0.27175203,3637,3
1.3167347,-0.2975984,3638,3
2.3323166,2.7715807,3639,3
-0.33627626,-0.013767114,3640,3
1.911341,1.1152866,3641,3
1.9553189,0.072635196,3642,3
3.0351458,-14.79738,3643,5
2.6822789,-15.3556795,3644,5
-7.900254,0.56354433,3645,3
2.7347822,-15.126919,3646,5
2.1658535,-13.9223995,3647,5
2.1945138,-13.958166,3648,5
-0.35749263,-0.7655294,3649,3
0.39782014,3.6220782,3650,3
2.0105212,3.4895072,3651,3
2.8246055,3.4089463,3652,3
1.5887862,-0.58575964,3653,3
0.43964374,0.94005233,3654,3
2.003706,0.6198363,3655,3
1.9200765,0.44438326,3656,3
2.520253,-1.5761611,3657,3
2.3733902,-0.9780209,3658,3
2.3410103,2.666565,3659,3
2.518954,-0.7832885,3660,3
2.7593334,3.2535968,3661,3
3.3830776,2.9924064,3662,3
2.3215587,0.3929355,3663,3
3.1927402,-1.511077,3664,3
2.1102142,1.5184481,3665,3
2.1527634,-0.071081676,3666,3
2.4456825,-0.24532633,3667,3
3.266686,2.1686873,3668,3
3.046798,2.2530894,3669,3
3.6837757,4.4209332,3670,3
1.8187727,-1.6560369,3671,3
2.34788,0.5478129,3672,3
3.2001183,2.1978555,3673,3
4.535327,1.8213116,3674,3
2.910173,0.24172603,3675,3
2.9163222,-1.5272298,3676,3
3.8543854,-1.3586135,3677,3
4.1160507,3.793952,3678,3
3.23725,-0.8171958,3679,3
3.4107945,-0.8875692,3680,3
3.1591153,-1.1273144,3681,3
3.1020381,4.0775924,3682,3
2.6865234,1.6521802,3683,3
2.2596018,0.5440142,3684,3
1.8360894,-0.16258545,3685,3
3.7047825,3.5587153,3686,3
2.7094116,3.200333,3687,3
2.5486486,3.2500393,3688,3
2.283826,-0.05571328,3689,3
0.9564665,-1.0078163,3690,3
3.3317454,0.14258708,3691,3
3.100117,4.6640496,3692,3
1.3545893,-0.99778205,3693,3
2.1829867,2.2353039,3694,3
3.0986326,1.5411652,3695,3
4.5200176,3.6902664,3696,3
3.3980932,2.808738,3697,3
2.6697795,1.6669852,3698,3
2.1096692,4.3642845,3699,3
2.50625,1.443311,3700,3
2.734524,4.6328144,3701,3
1.3510841,-1.2947266,3702,3
1.8179524,1.7201947,3703,3
1.9814969,1.9131974,3704,3
1.1427143,1.4072895,3705,3
1.7177024,1.084196,3706,3
1.0421017,-0.9094034,3707,3
1.9756473,0.18500927,3708,3
1.842987,4.066616,3709,3
2.2268934,-0.59781796,3710,3
2.8616128,1.3377572,3711,3
4.005241,1.0898129,3712,3
2.4473772,1.1375841,3713,3
1.9859182,-0.83770794,3714,3
1.3442557,-1.1517425,3715,3
2.28758,0.14050767,3716,3
2.6711726,3.3236043,3717,3
2.100438,-0.9166937,3718,3
2.6376257,1.4039304,3719,3
2.9619827,-2.161152,3720,3
3.1553094,2.394021,3721,3
3.2910783,3.9984913,3722,3
2.7367983,-1.2934531,3723,3
3.8741615,-0.94910896,3724,3
4.7953086,2.386448,3725,3
1.4980779,-1.3699248,3726,3
1.6660621,-1.7430705,3727,3
2.2365177,1.2667077,3728,3
2.4270523,0.38605708,3729,3
2.3663447,1.5325949,3730,3
1.729985,1.2842276,3731,3
2.873282,2.9764738,3732,3
3.1649377,0.22317374,3733,3
2.922594,0.8796716,3734,3
1.7895508,-0.34578657,3735,3
1.6858168,2.8578584,3736,3
2.4257185,2.6621075,3737,3
1.7382392,-0.57035005,3738,3
3.4284198,-0.29895434,3739,3
2.1849992,-1.8555532,3740,3
2.1528583,3.5047138,3741,3
2.4785173,2.0401022,3742,3
3.1660004,3.6779723,3743,3
2.690431,1.5880789,3744,3
2.6810782,2.1100106,3745,3
3.6340404,1.4642437,3746,3
2.0003128,3.4900126,3747,3
2.8173618,3.0586143,3748,3
2.02903,2.4921591,3749,3
3.480345,1.5410115,3750,3
2.987606,4.5825267,3751,3
2.5716417,-2.1904876,3752,3
3.4784863,-0.8291979,3753,3
2.866816,-0.34305552,3754,3
3.2867188,2.302295,3755,3
2.6055372,0.7309246,3756,3
2.4906065,3.1124732,3757,3
1.9011098,-0.941134,3758,3
2.894899,1.7414562,3759,3
3.0584414,-1.0942088,3760,3
3.6725621,2.4396865,3761,3
3.7983804,4.5041122,3762,3
4.2402177,-1.6556053,3763,3
3.6048353,2.2996082,3764,3
3.3363252,3.3898098,3765,3
1.6329348,0.45312172,3766,3
2.5923135,-1.2562721,3767,3
2.4684584,1.1446662,3768,3
3.1425323,4.5838165,3769,3
2.9931784,-0.2294483,3770,3
3.484764,0.88736933,3771,3
2.7671888,-0.2530088,3772,3
1.6554224,-1.3186426,3773,3
1.227614,2.947763,3774,3
1.4659035,0.7184482,3775,3
-1.1614584,2.6539798,3776,3
0.91955954,0.43443355,3777,3
1.7227626,1.9954004,3778,3
1.230363,3.457443,3779,3
2.1296632,0.383625,3780,3
2.1441815,-2.1418197,3781,3
2.1975508,3.7197914,3782,3
2.3264232,-0.29158047,3783,3
1.6659852,-1.2302532,3784,3
1.2365882,2.1300464,3785,3
3.9766707,-12.560538,3786,5
2.649369,3.9444187,3787,3
1.640794,-1.7217678,3788,3
2.9337432,-0.5327533,3789,3
2.2902153,3.957374,3790,3
2.407841,1.0455587,3791,3
3.420753,1.8296621,3792,3
2.4631696,4.3299127,3793,3
3.0225585,1.7447593,3794,3
2.404865,1.910848,3795,3
2.4442194,1.0813729,3796,3
2.4571772,1.8397576,3797,3
3.3666813,-1.6843357,3798,3
2.9442234,0.053681463,3799,3
2.815884,1.3143847,3800,3
3.0119014,1.7071793,3801,3
2.743744,0.5013399,3802,3
3.645883,0.6782556,3803,3
3.8998125,1.0376647,3804,3
2.953429,1.2217269,3805,3
3.302168,-1.6595011,3806,3
3.5295608,1.0088165,3807,3
4.006914,2.6618264,3808,3
3.12355,1.7378123,3809,3
3.594912,-1.2137085,3810,3
3.434156,-1.5625526,3811,3
3.5087667,1.2793854,3812,3
4.06999,4.0013795,3813,3
3.7078412,-0.5771684,3814,3
2.9670897,-0.6222465,3815,3
3.5489655,2.9047265,3816,3
2.4240234,1.0700333,3817,3
2.9925237,1.074357,3818,3
3.2298508,-1.5026057,3819,3
2.5446708,-2.0704463,3820,3
2.8330424,2.3007984,3821,3
2.8685977,4.3018093,3822,3
3.4239452,1.71212,3823,3
2.3062449,-0.35127258,3824,3
3.9959245,-1.1619488,3825,3
3.2971954,-0.8757464,3826,3
1.7218252,-1.0986757,3827,3
3.0081232,0.12798788,3828,3
1.7836626,-0.47897524,3829,3
2.5486765,-1.8514577,3830,3
1.9836166,1.4931717,3831,3
2.667123,4.5212326,3832,3
2.1682558,0.5419619,3833,3
1.5978019,-1.9033912,3834,3
1.255915,0.17997172,3835,3
3.1080403,0.87550086,3836,3
2.585339,4.4538884,3837,3
1.2724488,0.18378921,3838,3
1.2954152,0.52447754,3839,3
1.1691549,4.0221305,3840,3
1.6327521,1.8444242,3841,3
0.9547979,1.3715326,3842,3
1.4783146,1.2569083,3843,3
0.13335344,2.9234793,3844,3
0.19709225,3.105626,3845,3
0.38416198,1.5465896,3846,3
0.9210077,-1.0373654,3847,3
0.1570337,2.7931268,3848,3
1.2291495,0.3228896,3849,3
1.47235,3.3947763,3850,3
0.41878226,-1.0466336,3851,3
-0.32917532,2.7865837,3852,3
-0.65236783,2.6766865,3853,3
-1.6029216,-0.34119442,3854,3
-0.6727799,2.5466564,3855,3
-1.2448364,1.3628798,3856,3
-0.2118837,0.2957814,3857,3
0.40310022,-1.0898951,3858,3
-1.7670101,0.2719372,3859,3
-0.7431502,3.2040167,3860,3
-1.0559374,1.7280273,3861,3
-1.4110545,1.6743767,3862,3
-1.2201935,1.9080874,3863,3
-1.5124278,2.4039314,3864,3
1.231145,3.5583668,3865,3
1.4409615,1.7943478,3866,3
0.23420389,1.8383178,3867,3
-0.05342905,0.5494319,3868,3
3.717812,3.1155975,3869,3
0.7868867,1.850926,3870,3
1.6694927,2.503835,3871,3
2.466865,0.4706847,3872,3
2.8832908,4.226106,3873,3
1.5367774,-1.6843059,3874,3
2.459222,4.1599054,3875,3
3.57272,-1.9114131,3876,3
3.6586704,0.94173175,3877,3
3.326392,-1.0493143,3878,3
3.9628894,1.7587842,3879,3
3.478156,-2.0595176,3880,3
2.7091372,0.9532653,3881,3
4.3630843,2.1539958,3882,3
3.5548153,1.2882932,3883,3
2.9153984,0.69544536,3884,3
3.7035837,0.24370371,3885,3
3.1773763,0.96907455,3886,3
2.814755,0.633963,3887,3
2.9796455,1.0081826,3888,3
3.2278602,4.6358743,3889,3
1.8489748,-0.47492793,3890,3
2.5532875,0.5498584,3891,3
2.2788587,-0.28815916,3892,3
3.0472553,-1.7215472,3893,3
4.6361055,-0.57876265,3894,3
4.164911,0.9746297,3895,3
4.3611927,1.140887,3896,3
3.6329932,3.6287057,3897,3
4.198653,1.0956707,3898,3
3.4859734,-1.2559519,3899,3
4.6438227,4.506374,3900,3
4.9218163,2.5139947,3901,3
3.738708,-1.2527349,3902,3
5.8141136,1.280681,3903,3
4.1657596,-1.3330574,3904,3
5.651368,1.3857841,3905,3
5.3568134,-0.53381205,3906,3
3.6483102,-0.91632,3907,3
6.3405614,1.7617159,3908,3
5.8261037,0.17957458,3909,3
5.421391,1.8013648,3910,3
5.651441,1.1173071,3911,3
4.044022,-1.6980749,3912,3
5.5409875,0.19427444,3913,3
5.9869857,0.98917526,3914,3
5.7304,2.117544,3915,3
4.7306104,-0.280344,3916,3
5.7104535,1.5148361,3917,3
5.109874,2.5259058,3918,3
5.2267733,0.087461114,3919,3
4.597782,-0.31543702,3920,3
4.6923075,2.578177,3921,3
3.5542135,4.4172916,3922,3
3.9450357,0.968394,3923,3
3.7874582,-1.1643788,3924,3
5.099752,2.0197418,3925,3
5.2456546,1.2430325,3926,3
6.1308446,1.4804045,3927,3
4.609087,1.6946106,3928,3
5.169625,-0.8645376,3929,3
4.4048085,2.0554144,3930,3
4.0344567,0.6998065,3931,3
6.4078436,0.646685,3932,3
3.8176541,1.7681261,3933,3
4.5759115,0.8538474,3934,3
3.28076,-1.1810617,3935,3
4.3816924,1.8191813,3936,3
5.2578635,1.4307911,3937,3
3.5637748,1.3050714,3938,3
3.771931,-1.8369938,3939,3
4.6077576,1.2130378,3940,3
4.4487247,1.7202833,3941,3
3.3904808,1.3294683,3942,3
3.5435305,1.0913187,3943,3
3.893576,1.3620723,3944,3
2.421233,-1.3738106,3945,3
3.9381673,1.6781794,3946,3
3.9057124,0.8516229,3947,3
4.185828,-0.9353677,3948,3
4.4478273,-1.4156591,3949,3
2.0204718,-2.0464969,3950,3
4.1287165,1.9440736,3951,3
3.90942,-2.075385,3952,3
3.5865638,-0.51028866,3953,3
3.1880844,0.42324802,3954,3
4.2764335,-0.9991563,3955,3
4.799495,1.9251547,3956,3
4.5129056,1.9777783,3957,3
5.3086076,1.6203853,3958,3
3.4132764,-2.096266,3959,3
3.0104003,-1.9956574,3960,3
4.5610285,2.230561,3961,3
4.315248,2.23005,3962,3
4.180514,1.8886362,3963,3
4.885632,1.9787687,3964,3
4.843981,1.5252188,3965,3
3.8813949,1.2424567,3966,3
4.9166327,0.8026607,3967,3
3.6194913,-1.1188284,3968,3
4.957978,2.4186394,3969,3
4.547018,-0.40269092,3970,3
4.3227134,4.3900943,3971,3
3.696675,-2.014806,3972,3
4.536484,-0.263315,3973,3
3.886038,0.7270814,3974,3
4.089962,0.3238263,3975,3
3.7670827,1.8226289,3976,3
4.6561275,-0.889974,3977,3
4.422901,0.17865974,3978,3
4.630458,-1.0065305,3979,3
4.3697176,-1.1676825,3980,3
3.5450337,0.71368134,3981,3
3.8039024,1.7089344,3982,3
3.9290206,2.9951591,3983,3
3.092011,-1.4862418,3984,3
1.9195238,-2.3440237,3985,3
3.4801462,3.6564946,3986,3
3.2241182,-1.3374443,3987,3
4.505111,2.141802,3988,3
4.559604,-1.4116689,3989,3
4.3301287,4.2975655,3990,3
4.7498636,4.3485045,3991,3
3.7924168,1.2394294,3992,3
2.8627844,-0.45907703,3993,3
4.613638,1.7270067,3994,3
3.7110193,-1.4751484,3995,3
3.724813,1.682117,3996,3
2.5470326,-0.92079365,3997,3
3.822427,2.4176097,3998,3
2.9111938,0.5911859,3999,3
2.578512,0.60648376,4000,3
2.4669971,0.42864108,4001,3
2.7896163,0.8492564,4002,3
3.795312,-1.9192083,4003,3
3.6807673,3.2430906,4004,3
3.6523166,3.0079157,4005,3
3.8010552,-0.5183985,4006,3
3.330326,1.1653676,4007,3
4.581543,1.8720678,4008,3
2.6526158,-1.418961,4009,3
3.6671793,2.7360873,4010,3
3.2465653,4.408113,4011,3
4.1869116,2.2872083,4012,3
5.342999,1.0136502,4013,3
3.9020853,-1.8568348,4014,3
4.4100313,3.692521,4015,3
5.321251,1.7724162,4016,3
3.1019266,-0.27521187,4017,3
3.2982059,2.9622338,4018,3
4.171234,2.629297,4019,3
5.5056806,2.0729196,4020,3
5.243975,-0.009319175,4021,3
4.8681126,-0.25867933,4022,3
5.1990895,-0.019989122,4023,3
5.5861454,-1.2054284,4024,3
4.511534,3.0442772,4025,3
5.3720784,-0.73597014,4026,3
4.408503,3.9839232,4027,3
3.5536745,-1.6879191,4028,3
5.404248,0.3616297,4029,3
4.870467,-1.0148306,4030,3
5.005067,1.3234524,4031,3
5.5291767,2.390248,4032,3
4.7679834,-0.23566744,4033,3
4.854899,-1.0120714,4034,3
4.595304,-0.43600157,4035,3
5.6086717,1.1117451,4036,3
5.388287,2.5719676,4037,3
4.756964,-0.6262123,4038,3
5.428196,0.2629054,4039,3
5.038703,1.7765841,4040,3
4.566753,-0.69948936,4041,3
4.646298,0.21023174,4042,3
3.613813,0.047919523,4043,3
5.7997713,0.3791565,4044,3
5.018315,2.6125994,4045,3
3.3241227,-0.6064793,4046,3
3.7388573,3.137224,4047,3
2.9028811,-0.7711784,4048,3
2.9931836,2.087901,4049,3
2.8161483,1.4201628,4050,3
2.2517354,0.92737705,4051,3
2.2769146,0.6116375,4052,3
1.4219551,0.071531676,4053,3
2.5758631,1.6816809,4054,3
3.2610447,1.5332791,4055,3
2.1040025,0.4752009,4056,3
3.3718731,1.9435332,4057,3
2.6202283,0.80184835,4058,3
2.9445894,1.1367463,4059,3
2.979327,3.5557082,4060,3
1.9419327,1.3225474,4061,3
-0.33220744,3.5205414,4062,3
-0.77753156,1.9744116,4063,3
1.4388198,-0.7384147,4064,3
3.9318788,0.34928325,4065,3
3.5699635,4.5338116,4066,3
1.5296756,-1.5845108,4067,3
-0.1034387,1.1815525,4068,3
2.123206,-0.13666607,4069,3
3.0459397,3.5345147,4070,3
2.676113,2.3148484,4071,3
1.6993243,-0.5382424,4072,3
2.658618,2.52791,4073,3
2.5449543,-1.4272436,4074,3
2.4331,-1.3196142,4075,3
2.7635584,3.628552,4076,3
3.5274415,4.049553,4077,3
3.2127192,-1.2286671,4078,3
4.5059667,0.7625088,4079,3
3.521205,2.2292144,4080,3
3.7948966,-1.1340812,4081,3
4.231634,2.3814433,4082,3
5.9217095,-0.56693465,4083,3
4.397203,0.9250884,4084,3
5.2608232,-0.5584656,4085,3
6.2064404,1.7857921,4086,3
5.6325107,-0.7782554,4087,3
5.1950107,1.1540633,4088,3
5.202074,2.945536,4089,3
4.7773056,1.2112645,4090,3
5.1943016,1.5217221,4091,3
5.9482603,1.7764863,4092,3
5.6814184,2.4929621,4093,3
6.015218,1.7817286,4094,3
4.9094286,-1.9154845,4095,3
5.1784306,-0.17887664,4096,3
6.9181905,1.0120542,4097,3
6.848245,0.8328611,4098,3
6.4972806,0.06583518,4099,3
6.260795,-0.13297702,4100,3
4.531398,4.441521,4101,3
6.4696126,-0.034183715,4102,3
6.2246656,1.0812896,4103,3
6.5620394,0.21643402,4104,3
6.3142233,0.31579795,4105,3
4.83447,-1.7265722,4106,3
6.019175,1.0211835,4107,3
5.5254135,-0.14158341,4108,3
6.0018253,0.88748044,4109,3
5.236239,0.90879697,4110,3
4.529469,-1.9621264,4111,3
4.0113444,1.3445438,4112,3
4.2286353,0.25181258,4113,3
4.4764915,-1.2970635,4114,3
5.141631,2.2148826,4115,3
5.220558,0.24697648,4116,3
3.6851668,-1.5424994,4117,3
2.6003149,14.195165,4118,6
5.4416146,4.5924087,4119,3
4.3083344,-1.9720911,4120,3
4.996792,-1.2581707,4121,3
4.9129014,3.3471472,4122,3
5.531703,4.79944,4123,3
4.734866,-0.5320922,4124,3
4.8947225,-0.9145129,4125,3
3.4368796,3.7116432,4126,3
3.031664,-1.992887,4127,3
3.3170156,3.4619725,4128,3
3.4713304,2.461801,4129,3
5.2568626,1.2027119,4130,3
5.9852147,2.164087,4131,3
3.60646,-1.2379875,4132,3
3.6628838,1.6854942,4133,3
3.285104,2.8276439,4134,3
2.1093376,3.0239356,4135,3
3.2249482,-1.6403463,4136,3
3.8863108,3.8729954,4137,3
3.2324011,2.660884,4138,3
3.2102594,4.324669,4139,3
2.8588228,-2.016495,4140,3
3.5038753,4.585394,4141,3
2.0400379,-1.8464719,4142,3
3.5226839,3.3467646,4143,3
3.5737615,2.665975,4144,3
2.7296371,-1.1969249,4145,3
3.1283383,-1.5051861,4146,3
4.7748513,3.8261354,4147,3
3.5490108,4.0763397,4148,3
1.8901527,-0.6234151,4149,3
3.546538,0.98706466,4150,3
2.586139,0.9197664,4151,3
1.9869863,-2.0667653,4152,3
1.0518048,4.215407,4153,3
1.8677552,2.37486,4154,3
3.087773,2.2830868,4155,3
1.4274542,-1.0980895,4156,3
2.9157922,-0.1435211,4157,3
4.007694,1.9881922,4158,3
3.2240088,1.5322866,4159,3
2.8970134,-1.4793543,4160,3
2.3543048,3.0049877,4161,3
1.9834361,-1.6114137,4162,3
1.6875205,1.4363825,4163,3
2.2048767,1.5882132,4164,3
1.5828841,-0.5047313,4165,3
3.8548203,-1.6490628,4166,3
3.2033522,3.45422,4167,3
2.363907,-0.6721448,4168,3
2.0672016,-0.8985139,4169,3
3.2576087,1.1700405,4170,3
0.53705233,0.11678735,4171,3
2.3815591,2.8028316,4172,3
0.8977909,1.0503776,4173,3
2.690622,3.2442465,4174,3
2.1504345,0.8963983,4175,3
1.5609525,1.2241614,4176,3
4.577411,3.3631954,4177,3
3.4051301,-0.8230243,4178,3
2.059309,0.97893673,4179,3
4.104173,2.2061596,4180,3
2.9167948,-1.5199159,4181,3
3.6799128,3.4630566,4182,3
3.3576412,-0.16987708,4183,3
2.7080185,1.3500544,4184,3
1.9655473,1.4615686,4185,3
2.9245775,-0.7957971,4186,3
2.1131892,0.536176,4187,3
1.7143241,1.00218,4188,3
3.5155253,4.1715736,4189,3
2.6539145,0.74065655,4190,3
4.2234197,13.349339,4191,6
2.0604193,-0.42438594,4192,3
3.4920857,-0.7822957,4193,3
2.593742,2.458923,4194,3
3.3301392,0.33355165,4195,3
1.9606669,0.7870632,4196,3
2.9490762,-0.9088903,4197,3
5.240057,3.1778114,4198,3
2.1015635,-0.27711254,4199,3
2.2033923,2.0117953,4200,3
2.6798368,0.90732914,4201,3
2.7823234,0.021484124,4202,3
3.6717114,2.8589199,4203,3
1.950637,-0.8403624,4204,3
1.8961439,0.7974295,4205,3
2.2693608,-0.089655705,4206,3
3.4503307,1.6811637,4207,3
3.62428,2.6328661,4208,3
2.3888886,0.31988293,4209,3
3.9898238,-1.0349424,4210,3
3.2737112,-0.15874091,4211,3
3.302928,4.142694,4212,3
3.49243,1.6948671,4213,3
2.8757668,0.9116068,4214,3
3.1922233,4.692353,4215,3
2.9166114,0.2734938,4216,3
3.8085642,3.8234162,4217,3
3.2029037,-2.2390249,4218,3
3.0536766,-1.8250256,4219,3
4.2439857,-1.3793969,4220,3
5.322652,0.9815075,4221,3
3.4900541,2.6609173,4222,3
2.699514,-1.3315578,4223,3
2.464315,-0.70425045,4224,3
3.565731,2.715749,4225,3
5.3005843,1.226829,4226,3
5.802651,1.2371029,4227,3
3.8611956,0.7551835,4228,3
4.2759137,1.6885686,4229,3
5.1223707,1.3857316,4230,3
4.139965,-1.4806892,4231,3
4.953729,-1.3319187,4232,3
5.5567226,2.2286649,4233,3
5.504227,2.0166838,4234,3
2.9614332,-2.0047083,4235,3
3.8120785,-1.2261702,4236,3
4.1774917,-0.039665535,4237,3
4.914002,0.96984076,4238,3
5.808688,0.6734728,4239,3
5.6668024,0.8606653,4240,3
6.644738,-0.12838498,4241,3
5.921273,0.26137862,4242,3
5.039304,0.98816574,4243,3
5.2699447,0.42139238,4244,3
3.8671265,4.5367393,4245,3
5.29302,3.1066072,4246,3
3.3411918,-1.7668251,4247,3
5.561166,-0.9152634,4248,3
5.733097,-0.053033482,4249,3
5.475383,-0.831021,4250,3
5.8468585,0.9115517,4251,3
5.017354,0.09611686,4252,3
3.9654405,-0.8514729,4253,3
5.426623,1.4317669,4254,3
5.5079412,1.1848441,4255,3
5.2039084,1.0167029,4256,3
5.9915767,0.5984916,4257,3
5.466775,1.2540112,4258,3
5.7237062,0.4853514,4259,3
5.404675,-0.87984306,4260,3
5.7529874,0.27227643,4261,3
5.6299343,0.68312883,4262,3
5.810557,0.7504121,4263,3
6.0566707,-0.55812776,4264,3
5.859777,0.85621303,4265,3
5.9719524,0.98205644,4266,3
4.66929,1.0789416,4267,3
5.1159472,0.5298029,4268,3
5.05696,-0.75955415,4269,3
4.2007356,-1.8686057,4270,3
5.7291236,3.2920778,4271,3
6.2252297,-0.7675841,4272,3
4.8926544,-0.4709558,4273,3
6.4045625,0.7531318,4274,3
5.7507615,-1.619378,4275,3
6.5384827,0.52095,4276,3
6.739241,1.4034171,4277,3
5.9976234,-1.2231175,4278,3
5.6624293,-1.2205962,4279,3
3.9537597,-12.59616,4280,5
5.7480373,-0.15670203,4281,3
6.2337446,-1.1150225,4282,3
5.781327,-1.65682,4283,3
5.963134,1.7278206,4284,3
5.9345818,2.4069984,4285,3
6.08891,-0.9189786,4286,3
5.6820374,0.2637078,4287,3
6.521909,1.7732594,4288,3
6.0001793,0.7256616,4289,3
6.091972,1.7222028,4290,3
5.8827834,0.0901189,4291,3
6.2532916,1.3779794,4292,3
6.003125,0.33256164,4293,3
6.633659,-0.12333814,4294,3
6.365237,-0.60264504,4295,3
5.9522514,0.9158979,4296,3
6.1144557,2.3611076,4297,3
6.3857203,-1.1541818,4298,3
6.258056,-1.1483443,4299,3
5.5793495,0.38661322,4300,3
6.066746,-0.036100317,4301,3
6.3049874,-1.0833523,4302,3
6.0157905,0.03936218,4303,3
6.0410433,1.937371,4304,3
6.020364,1.4056115,4305,3
6.371511,0.44449192,4306,3
7.1683216,0.64770734,4307,3
5.1482477,-1.6770109,4308,3
6.195892,2.0946057,4309,3
5.7992887,-0.82916844,4310,3
6.105,2.628371,4311,3
4.405018,-2.0351372,4312,3
6.139736,-0.6921174,4313,3
5.8978024,2.3224866,4314,3
6.138299,0.72527575,4315,3
6.0486536,-1.257621,4316,3
6.1668987,-0.08462054,4317,3
6.2203083,2.3392217,4318,3
6.8484745,1.4946855,4319,3
5.963917,-1.4133583,4320,3
6.4548798,-0.6211916,4321,3
6.595638,0.96808267,4322,3
6.0752892,-1.2487278,4323,3
5.808306,-1.542584,4324,3
6.322099,1.1190916,4325,3
6.3096924,0.6942103,4326,3
6.0583405,-1.1640884,4327,3
6.045728,-0.2340908,4328,3
5.604522,-0.9861992,4329,3
5.705374,0.6961835,4330,3
6.1297503,-0.9251452,4331,3
6.1705403,-0.07455425,4332,3
6.0836105,1.267776,4333,3
6.311916,-1.3928537,4334,3
6.07734,-0.7139464,4335,3
6.012934,-0.50168115,4336,3
6.022443,2.8243072,4337,3
6.4830008,-0.594121,4338,3
6.5312324,-1.4282146,4339,3
6.174066,2.254482,4340,3
6.201732,2.5048678,4341,3
6.17204,0.9151535,4342,3
6.355177,2.6246095,4343,3
6.6904984,-0.086701505,4344,3
6.3327236,1.7096742,4345,3
6.481397,1.2272403,4346,3
6.1538486,-0.8178768,4347,3
5.8403583,-1.6154697,4348,3
6.609556,1.664985,4349,3
6.1575193,-1.4473954,4350,3
5.652859,-1.8081993,4351,3
6.2228317,2.041913,4352,3
5.9688363,2.5249784,4353,3
6.6568103,0.12217748,4354,3
5.9283,-1.3696088,4355,3
6.776608,-0.12892748,4356,3
6.7029657,-0.40744698,4357,3
6.1654744,2.12877,4358,3
6.485677,0.8471885,4359,3
6.1352825,-0.4945285,4360,3
5.9071674,-1.2213036,4361,3
5.8970795,-1.038528,4362,3
5.678506,-1.4312338,4363,3
6.25164,-1.3173219,4364,3
5.9243474,-0.6693299,4365,3
6.105045,0.62231517,4366,3
6.3019295,1.0430675,4367,3
6.0428395,2.3592308,4368,3
6.5512786,-0.55273944,4369,3
6.595088,0.06774121,4370,3
5.3626375,-1.9379029,4371,3
5.935903,2.296133,4372,3
6.234381,1.7287855,4373,3
6.5077972,-0.550876,4374,3
6.784395,0.5189711,4375,3
6.214823,-0.7743732,4376,3
6.3760924,1.510039,4377,3
6.216641,-1.1509278,4378,3
5.9683104,1.2893622,4379,3
6.2328897,-1.2625464,4380,3
6.2667494,-0.9746315,4381,3
6.026716,-0.3728036,4382,3
6.0723186,1.2992942,4383,3
6.121197,0.27504095,4384,3
6.2725716,1.0205271,4385,3
5.8576946,-1.5287766,4386,3
6.544662,1.1250489,4387,3
5.9378505,-1.2807086,4388,3
3.9652126,-12.600289,4389,5
4.166352,-12.27633,4390,5
4.043001,-12.570826,4391,5
4.0003476,-12.515963,4392,5
4.3061786,-12.536896,4393,5
4.1098804,-12.520521,4394,5
4.162749,-12.286313,4395,5
4.1356125,-12.3643465,4396,5
4.1922073,-12.243829,4397,5
4.0478773,-12.587297,4398,5
4.109414,-12.421181,4399,5
3.9184809,-12.645513,4400,5
4.1451178,-12.350897,4401,5
4.0503325,-12.495897,4402,5
4.0271935,-12.570411,4403,5
4.1461625,-12.317097,4404,5
3.9924963,-12.571173,4405,5
3.9750934,-12.621417,4406,5
4.070021,-12.476059,4407,5
4.1519284,-12.470602,4408,5
4.0803924,-12.502144,4409,5
3.9263985,-12.607871,4410,5
4.1453114,-12.325851,4411,5
4.141326,-12.322516,4412,5
4.179983,-12.247195,4413,5
3.9115393,-12.628939,4414,5
3.9286053,-12.601758,4415,5
4.185262,-12.230675,4416,5
4.1258626,-12.42522,4417,5
3.9429085,-12.575722,4418,5
4.1578627,-12.301089,4419,5
3.784564,-12.713524,4420,5
4.245577,-12.099913,4421,5
3.9275157,-12.608197,4422,5
4.0001516,-12.467594,4423,5
3.9657307,-12.556259,4424,5
3.8842435,-12.71132,4425,5
4.015006,-12.425864,4426,5
4.0193105,-12.447659,4427,5
3.9450698,-12.3786,4428,5
4.098604,-12.348033,4429,5
4.0231457,-12.618906,4430,5
4.126491,-12.482663,4431,5
4.0111575,-12.494107,4432,5
3.4941242,-13.271869,4433,5
2.7034235,-14.932662,4434,5
2.7053993,-14.902997,4435,5
2.7074125,-14.8951645,4436,5
2.7208421,-14.452526,4437,5
3.983049,-12.490056,4438,5
6.1938596,2.0331986,4439,3
6.188201,-1.0063901,4440,3
7.5973635,0.4756429,4441,3
7.406653,1.8277462,4442,3
6.7716465,1.1562907,4443,3
6.925486,0.6046775,4444,3
6.5978518,1.6333461,4445,3
6.945475,1.6731852,4446,3
6.0818996,0.28352022,4447,3
6.769832,1.5648564,4448,3
7.050167,0.85264033,4449,3
6.3490915,-1.1059333,4450,3
5.636836,4.728007,4451,3
6.979587,0.5822951,4452,3
6.7322516,0.13584326,4453,3
5.9134736,2.6803412,4454,3
6.389892,1.2821693,4455,3
6.5546637,1.5889302,4456,3
5.588071,-1.7007388,4457,3
5.307979,2.9744923,4458,3
6.261431,-0.6924626,4459,3
6.2057915,0.69339097,4460,3
6.304731,1.6556407,4461,3
4.8688984,3.8049238,4462,3
7.0867915,0.3712664,4463,3
7.354052,0.3323206,4464,3
6.7432585,1.5071894,4465,3
5.6477475,-0.5622168,4466,3
5.968269,3.5368354,4467,3
6.5918813,-0.10645207,4468,3
6.73977,1.0967982,4469,3
5.3067813,-0.23697963,4470,3
6.422834,1.8677953,4471,3
6.870822,0.85336107,4472,3
6.651833,0.49670792,4473,3
5.5168977,-0.68193394,4474,3
6.530328,0.68956935,4475,3
6.832423,1.0227549,4476,3
6.672595,1.2264528,4477,3
6.84214,1.6093605,4478,3
3.879709,-1.4585477,4479,3
7.255561,2.367054,4480,3
6.5164685,0.11123682,4481,3
6.647242,1.2566433,4482,3
6.2515798,-0.5347396,4483,3
5.87406,-0.8203153,4484,3
5.725616,-0.75600016,4485,3
5.5690303,-0.47289345,4486,3
5.284645,0.7063398,4487,3
6.4606686,13.6882305,4488,6
5.02454,-0.16402148,4489,3
6.1162515,14.044696,4490,6
6.1656876,14.186435,4491,6
4.8808265,14.845143,4492,6
3.8754723,14.798061,4493,6
3.716885,14.060454,4494,6
5.1469274,14.558586,4495,6
5.49623,14.192355,4496,6
4.0908566,14.934953,4497,6
4.049081,14.633549,4498,6
4.5728254,14.251049,4499,6
5.2758975,14.854868,4500,6
3.4119883,15.230298,4501,6
4.315468,14.612381,4502,6
4.8965945,14.171702,4503,6
4.2704062,15.008687,4504,6
4.5539966,14.266389,4505,6
4.444636,15.493896,4506,6
5.7475204,15.067791,4507,6
5.939279,14.41825,4508,6
3.7085273,15.655668,4509,6
5.640575,14.404154,4510,6
5.38773,14.471559,4511,6
3.1136816,14.961482,4512,6
5.2470417,14.677076,4513,6
5.786202,13.928057,4514,6
4.658581,13.4075365,4515,6
3.2178137,15.636174,4516,6
4.035481,14.183731,4517,6
5.8653116,13.772505,4518,6
5.9360485,14.437606,4519,6
3.11689,14.592345,4520,6
4.693301,14.0954,4521,6
5.63034,14.2844,4522,6
4.0846314,15.36134,4523,6
3.3580601,15.107872,4524,6
5.301945,13.920781,4525,6
5.3778553,13.981488,4526,6
6.089482,14.075769,4527,6
6.0201316,14.349261,4528,6
4.1786857,14.155897,4529,6
4.3765254,14.56711,4530,6
3.836155,14.299117,4531,6
6.0426106,14.431951,4532,6
6.502724,13.6965885,4533,6
5.4703894,14.291136,4534,6
5.792147,14.650828,4535,6
2.7681603,15.349544,4536,6
5.600494,13.994504,4537,6
6.35912,14.713086,4538,6
2.54183,14.717099,4539,6
3.0119417,14.659238,4540,6
6.153443,14.0554905,4541,6
6.326158,13.86665,4542,6
5.690503,14.37099,4543,6
6.0035367,14.962279,4544,6
6.034737,15.102878,4545,6
2.9232032,15.261969,4546,6
5.5728884,14.288969,4547,6
5.777243,14.105218,4548,6
6.3696933,14.375088,4549,6
4.4594407,15.160163,4550,6
3.6435013,14.81765,4551,6
3.6092987,14.970953,4552,6
4.369554,14.9991455,4553,6
5.992367,14.036862,4554,6
4.6189003,15.078522,4555,6
5.044643,14.463154,4556,6
3.3035698,14.796633,4557,6
4.359492,15.18685,4558,6
4.5126033,15.168168,4559,6
5.94501,13.902453,4560,6
3.7611597,14.985933,4561,6
2.7181213,15.16869,4562,6
5.511578,14.053353,4563,6
4.1663,15.237201,4564,6
5.8802247,14.909726,4565,6
4.0410843,14.874818,4566,6
6.1830945,14.234237,4567,6
4.766426,14.172302,4568,6
3.0384083,14.901146,4569,6
4.1957545,14.28597,4570,6
4.4699264,13.885989,4571,6
4.8254414,14.697026,4572,6
4.8568935,14.309696,4573,6
4.6327195,15.759178,4574,6
5.436307,15.554415,4575,6
3.0372484,14.87868,4576,6
3.5346692,14.868546,4577,6
6.0842505,14.167356,4578,6
3.217517,15.150442,4579,6
4.5104094,13.216429,4580,6
4.4966016,15.167815,4581,6
3.553134,16.062737,4582,6
4.3972445,15.642901,4583,6
3.8009672,16.062914,4584,6
4.3373055,-2.0300457,4585,3
3.396512,15.057484,4586,6
4.9672613,14.430039,4587,6
6.1872888,14.50405,4588,6
3.656127,14.337475,4589,6
4.175688,14.698656,4590,6
6.093064,15.106786,4591,6
4.523061,13.7341,4592,6
3.743567,15.661055,4593,6
3.7437599,15.307477,4594,6
2.9060318,-2.2728488,4595,3
3.8790853,13.161008,4596,6
5.347009,14.678243,4597,6
5.5477405,14.521577,4598,6
2.861523,14.86694,4599,6
2.7160578,-0.62266505,4600,3
5.5730686,14.544571,4601,6
5.488022,13.240609,4602,6
4.8043847,13.901999,4603,6
2.0991788,14.867842,4604,6
3.8209603,13.916325,4605,6
6.412038,13.828031,4606,6
3.1047087,14.344001,4607,6
3.7703846,14.121638,4608,6
3.0290236,14.746419,4609,6
1.944489,-0.42655975,4610,3
6.2966824,14.085387,4611,6
4.581208,13.642453,4612,6
5.885432,13.966623,4613,6
3.7734978,14.848944,4614,6
5.2208557,14.023925,4615,6
4.154499,13.665237,4616,6
6.2487736,13.970827,4617,6
5.8706713,13.893504,4618,6
3.105561,14.5670395,4619,6
4.36298,14.095957,4620,6
2.9259317,14.621552,4621,6
5.6844974,14.657616,4622,6
6.1745386,14.18129,4623,6
4.6445446,14.025719,4624,6
6.95009,14.780314,4625,6
3.0270083,14.744565,4626,6
7.12146,14.804338,4627,6
3.8085582,14.478704,4628,6
4.408533,13.810146,4629,6
4.798019,13.543487,4630,6
6.083523,14.098443,4631,6
5.225578,13.209906,4632,6
3.1368096,14.825178,4633,6
4.400707,14.064843,4634,6
6.121566,14.165808,4635,6
2.924559,14.955134,4636,6
5.9164934,14.482183,4637,6
4.1949263,14.535248,4638,6
5.2554097,14.729949,4639,6
3.4980366,14.452517,4640,6
3.5944831,15.177588,4641,6
5.5542035,14.011133,4642,6
5.1281514,15.131948,4643,6
4.391579,14.281858,4644,6
4.4333935,15.607168,4645,6
4.746812,15.340937,4646,6
4.3003936,15.400353,4647,6
5.7987504,14.951649,4648,6
3.0189073,15.799047,4649,6
4.4565377,15.589275,4650,6
3.8597229,15.4128895,4651,6
4.589594,14.370837,4652,6
6.157587,14.512454,4653,6
2.3856673,16.056318,4654,6
3.9652417,15.53255,4655,6
4.274722,14.728202,4656,6
2.6783206,15.583322,4657,6
4.6922617,15.245853,4658,6
5.971001,14.03544,4659,6
4.1715355,14.808097,4660,6
4.257533,14.791864,4661,6
4.0278716,14.912918,4662,6
5.860556,14.837271,4663,6
3.918218,14.625024,4664,6
4.892679,13.692945,4665,6
4.8082266,14.730256,4666,6
2.606914,15.326174,4667,6
5.936616,13.937543,4668,6
3.3058274,15.142013,4669,6
4.654857,14.948381,4670,6
3.3807037,14.286954,4671,6
3.1188765,14.505356,4672,6
4.761771,14.457195,4673,6
5.7492905,13.863579,4674,6
3.632962,14.845077,4675,6
4.162643,15.041872,4676,6
5.0588374,13.679671,4677,6
4.312944,15.158704,4678,6
3.9555936,14.604862,4679,6
5.0369964,13.15454,4680,6
3.269061,14.438025,4681,6
2.8693218,14.420723,4682,6
6.039675,13.933553,4683,6
4.4000707,13.837948,4684,6
3.7313073,13.871554,4685,6
5.277178,13.918606,4686,6
4.72415,13.498284,4687,6
5.179187,13.928756,4688,6
2.4895513,15.037693,4689,6
5.145556,13.744225,4690,6
3.3794916,14.376037,4691,6
6.2087417,14.039064,4692,6
4.7302527,14.171148,4693,6
3.6402798,14.47124,4694,6
2.758032,15.757804,4695,6
6.279327,14.066702,4696,6
3.045985,15.9422035,4697,6
5.1473455,15.048416,4698,6
2.8544388,15.808036,4699,6
5.899718,13.915151,4700,6
5.856548,14.312045,4701,6
3.003507,15.471231,4702,6
5.1401243,15.583064,4703,6
6.2782855,14.302926,4704,6
6.1120043,14.094257,4705,6
3.402407,14.90119,4706,6
4.31873,14.93133,4707,6
3.0354223,15.10748,4708,6
5.1420608,14.657281,4709,6
6.413777,14.510029,4710,6
4.255594,14.566449,4711,6
3.7503972,15.658812,4712,6
4.902192,15.1733465,4713,6
4.1567016,15.3669405,4714,6
3.8808403,14.940213,4715,6
5.8712363,14.240437,4716,6
3.5245297,15.568821,4717,6
5.1577377,15.234247,4718,6
3.1453412,14.738603,4719,6
5.349996,13.438816,4720,6
3.6994221,15.088962,4721,6
4.447653,14.91729,4722,6
3.8329508,14.68991,4723,6
4.334933,14.762699,4724,6
3.3027482,15.142369,4725,6
5.342647,14.087449,4726,6
2.9629927,15.019096,4727,6
4.969243,13.842593,4728,6
4.7899613,15.173106,4729,6
3.2773306,14.567385,4730,6
3.8447092,13.890375,4731,6
5.6013174,13.3504,4732,6
4.564467,13.875976,4733,6
2.1980245,14.607008,4734,6
4.2867303,13.87107,4735,6
5.194076,14.000767,4736,6
4.062784,13.732303,4737,6
2.5964122,14.777351,4738,6
6.361431,13.700511,4739,6
3.2899518,14.135,4740,6
3.5516355,14.477832,4741,6
4.718265,13.34904,4742,6
3.50254,13.890379,4743,6
2.8890698,14.63533,4744,6
5.0063515,13.932943,4745,6
6.0230384,13.833885,4746,6
4.884778,13.665643,4747,6
6.317637,13.723569,4748,6
3.0445347,14.2294445,4749,6
2.9068236,14.366663,4750,6
4.715091,13.622704,4751,6
4.1045866,13.783104,4752,6
4.4546614,13.812724,4753,6
4.21834,13.870309,4754,6
5.211066,13.269243,4755,6
4.239896,14.011982,4756,6
5.936676,13.859375,4757,6
3.2028902,14.096831,4758,6
4.5506873,13.582831,4759,6
3.70721,14.038781,4760,6
4.4346957,13.7460165,4761,6
5.1987224,13.297965,4762,6
3.8615918,13.828093,4763,6
5.083313,13.761212,4764,6
5.220943,13.717703,4765,6
5.0787992,13.286939,4766,6
5.0984373,13.4632015,4767,6
5.6946363,13.660637,4768,6
6.4798193,13.78641,4769,6
4.234292,14.114894,4770,6
5.0812316,13.417128,4771,6
2.5105126,15.0059185,4772,6
3.5463703,14.150513,4773,6
5.8036294,13.758608,4774,6
5.3289113,13.3550825,4775,6
6.1706953,14.11903,4776,6
3.8392966,13.73863,4777,6
3.1276426,14.000645,4778,6
3.7926033,14.214496,4779,6
6.158797,13.719266,4780,6
3.1266258,14.832288,4781,6
4.9153132,13.97799,4782,6
4.1881795,13.9295845,4783,6
2.2083135,14.587215,4784,6
5.8726754,13.701618,4785,6
2.938907,-14.716915,4786,5
2.9886062,-14.725124,4787,5
2.9281888,-14.824032,4788,5
2.910415,-14.847495,4789,5
2.932448,-14.807802,4790,5
2.9448667,-14.7831545,4791,5
2.9406574,-14.800293,4792,5
3.004413,-14.687193,4793,5
2.9484472,-14.779978,4794,5
2.9318285,-14.815064,4795,5
2.2539542,-14.0051,4796,5
3.043501,14.727464,4797,6
4.7787786,13.902049,4798,6
3.5669076,14.132327,4799,6
6.3972564,13.770558,4800,6
5.8521347,13.83191,4801,6
3.493711,-1.8907031,4802,3
3.096056,14.195402,4803,6
4.470328,13.635864,4804,6
5.237566,13.549107,4805,6
5.5737095,13.699669,4806,6
5.3220463,13.329276,4807,6
2.6259654,14.538289,4808,6
5.8821964,13.451731,4809,6
6.1362066,13.652039,4810,6
5.74506,13.558263,4811,6
3.5098321,14.33855,4812,6
2.4865937,14.79733,4813,6
3.65949,13.942362,4814,6
3.435098,14.216754,4815,6
4.6884575,13.590914,4816,6
6.213392,13.373399,4817,6
4.384451,13.827904,4818,6
2.3439481,14.70365,4819,6
6.216479,13.531221,4820,6
5.4900084,13.458413,4821,6
5.2227464,13.668293,4822,6
4.1687613,15.396756,4823,6
5.473367,14.376514,4824,6
5.299536,14.436617,4825,6
4.334091,13.959203,4826,6
3.0235538,14.862721,4827,6
5.1664796,13.5778885,4828,6
4.618379,13.91371,4829,6
6.0741644,13.62088,4830,6
5.4058495,13.816658,4831,6
3.1044488,14.783671,4832,6
4.7098026,13.925523,4833,6
3.9333959,14.754829,4834,6
5.9498515,14.874504,4835,6
4.4315786,13.963599,4836,6
3.6430428,14.86703,4837,6
5.360265,14.179864,4838,6
4.5324435,13.945967,4839,6
4.438606,13.25342,4840,6
4.4804506,14.597113,4841,6
4.163004,13.776407,4842,6
3.9156241,14.595186,4843,6
3.7130222,15.774941,4844,6
5.220637,13.899517,4845,6
3.642027,14.636998,4846,6
5.3394403,14.755172,4847,6
5.7363954,14.066016,4848,6
2.4718575,14.778029,4849,6
6.071897,14.853178,4850,6
5.879726,15.0655575,4851,6
5.1521273,15.479149,4852,6
3.5578153,15.718482,4853,6
4.184225,16.043207,4854,6
6.3954563,14.389558,4855,6
3.858852,14.436639,4856,6
5.5216403,14.30194,4857,6
4.083524,15.034017,4858,6
2.9766572,15.863198,4859,6
3.2523293,15.364806,4860,6
5.517418,15.252958,4861,6
4.1025295,15.753984,4862,6
5.5279,15.078744,4863,6
5.536065,14.943809,4864,6
3.8653035,15.192053,4865,6
6.9439397,14.893467,4866,6
3.774003,15.139677,4867,6
3.3403137,15.753638,4868,6
5.9064283,14.380934,4869,6
3.125873,15.454834,4870,6
5.3377666,15.012366,4871,6
4.502409,15.576532,4872,6
5.92729,14.389782,4873,6
5.7161703,15.101863,4874,6
6.3402843,14.501507,4875,6
2.9301612,15.784148,4876,6
5.126071,14.758218,4877,6
4.7139273,15.038802,4878,6
5.8861732,15.005332,4879,6
4.8122177,14.345963,4880,6
5.712888,15.322741,4881,6
3.5506163,15.02666,4882,6
6.4527636,14.811925,4883,6
3.0610535,15.575952,4884,6
4.678787,15.001715,4885,6
5.867813,14.8192005,4886,6
5.431226,14.675539,4887,6
5.7418866,15.141368,4888,6
5.4263873,13.90815,4889,6
4.4613376,15.4328165,4890,6
3.0325022,15.896049,4891,6
4.456192,15.517813,4892,6
4.1386065,15.994518,4893,6
5.2387333,15.459693,4894,6
4.752371,15.262131,4895,6
6.1498513,14.820545,4896,6
2.5860703,16.03958,4897,6
6.092226,14.830953,4898,6
3.476973,15.131885,4899,6
4.590285,15.821031,4900,6
4.6064143,15.222333,4901,6
4.3226404,14.882234,4902,6
5.871775,15.207811,4903,6
4.5121346,15.238075,4904,6
3.8281958,15.248155,4905,6
4.787428,15.607356,4906,6
5.187613,15.314064,4907,6
2.977576,15.585681,4908,6
3.3553762,15.674911,4909,6
6.21769,14.795001,4910,6
4.582424,15.455931,4911,6
4.5834465,15.669919,4912,6
2.9204328,15.906883,4913,6
4.724407,15.769092,4914,6
3.2885132,15.830654,4915,6
4.732655,15.785228,4916,6
3.2837465,15.980801,4917,6
4.3949237,15.948295,4918,6
5.3769293,15.732385,4919,6
5.3609433,15.332308,4920,6
2.8152828,15.7606535,4921,6
6.318284,15.186874,4922,6
5.5381346,15.272798,4923,6
4.361432,15.323916,4924,6
3.585214,16.013685,4925,6
4.682005,15.814465,4926,6
5.2405896,15.627932,4927,6
3.9425793,15.848728,4928,6
4.35091,15.9192705,4929,6
4.6225653,15.993604,4930,6
5.7233806,15.085955,4931,6
4.095315,15.565586,4932,6
4.307712,15.994522,4933,6
3.1401696,15.785605,4934,6
5.8957067,14.731129,4935,6
4.9106593,15.60801,4936,6
4.9395385,15.812228,4937,6
4.638549,15.287407,4938,6
5.9247375,15.374271,4939,6
5.105239,15.574161,4940,6
3.0558255,16.204906,4941,6
3.4708993,15.838325,4942,6
4.30894,15.99151,4943,6
5.262586,15.960561,4944,6
4.3205547,15.85436,4945,6
5.6638155,15.236649,4946,6
4.459595,16.049215,4947,6
5.2866654,15.784012,4948,6
3.6717963,15.921443,4949,6
4.0820317,15.500147,4950,6
5.579039,15.486731,4951,6
3.867235,15.436943,4952,6
5.1036263,15.639337,4953,6
4.3360744,15.915563,4954,6
5.4645095,15.589946,4955,6
5.833609,15.162968,4956,6
4.848592,15.54237,4957,6
6.107784,15.094526,4958,6
3.2372782,15.830503,4959,6
4.583525,15.6664505,4960,6
4.048555,16.086983,4961,6
4.534996,15.511105,4962,6
3.787281,15.613677,4963,6
4.6379075,15.376732,4964,6
4.0829062,15.520957,4965,6
4.382949,15.83145,4966,6
4.8377104,15.231767,4967,6
4.0435667,15.6104765,4968,6
3.021479,15.581624,4969,6
5.415722,15.259761,4970,6
5.999398,15.166884,4971,6
3.2013094,15.423671,4972,6
3.9990118,15.546684,4973,6
4.4481416,15.503581,4974,6
5.6405087,14.795506,4975,6
3.408299,15.725127,4976,6
5.954333,14.189669,4977,6
5.6633,14.914572,4978,6
5.892089,14.398431,4979,6
4.152903,15.911302,4980,6
3.5121326,15.789981,4981,6
4.20313,15.417969,4982,6
4.665736,15.735228,4983,6
4.069612,15.641973,4984,6
4.1846185,15.200566,4985,6
4.741504,15.587715,4986,6
3.064034,15.49638,4987,6
5.721836,15.50702,4988,6
5.257044,15.712557,4989,6
4.283811,15.717787,4990,6
6.5024495,14.726701,4991,6
3.29058,16.2026,4992,6
5.1819406,15.711096,4993,6
3.5294213,15.691335,4994,6
4.2552714,15.926634,4995,6
4.4028473,15.468245,4996,6
4.718261,15.832266,4997,6
4.530361,15.396294,4998,6
4.8264585,14.72604,4999,6
3.0158818,16.150719,5000,6
4.5703006,15.73841,5001,6
4.463547,15.687279,5002,6
5.121213,15.685259,5003,6
3.0248759,15.859871,5004,6
4.539467,15.962369,5005,6
3.068877,16.223486,5006,6
4.444996,15.798283,5007,6
3.4118762,16.223583,5008,6
5.4257197,15.677592,5009,6
4.313679,16.048634,5010,6
4.214836,15.406919,5011,6
3.129269,15.167584,5012,6
5.7588,15.195645,5013,6
3.8556275,15.537958,5014,6
6.188272,14.713088,5015,6
3.0313666,16.182568,5016,6
5.4028854,15.295005,5017,6
2.3380625,15.509553,5018,6
6.1209774,14.121435,5019,6
4.248335,15.389203,5020,6
3.031239,15.804823,5021,6
3.6234496,15.99517,5022,6
3.40639,15.604646,5023,6
3.651098,15.59887,5024,6
4.953803,15.663228,5025,6
3.7901895,15.636743,5026,6
3.201594,15.896693,5027,6
5.9431186,15.157391,5028,6
3.4162035,15.941776,5029,6
6.0468698,15.08095,5030,6
4.499421,15.897487,5031,6
2.4873784,15.832922,5032,6
4.2937098,15.82468,5033,6
3.3882213,15.931777,5034,6
2.8965063,16.243761,5035,6
5.3191743,14.687902,5036,6
5.675277,13.935784,5037,6
4.9868927,15.2006,5038,6
3.6501305,15.802711,5039,6
4.996888,15.127568,5040,6
4.5303154,15.192144,5041,6
3.520835,15.7265415,5042,6
2.8612866,15.524039,5043,6
3.903233,14.897778,5044,6
3.0821753,15.626697,5045,6
4.1305366,15.042662,5046,6
5.0610743,15.383644,5047,6
4.9303594,15.271532,5048,6
4.5554338,15.661687,5049,6
2.8174973,15.579071,5050,6
3.7377741,14.884645,5051,6
4.222348,14.304969,5052,6
4.341442,15.431542,5053,6
5.2160068,13.896525,5054,6
6.095855,14.979935,5055,6
3.5248625,15.363686,5056,6
3.0781755,15.551489,5057,6
6.295616,14.640062,5058,6
4.1771083,15.171286,5059,6
3.7496238,15.127598,5060,6
3.784578,14.667517,5061,6
3.868969,14.567245,5062,6
4.2612004,15.470668,5063,6
2.9606874,15.277625,5064,6
5.55085,14.7159,5065,6
4.360042,15.3425045,5066,6
4.510323,15.509269,5067,6
4.5179825,15.685136,5068,6
4.0120015,15.955304,5069,6
6.343622,14.146809,5070,6
3.176628,15.62233,5071,6
4.7308946,15.626044,5072,6
3.1171575,15.638639,5073,6
3.3087952,15.729846,5074,6
4.903367,15.424217,5075,6
5.1357665,15.713591,5076,6
3.8646538,16.10366,5077,6
4.863839,15.222072,5078,6
3.556531,16.138575,5079,6
6.0576024,15.581722,5080,6
3.385752,15.560455,5081,6
4.0911956,16.03687,5082,6
3.8321574,16.650398,5083,6
4.5548887,16.03467,5084,6
6.0126996,15.500956,5085,6
3.3034875,15.860355,5086,6
5.295999,15.696321,5087,6
3.7432923,15.973935,5088,6
3.3644612,16.100813,5089,6
2.676688,15.986394,5090,6
2.8711834,16.056606,5091,6
5.0515614,15.552272,5092,6
4.470509,15.792702,5093,6
4.1571603,15.74373,5094,6
3.8755085,15.777969,5095,6
3.8128643,15.995161,5096,6
4.9681325,15.500817,5097,6
5.1110067,15.548496,5098,6
3.046333,15.511539,5099,6
4.055566,15.976307,5100,6
5.985906,15.370915,5101,6
3.8214414,15.741472,5102,6
2.5807366,15.737852,5103,6
3.7920775,14.955244,5104,6
6.187117,14.21455,5105,6
5.71723,14.140391,5106,6
6.27458,13.849071,5107,6
2.984469,15.065486,5108,6
3.58789,15.016705,5109,6
3.6758797,15.100252,5110,6
6.198895,14.960511,5111,6
2.9443963,15.869686,5112,6
2.9024794,15.587397,5113,6
2.240193,15.502843,5114,6
4.8748765,13.523504,5115,6
5.915037,14.078474,5116,6
6.079134,13.68794,5117,6
2.8593347,15.56945,5118,6
5.9065976,14.078179,5119,6
5.0676847,14.987999,5120,6
2.9897532,15.120742,5121,6
5.855921,14.035006,5122,6
2.70256,15.886612,5123,6
6.120853,14.23886,5124,6
3.3249764,15.65503,5125,6
4.720411,14.587278,5126,6
5.822743,14.805146,5127,6
4.594011,14.845678,5128,6
5.036267,15.631591,5129,6
3.5386138,15.233716,5130,6
3.3938482,15.162754,5131,6
3.9743264,15.113004,5132,6
3.058138,15.564376,5133,6
5.3248143,13.974874,5134,6
4.2529893,15.132433,5135,6
3.1900837,15.058622,5136,6
3.042309,15.039403,5137,6
5.021806,13.831324,5138,6
4.2511454,14.379285,5139,6
4.180923,14.291599,5140,6
4.6180906,14.165436,5141,6
6.328503,14.71363,5142,6
4.0222783,14.06005,5143,6
4.71315,14.717373,5144,6
2.9802983,15.875634,5145,6
2.503303,15.831052,5146,6
4.788157,15.443464,5147,6
3.0949192,15.505069,5148,6
5.06724,15.640837,5149,6
2.9756854,15.756994,5150,6
2.873707,15.95692,5151,6
4.599767,15.9428,5152,6
3.6876843,15.931542,5153,6
4.684457,16.042683,5154,6
4.090157,15.470863,5155,6
2.9560697,16.186909,5156,6
4.8513765,14.427553,5157,6
3.950157,15.254623,5158,6
4.6768923,15.613544,5159,6
3.9038336,15.554086,5160,6
2.889848,15.364605,5161,6
3.7954435,14.918691,5162,6
5.5214505,13.927144,5163,6
3.4124458,15.288723,5164,6
6.0964293,14.006789,5165,6
4.284751,14.9443,5166,6
2.7856617,14.912049,5167,6
4.6099677,13.97885,5168,6
3.7917855,14.819893,5169,6
3.93742,14.573064,5170,6
6.3517265,13.900672,5171,6
5.3479853,13.940362,5172,6
3.045429,14.566798,5173,6
3.168658,14.268303,5174,6
6.109498,14.126473,5175,6
3.5061169,14.552589,5176,6
3.4401422,14.557455,5177,6
3.8678594,14.507221,5178,6
5.829808,13.807679,5179,6
5.09911,14.41762,5180,6
4.8955865,14.017879,5181,6
3.407991,14.811123,5182,6
5.343985,13.936491,5183,6
2.7934213,15.158028,5184,6
5.7396436,13.888474,5185,6
5.9907346,14.168699,5186,6
6.176509,14.1656685,5187,6
2.6411085,14.720916,5188,6
6.7368364,14.238745,5189,6
6.03534,13.969392,5190,6
3.1715808,14.692231,5191,6
3.7321858,14.156579,5192,6
4.0173144,13.650493,5193,6
5.973158,13.779963,5194,6
5.1690884,13.996341,5195,6
3.857986,14.205421,5196,6
3.660065,14.520481,5197,6
5.5678554,13.585262,5198,6
4.763256,13.166521,5199,6
5.319322,13.643864,5200,6
2.1034284,14.721077,5201,6
3.018429,14.710751,5202,6
4.1444263,13.727932,5203,6
5.237085,13.503221,5204,6
6.3149886,14.785744,5205,6
2.969432,14.792096,5206,6
5.6152654,15.2085495,5207,6
3.513041,15.098311,5208,6
5.5987406,14.227517,5209,6
3.8201325,14.849813,5210,6
5.532137,14.07323,5211,6
2.8372188,15.066472,5212,6
4.695042,14.176628,5213,6
3.774938,15.671988,5214,6
3.0188024,14.819855,5215,6
6.3305426,14.060763,5216,6
3.6001635,15.732785,5217,6
3.3850842,4.6220675,5218,3
7.8950562,3.0594459,5219,3
7.00273,0.76150584,5220,3
4.4899206,3.018049,5221,3
2.0511622,0.24094923,5222,3
2.7108526,-1.2715116,5223,3
2.5299287,4.366481,5224,3
4.2764087,4.040876,5225,3
1.4308093,1.1725254,5226,3
3.5931756,3.709927,5227,3
1.71968,0.2400932,5228,3
4.017554,3.2194571,5229,3
3.0538318,4.3430634,5230,3
4.5598392,3.7914464,5231,3
3.8857167,3.1341558,5232,3
3.8284848,3.8717222,5233,3
2.6955628,2.9889064,5234,3
3.5662985,3.7250757,5235,3
4.2650723,4.0193744,5236,3
4.034739,4.1972613,5237,3
-0.30560336,4.010401,5238,3
3.6702428,3.3673098,5239,3
1.8870993,-1.3366653,5240,3
3.239187,2.3773804,5241,3
3.9865713,3.8030748,5242,3
4.078103,2.9359558,5243,3
3.9575567,4.1871815,5244,3
2.7667696,1.3907796,5245,3
3.2296922,2.1988485,5246,3
4.4816074,4.1608586,5247,3
4.664956,3.4135551,5248,3
3.7245967,3.6438498,5249,3
3.5167978,2.7555285,5250,3
2.0897064,-1.6240584,5251,3
3.9589162,2.6075695,5252,3
4.0778365,2.2297826,5253,3
4.495712,3.6208081,5254,3
3.6354284,4.6546245,5255,3
3.9049046,1.9466101,5256,3
2.7470763,3.8838649,5257,3
4.4053473,2.9656246,5258,3
3.580275,3.5354593,5259,3
3.9375815,3.038985,5260,3
4.254783,4.1915407,5261,3
0.26903155,3.8110433,5262,3
3.5768094,2.5033748,5263,3
4.1321845,2.391605,5264,3
3.6311302,3.3688664,5265,3
3.2681062,1.2179701,5266,3
3.640939,2.876424,5267,3
2.5059526,2.0399764,5268,3
2.2320988,-0.19753537,5269,3
4.8504815,3.0738275,5270,3
3.636653,3.2055364,5271,3
4.7976027,2.9535408,5272,3
4.4839497,3.8909893,5273,3
4.572671,2.9940355,5274,3
2.873948,3.017217,5275,3
3.8559465,3.6895967,5276,3
2.7456157,2.904445,5277,3
3.8823562,4.931209,5278,3
-0.025611354,3.7928855,5279,3
4.456897,4.10964,5280,3
3.3199692,3.3247519,5281,3
2.5402272,0.103754304,5282,3
3.521838,4.1668696,5283,3
3.6752539,4.3196654,5284,3
4.0680013,3.13708,5285,3
2.5543065,2.086056,5286,3
4.6592574,4.0393167,5287,3
3.0548496,2.6990125,5288,3
3.3915308,2.9708462,5289,3
3.8942318,3.1733792,5290,3
4.2183623,2.8664386,5291,3
3.8877506,3.3467755,5292,3
4.43131,2.8908572,5293,3
3.8649654,4.5142937,5294,3
4.037698,3.8710356,5295,3
3.5429628,3.3455303,5296,3
4.3769608,3.9394166,5297,3
3.5370173,3.2356858,5298,3
2.8029232,0.52707547,5299,3
3.1212275,2.739291,5300,3
3.6136007,2.7455432,5301,3
4.2278314,4.1847763,5302,3
3.2678514,3.8899755,5303,3
3.5765836,1.5114607,5304,3
4.368756,2.4915044,5305,3
4.1793013,2.779365,5306,3
4.6631603,3.4898243,5307,3
3.5229855,3.9163656,5308,3
4.9858875,3.6786692,5309,3
3.9643908,2.472172,5310,3
3.4291916,2.737883,5311,3
5.0461044,1.2978339,5312,3
4.790284,4.274533,5313,3
3.9558148,3.2660103,5314,3
2.3701699,1.113095,5315,3
4.583323,3.1070595,5316,3
3.854865,2.6278446,5317,3
4.2738833,3.755002,5318,3
5.036346,2.3776999,5319,3
4.811996,2.825747,5320,3
3.7467752,2.1588852,5321,3
3.5523639,1.2729882,5322,3
4.334563,2.3185349,5323,3
4.976134,3.0118487,5324,3
4.9759226,2.2664332,5325,3
5.0315228,3.1607156,5326,3
5.376523,4.2666116,5327,3
3.3618944,3.8058715,5328,3
3.3898485,2.79985,5329,3
2.0351284,0.6142976,5330,3
3.5973544,3.7478368,5331,3
3.4303694,1.4499626,5332,3
3.821061,3.816167,5333,3
2.0533948,-0.9984994,5334,3
3.6951773,2.9359202,5335,3
2.7340262,2.1830227,5336,3
5.8010654,3.5300238,5337,3
4.9540644,3.9897685,5338,3
5.73491,4.156388,5339,3
5.257952,3.1298718,5340,3
5.077131,3.6323938,5341,3
4.657403,3.8567274,5342,3
4.6093144,4.1594806,5343,3
1.9808025,-1.0891885,5344,3
6.1100254,4.100291,5345,3
4.6186366,-1.6561279,5346,3
5.411018,3.942716,5347,3
5.287897,3.7371473,5348,3
3.4982314,1.7214504,5349,3
5.652306,3.3572383,5350,3
5.3140545,4.031339,5351,3
4.7487683,3.1020615,5352,3
3.9732337,2.7113743,5353,3
4.539078,3.2283964,5354,3
5.360436,3.72932,5355,3
4.340396,3.3514054,5356,3
5.6569643,3.0197446,5357,3
3.092742,1.502535,5358,3
4.0832458,3.0893848,5359,3
3.500345,3.4176197,5360,3
4.8682246,3.8436112,5361,3
2.9320784,2.6242251,5362,3
3.0050075,2.5041068,5363,3
3.8577142,3.7906094,5364,3
3.3141942,2.3958359,5365,3
3.623267,2.8205783,5366,3
4.704022,4.0684595,5367,3
4.765554,3.9096386,5368,3
5.3759604,3.8878114,5369,3
3.521056,2.538055,5370,3
3.3923872,2.5640736,5371,3
3.6606252,4.07978,5372,3
3.1512454,4.8218913,5373,3
3.1115053,3.9380667,5374,3
1.0320624,1.3150295,5375,3
2.8628979,3.5852742,5376,3
2.1920373,-1.8183963,5377,3
3.3208303,3.9502733,5378,3
1.9501749,1.2781795,5379,3
2.8729813,2.8014066,5380,3
1.9201617,1.7287356,5381,3
3.802042,2.5586205,5382,3
3.0408893,3.0029817,5383,3
2.42433,3.1708758,5384,3
1.3360494,2.3776906,5385,3
2.944064,2.2123222,5386,3
6.0909553,1.6629678,5387,3
3.3271341,2.669468,5388,3
3.7541926,0.50959814,5389,3
2.3944564,1.4248298,5390,3
4.7339125,1.2236469,5391,3
4.1422358,1.01559,5392,3
3.9881468,3.2258906,5393,3
6.0159063,2.9882507,5394,3
3.673297,1.7551298,5395,3
2.8638327,2.2383952,5396,3
3.4159474,2.9709911,5397,3
6.346869,1.8062183,5398,3
2.7739017,4.6036587,5399,3
7.0818977,1.6035725,5400,3
7.0800014,1.731336,5401,3
6.4265227,1.5458409,5402,3
4.0882487,1.2784704,5403,3
3.6295877,1.8680872,5404,3
3.8269274,2.879818,5405,3
2.580125,0.82492596,5406,3
3.4519446,0.6089788,5407,3
2.8171856,0.069113135,5408,3
2.609756,3.559083,5409,3
4.309317,3.6340923,5410,3
2.6282864,-0.359665,5411,3
4.868274,1.139879,5412,3
3.0943742,-1.6392578,5413,3
5.0571523,2.4327352,5414,3
3.9262576,3.2714114,5415,3
3.8729637,4.7870135,5416,3
2.965363,1.3605405,5417,3
4.387393,0.60495293,5418,3
3.663297,1.6048568,5419,3
4.2944336,3.7037365,5420,3
3.0502193,0.24605311,5421,3
3.6560922,2.9108765,5422,3
5.089639,2.8728323,5423,3
4.3085284,4.4496303,5424,3
5.821038,3.2867217,5425,3
3.6776986,0.33622965,5426,3
7.2850547,0.83569264,5427,3
5.170552,1.6306963,5428,3
4.7236614,2.137931,5429,3
6.1716847,1.9837708,5430,3
5.755533,3.0521839,5431,3
6.701686,0.88069785,5432,3
4.4505343,3.1682596,5433,3
7.1598473,0.95347506,5434,3
7.0995026,1.9841185,5435,3
7.5624967,1.6794628,5436,3
7.0929794,1.7996405,5437,3
6.260792,0.5546665,5438,3
6.7625704,1.4909092,5439,3
7.810381,1.1719065,5440,3
5.9375944,0.9444792,5441,3
6.845014,2.1486423,5442,3
7.713196,1.4426265,5443,3
7.081293,2.0994892,5444,3
7.4986005,1.3375553,5445,3
7.660292,0.2924755,5446,3
7.740245,1.2148988,5447,3
8.121334,1.1499748,5448,3
7.2815228,0.48920023,5449,3
7.2485614,1.8035908,5450,3
7.0740156,1.7579713,5451,3
8.368347,1.1636271,5452,3
7.27513,2.0203145,5453,3
8.111368,0.90466213,5454,3
7.9566383,1.16421,5455,3
7.794331,1.3025358,5456,3
7.831924,1.673166,5457,3
7.7942905,1.3305943,5458,3
7.143823,1.2484483,5459,3
7.89283,1.3251417,5460,3
7.3449793,1.544431,5461,3
7.978043,1.2357322,5462,3
7.5529337,1.5948265,5463,3
7.7576537,0.9999782,5464,3
7.4373116,1.5299567,5465,3
7.763841,0.68952864,5466,3
7.54803,1.4197085,5467,3
7.943554,1.3935097,5468,3
7.7191715,1.0812173,5469,3
7.029783,1.2721522,5470,3
8.067665,1.0317943,5471,3
7.5933275,1.475041,5472,3
7.587111,1.4693625,5473,3
8.106144,0.9675314,5474,3
6.054584,-0.92569077,5475,3
6.43437,2.8028147,5476,3
7.4808846,1.7230544,5477,3
7.8083143,1.3414658,5478,3
7.957089,1.4303298,5479,3
7.749176,1.4915477,5480,3
7.3557377,1.4838227,5481,3
6.891334,-0.01589294,5482,3
7.17131,1.4944069,5483,3
7.887272,1.3572214,5484,3
8.718943,3.2870553,5485,3
7.323054,1.7217872,5486,3
7.626379,0.65750176,5487,3
7.603495,0.40523043,5488,3
7.636821,1.1198454,5489,3
7.151748,2.3878388,5490,3
7.7368007,1.0848337,5491,3
7.332712,1.945503,5492,3
7.618481,1.1096323,5493,3
7.636517,0.8997793,5494,3
6.6369824,2.2568102,5495,3
7.5682516,1.5057702,5496,3
7.4781346,1.0225853,5497,3
7.098415,1.7748669,5498,3
8.026812,1.4671378,5499,3
7.4792676,1.4309566,5500,3
7.674612,1.0961807,5501,3
7.7488475,1.7274938,5502,3
7.7122955,0.43555567,5503,3
7.9433875,1.3929076,5504,3
7.22586,2.0613236,5505,3
6.366668,-0.4783379,5506,3
7.871072,1.4087595,5507,3
7.0919967,1.3539213,5508,3
7.623034,1.3537667,5509,3
7.6483502,1.353105,5510,3
8.150622,0.99367994,5511,3
8.20951,1.3656352,5512,3
7.54004,0.22391102,5513,3
7.787681,1.5976396,5514,3
7.742131,1.6503282,5515,3
6.6246643,0.3359159,5516,3
7.7145615,1.5484387,5517,3
8.06694,1.0385182,5518,3
7.089562,2.0895302,5519,3
7.954895,1.1581403,5520,3
7.9198246,1.1648387,5521,3
7.9340625,1.0875301,5522,3
7.9624696,0.98714894,5523,3
7.1835375,1.7418361,5524,3
7.0078325,0.8745534,5525,3
7.8370194,1.2315704,5526,3
7.91936,1.0753983,5527,3
7.071203,1.8781499,5528,3
7.885666,1.06072,5529,3
7.7834854,1.452002,5530,3
7.4097424,1.4677106,5531,3
7.1274376,0.70371985,5532,3
8.037283,1.2545223,5533,3
7.465243,2.4719665,5534,3
7.416531,2.05684,5535,3
7.761238,1.3010285,5536,3
7.5388255,1.288666,5537,3
7.0812297,1.1053696,5538,3
6.812628,-0.22877458,5539,3
6.1638727,0.035953995,5540,3
7.2694097,1.0839769,5541,3
5.8355913,1.949738,5542,3
7.181827,2.2878323,5543,3
7.268227,0.9307781,5544,3
6.7225027,1.6969814,5545,3
8.022715,0.77932346,5546,3
6.9732046,2.3685637,5547,3
7.741244,0.95492125,5548,3
7.393865,1.0736742,5549,3
6.4191585,2.0348468,5550,3
7.201002,1.1949482,5551,3
7.056084,1.642642,5552,3
6.5325646,1.7982395,5553,3
6.968942,1.8622302,5554,3
7.3314962,1.7751942,5555,3
7.2854567,1.4251839,5556,3
4.997774,1.5733714,5557,3
4.7730975,2.160465,5558,3
7.211679,1.2979273,5559,3
7.793887,0.658081,5560,3
7.488061,1.058614,5561,3
7.6966643,1.5788939,5562,3
7.2142215,1.06615,5563,3
7.527632,1.7988526,5564,3
6.5515776,1.2088035,5565,3
8.29489,0.71037257,5566,3
7.8692765,1.4361895,5567,3
6.252512,2.7313182,5568,3
6.796021,-0.2564658,5569,3
5.167488,2.842218,5570,3
7.271456,0.36159444,5571,3
7.2294703,1.6419349,5572,3
7.9514318,0.6680307,5573,3
6.1815567,1.3764862,5574,3
7.9133945,0.7630963,5575,3
5.4327474,2.769412,5576,3
7.5428987,1.158182,5577,3
7.5381927,1.5312773,5578,3
7.452096,1.6494278,5579,3
7.375312,1.8166786,5580,3
7.644415,1.6173772,5581,3
7.8723407,1.2922771,5582,3
8.124052,1.3552171,5583,3
8.205719,0.63864154,5584,3
7.4876366,1.8657483,5585,3
7.990441,0.9201328,5586,3
7.650823,0.5855806,5587,3
7.0596175,1.4896544,5588,3
6.140065,1.1309596,5589,3
8.163742,1.2624103,5590,3
8.096022,1.0828937,5591,3
7.4003305,1.474003,5592,3
7.858697,1.2280893,5593,3
8.107629,1.2181121,5594,3
7.8327074,1.1172385,5595,3
8.065581,1.2001785,5596,3
7.4559774,0.8934082,5597,3
7.002646,2.1786032,5598,3
7.276046,1.8252202,5599,3
8.218273,0.24574499,5600,3
8.011979,2.5469794,5601,3
7.4602275,1.3819041,5602,3
7.59533,1.5733235,5603,3
8.203764,0.7312633,5604,3
6.519802,1.7284515,5605,3
7.7318954,3.1046696,5606,3
7.2806983,1.552139,5607,3
7.904361,0.7509485,5608,3
8.101669,1.1408876,5609,3
7.3782196,2.8653398,5610,3
7.50973,0.9805822,5611,3
5.8777666,1.1535519,5612,3
6.8454723,1.0756961,5613,3
7.526955,2.1913052,5614,3
5.9452343,2.447037,5615,3
5.6039214,2.7006946,5616,3
6.3375983,3.5417247,5617,3
7.164062,2.7927382,5618,3
6.3682966,3.1424603,5619,3
7.6689553,3.105429,5620,3
6.318411,2.1435392,5621,3
7.4597416,1.9725615,5622,3
6.282029,3.4396884,5623,3
6.8469787,3.222814,5624,3
7.4418545,3.3919864,5625,3
6.0232496,3.0609317,5626,3
6.0282884,3.4072003,5627,3
6.186483,2.9857373,5628,3
6.3880405,3.5781796,5629,3
7.917852,3.6286361,5630,3
6.498532,3.638264,5631,3
6.7059226,1.9989169,5632,3
5.75867,3.02674,5633,3
5.0353246,2.5598385,5634,3
7.39419,3.1574228,5635,3
6.849091,3.9806244,5636,3
5.9720206,3.2817495,5637,3
5.9009366,3.3701286,5638,3
6.078645,2.8621247,5639,3
6.040245,3.4036903,5640,3
5.5577555,3.4034393,5641,3
6.2751923,3.4529307,5642,3
6.0742283,2.9294176,5643,3
8.435715,4.3954244,5644,3
7.5634007,3.499017,5645,3
6.774079,3.2238252,5646,3
5.8051353,3.1789052,5647,3
3.1770697,1.0625153,5648,3
5.167019,3.7771657,5649,3
7.4534774,3.411621,5650,3
4.301348,3.0969584,5651,3
4.632538,3.081005,5652,3
5.752144,4.156967,5653,3
5.8041897,3.9152837,5654,3
5.549072,2.5621161,5655,3
4.9893394,3.5231502,5656,3
5.1816115,3.8128543,5657,3
7.3016906,3.3974931,5658,3
5.5170355,2.6227095,5659,3
6.7881,4.074667,5660,3
4.793089,4.000675,5661,3
5.9737,3.8651934,5662,3
5.0221796,3.6385303,5663,3
5.880003,4.1119695,5664,3
5.91903,3.388217,5665,3
5.67311,3.4878585,5666,3
5.5566063,3.31644,5667,3
7.7277727,3.9283123,5668,3
5.7488403,3.708446,5669,3
5.1663046,3.9201767,5670,3
5.778982,3.3324256,5671,3
5.50035,3.6550493,5672,3
7.0908656,4.097635,5673,3
6.0681953,3.863992,5674,3
4.9200287,3.6694558,5675,3
5.536844,3.4317114,5676,3
5.4759307,-0.77502656,5677,3
4.605554,-1.764476,5678,3
2.901904,0.46701467,5679,3
7.9602284,0.91981536,5680,3
6.9271364,2.240472,5681,3
5.686288,1.956996,5682,3
5.8311,3.0110729,5683,3
6.770313,0.66471994,5684,3
5.1909127,2.980053,5685,3
7.266055,4.2241006,5686,3
6.072769,3.877645,5687,3
6.522233,3.9717515,5688,3
6.429504,4.3117604,5689,3
6.2333007,3.367448,5690,3
6.23669,3.7380815,5691,3
4.10175,1.8423666,5692,3
6.6955533,3.6938837,5693,3
6.7307186,3.7923572,5694,3
7.2960076,4.273638,5695,3
6.788138,3.9890487,5696,3
6.3330984,3.4070785,5697,3
6.3065214,3.9035344,5698,3
7.974757,4.374669,5699,3
6.6291595,3.7910745,5700,3
5.8392754,3.4325197,5701,3
5.808963,3.8916128,5702,3
6.957824,3.8930078,5703,3
7.32448,3.348023,5704,3
6.08742,2.6559234,5705,3
6.627036,3.242109,5706,3
6.6814694,4.0682096,5707,3
6.610637,3.7613194,5708,3
7.3047266,4.0379524,5709,3
5.625902,3.741042,5710,3
6.9902406,3.8985605,5711,3
8.448918,3.6564965,5712,3
6.76997,3.05551,5713,3
6.678921,3.9381537,5714,3
9.455427,4.583282,5715,3
8.980945,4.478632,5716,3
8.898293,4.4197993,5717,3
8.918689,4.5121665,5718,3
9.446762,4.4468846,5719,3
9.179652,4.503824,5720,3
8.176844,4.0515532,5721,3
6.898865,4.0575385,5722,3
3.2622907,-15.083192,5723,5
3.328641,-15.201191,5724,5
3.246022,-15.055934,5725,5
3.2489955,-15.06454,5726,5
3.2686875,-15.09453,5727,5
3.2701247,-15.09339,5728,5
3.2929616,-15.122782,5729,5
3.2229238,-15.038922,5730,5
3.256373,-15.05848,5731,5
3.21396,-14.955145,5732,5
3.2348292,-14.978295,5733,5
3.2330284,-14.978978,5734,5
3.2431655,-14.960223,5735,5
3.2365346,-14.979999,5736,5
6.618826,3.6423163,5737,3
7.3102293,4.270025,5738,3
7.7048078,4.0442014,5739,3
6.9314337,3.659361,5740,3
6.5642495,3.426239,5741,3
7.4669566,3.9362972,5742,3
9.197764,4.3997965,5743,3
6.8882966,3.8863115,5744,3
6.795507,3.7263079,5745,3
9.498062,4.638548,5746,3
8.796781,4.1678777,5747,3
6.90919,3.7384603,5748,3
9.354511,4.5288963,5749,3
6.878543,3.3777509,5750,3
7.410834,4.2097545,5751,3
7.937259,4.2279897,5752,3
7.605393,4.4461503,5753,3
7.709743,4.430121,5754,3
6.952126,4.206528,5755,3
6.9902773,4.2457943,5756,3
7.4551992,4.481235,5757,3
9.479359,4.5045147,5758,3
7.2721314,4.34492,5759,3
6.511466,3.547953,5760,3
8.520516,4.1656876,5761,3
7.9396424,4.1450768,5762,3
9.1671915,4.4866457,5763,3
8.996696,4.4524865,5764,3
7.0892763,3.9630284,5765,3
6.995098,3.9880588,5766,3
6.9663324,3.835962,5767,3
7.437424,4.4872727,5768,3
9.276831,4.4990835,5769,3
7.4533067,4.2865486,5770,3
5.990708,4.4038396,5771,3
7.7684617,4.277742,5772,3
9.108101,4.420034,5773,3
6.656645,3.986089,5774,3
3.9739742,-12.521633,5775,5
7.0436087,3.7700655,5776,3
7.3577085,4.2078404,5777,3
8.906472,4.0821643,5778,3
7.5702586,4.571724,5779,3
6.6698303,4.1853604,5780,3
8.2923155,4.370923,5781,3
7.5134406,4.2786016,5782,3
6.944522,3.000478,5783,3
6.45953,3.873354,5784,3
9.266894,4.581165,5785,3
7.1889358,4.179316,5786,3
7.478846,4.546187,5787,3
6.865049,3.5628376,5788,3
9.514974,4.559007,5789,3
9.54201,4.5696783,5790,3
7.9257455,3.9873881,5791,3
6.9727845,4.2967653,5792,3
7.289728,3.6822822,5793,3
8.9317,4.504307,5794,3
9.195232,4.403196,5795,3
7.0931134,4.231474,5796,3
9.102731,4.5167394,5797,3
7.0618167,4.1086354,5798,3
9.589083,4.5846004,5799,3
6.738665,3.944919,5800,3
7.150411,3.7460945,5801,3
6.7878985,4.072965,5802,3
8.1662855,4.289965,5803,3
7.2125974,4.248509,5804,3
7.447972,4.282566,5805,3
8.118871,4.014358,5806,3
7.190512,4.3143754,5807,3
7.0998535,4.2429066,5808,3
8.34693,4.332269,5809,3
7.6803827,4.2985926,5810,3
8.615131,4.4345455,5811,3
9.084339,4.3855214,5812,3
7.474475,4.003014,5813,3
7.9119887,4.2893224,5814,3
8.913354,4.478674,5815,3
9.639955,4.5338016,5816,3
9.507394,4.5697975,5817,3
9.302122,4.586242,5818,3
9.555552,4.6853933,5819,3
7.943005,2.4907584,5820,3
7.0326905,3.9862645,5821,3
8.915153,4.1588025,5822,3
8.6446905,4.4288864,5823,3
8.083372,3.2969096,5824,3
7.898879,3.9643745,5825,3
8.964401,4.2269897,5826,3
7.6259565,4.2848744,5827,3
8.901208,4.459336,5828,3
9.285691,4.273538,5829,3
7.9392834,3.7369826,5830,3
8.971328,4.0265164,5831,3
8.26363,3.9824874,5832,3
9.639031,4.5402436,5833,3
9.234277,4.388453,5834,3
9.499135,4.6221414,5835,3
9.618284,4.6263933,5836,3
9.507478,4.4359307,5837,3
9.20367,4.6044693,5838,3
9.351653,4.5551987,5839,3
9.643286,4.547709,5840,3
9.563695,4.4931006,5841,3
9.080162,4.684838,5842,3
9.714943,4.620517,5843,3
9.581331,4.50617,5844,3
9.471238,4.6666493,5845,3
9.366942,4.043865,5846,3
8.824437,4.459962,5847,3
9.02865,4.7230573,5848,3
8.9536295,4.4984446,5849,3
9.163297,4.3981676,5850,3
9.521157,4.453989,5851,3
8.901107,4.359631,5852,3
9.336949,4.355095,5853,3
9.272218,4.369512,5854,3
8.37866,3.3809893,5855,3
8.510176,3.2210073,5856,3
8.751813,3.5851452,5857,3
9.3067875,4.141928,5858,3
7.83502,2.6499212,5859,3
9.342987,4.2330112,5860,3
9.496173,4.426824,5861,3
7.6877975,3.1767216,5862,3
8.965738,3.9288235,5863,3
7.1463604,2.9328477,5864,3
9.482078,4.2192473,5865,3
5.4326224,-0.32652563,5866,3
8.73241,4.276901,5867,3
9.465059,4.3011866,5868,3
9.279376,4.485252,5869,3
9.48287,4.583309,5870,3
15.81017,5.686246,5871,7
15.771569,5.6863294,5872,7
15.915369,5.7031083,5873,7
15.770043,5.7397556,5874,7
9.43144,4.3278646,5875,3
10.036801,4.6251774,5876,3
15.75589,5.7752247,5877,7
15.850574,5.711663,5878,7
15.92378,5.6953273,5879,7
15.920225,5.689115,5880,7
15.950722,5.661956,5881,7
15.798895,5.7386727,5882,7
15.912366,5.7050867,5883,7
15.560858,5.839999,5884,7
15.794531,5.7153025,5885,7
15.969241,5.668814,5886,7
16.094692,5.6248803,5887,7
15.791637,5.7031727,5888,7
15.740152,5.73474,5889,7
15.950601,5.674909,5890,7
15.910663,5.7094145,5891,7
15.906157,5.70085,5892,7
15.926065,5.6494565,5893,7
15.919387,5.696734,5894,7
15.936458,5.6765785,5895,7
15.70023,5.740456,5896,7
16.10839,5.6173854,5897,7
15.959203,5.6671166,5898,7
16.072865,5.626509,5899,7
16.021605,5.6390524,5900,7
15.889649,5.715766,5901,7
15.939103,5.6907306,5902,7
15.57629,5.8294764,5903,7
15.987219,5.6794953,5904,7
16.015064,5.638614,5905,7
15.839864,5.725666,5906,7
15.676883,5.7855597,5907,7
15.774799,5.730897,5908,7
15.627767,5.803702,5909,7
15.841774,5.7217064,5910,7
15.928282,5.699662,5911,7
15.908561,5.687683,5912,7
15.762521,5.7442894,5913,7
15.900776,5.68743,5914,7
15.946657,5.677271,5915,7
15.8920145,5.7095866,5916,7
15.588777,5.806646,5917,7
15.945868,5.6860914,5918,7
15.934786,5.677838,5919,7
15.899185,5.694272,5920,7
15.86947,5.7018366,5921,7
15.751219,5.750758,5922,7
15.918594,5.6584907,5923,7
15.826206,5.7370124,5924,7
15.960275,5.6710777,5925,7
15.868808,5.695197,5926,7
15.851505,5.7273197,5927,7
15.9048605,5.6864867,5928,7
15.820424,5.7250614,5929,7
15.809935,5.7371073,5930,7
15.964457,5.669498,5931,7
15.829677,5.7261934,5932,7
15.858528,5.6986547,5933,7
15.766296,5.757399,5934,7
15.957437,5.6706347,5935,7
15.249629,-8.509795,5936,1
15.208423,-8.250037,5937,1
15.863214,-9.037234,5938,1
14.955144,-7.2324033,5939,1
15.344508,-7.6160426,5940,1
15.557126,-7.6264176,5941,1
15.252246,-7.5899105,5942,1
15.8964405,-7.8810806,5943,1
15.297513,-7.796626,5944,1
15.724758,-7.2192726,5945,1
15.742882,-7.583747,5946,1
16.296974,-8.033835,5947,1
15.9702425,-7.894397,5948,1
15.283796,-7.137128,5949,1
15.994844,-7.4130616,5950,1
16.004372,-7.88509,5951,1
15.665454,-7.220051,5952,1
15.8357315,-6.753544,5953,1
15.911833,-7.1712117,5954,1
15.993903,-7.1737475,5955,1
15.60859,-7.2248697,5956,1
15.72702,-7.338571,5957,1
15.758349,-7.162952,5958,1
16.208542,-7.1576285,5959,1
15.722183,-7.716979,5960,1
15.860405,-7.158368,5961,1
15.518719,-7.060976,5962,1
16.236792,-7.538077,5963,1
16.09721,-7.2771993,5964,1
15.922812,-7.311888,5965,1
15.739701,-7.0652547,5966,1
15.591613,-6.9019775,5967,1
16.072075,-7.130662,5968,1
16.057291,-8.357002,5969,1
15.804814,-7.245553,5970,1
15.649599,-7.2124057,5971,1
16.251274,-8.279277,5972,1
16.05328,-7.35485,5973,1
15.827121,-7.316306,5974,1
15.764704,-7.611356,5975,1
15.958712,-7.410138,5976,1
15.669863,-6.988806,5977,1
15.66148,-7.30842,5978,1
15.494025,-7.1024113,5979,1
16.020508,-7.2831135,5980,1
15.540725,-7.224314,5981,1
15.50416,-7.300113,5982,1
15.590012,-7.030453,5983,1
15.819458,-7.3779526,5984,1
15.79789,-7.23456,5985,1
16.141157,-8.187101,5986,1
16.049026,-7.147096,5987,1
15.862669,-7.5285053,5988,1
15.706676,-7.272641,5989,1
15.9233265,-7.552784,5990,1
16.327667,-7.436671,5991,1
15.741134,-7.6712823,5992,1
15.648057,-7.3381753,5993,1
15.749418,-7.1519575,5994,1
15.980657,-7.5460343,5995,1
15.896947,-7.7253323,5996,1
15.99276,-7.369842,5997,1
15.634241,-7.0731483,5998,1
15.79395,-6.9918523,5999,1
15.81129,-7.731816,6000,1
15.453876,-7.075298,6001,1
16.07172,-7.2049956,6002,1
15.563923,-7.1784587,6003,1
15.263918,-6.9711914,6004,1
15.735345,-7.617599,6005,1
15.737515,-7.7047267,6006,1
15.927785,-7.683824,6007,1
15.440244,-8.07818,6008,1
14.911518,-6.826171,6009,1
16.012835,-7.373464,6010,1
15.735234,-7.4172225,6011,1
15.207374,-8.641605,6012,1
15.350334,-7.777679,6013,1
15.495867,-7.8106337,6014,1
13.957006,-7.2865405,6015,1
14.428831,-8.2451725,6016,1
14.557278,-9.642144,6017,1
13.359512,-7.950802,6018,1
14.349692,-8.657767,6019,1
14.168192,-7.7152343,6020,1
14.199692,-8.200904,6021,1
12.847073,-8.587967,6022,1
14.7661,-8.594471,6023,1
15.499262,-8.816378,6024,1
13.967846,-7.176944,6025,1
14.364284,-9.469558,6026,1
14.038302,-9.604653,6027,1
14.200167,-7.4863367,6028,1
14.640683,-8.980285,6029,1
14.234753,-9.513128,6030,1
13.22981,-9.107582,6031,1
14.385266,-8.681669,6032,1
14.404133,-9.393663,6033,1
13.536007,-7.771386,6034,1
13.349232,-7.726988,6035,1
13.981056,-9.596889,6036,1
14.446457,-8.50828,6037,1
13.265807,-9.284237,6038,1
14.480717,-9.447756,6039,1
13.950798,-8.186432,6040,1
14.734826,-8.295201,6041,1
15.487854,-8.354413,6042,1
14.391947,-8.242916,6043,1
15.144363,-9.063864,6044,1
14.671655,-7.2451406,6045,1
14.728491,-8.9686165,6046,1
14.863313,-7.013784,6047,1
14.857265,-8.895498,6048,1
15.097526,-7.6646037,6049,1
15.158734,-7.255021,6050,1
15.704308,-8.094797,6051,1
14.871032,-6.6053085,6052,1
15.644095,-7.1838713,6053,1
15.34223,-7.449969,6054,1
15.199442,-7.2095013,6055,1
16.013632,-7.5829086,6056,1
15.850047,-7.70637,6057,1
15.775077,-7.3453975,6058,1
15.643828,-8.20238,6059,1
15.73388,-7.2494693,6060,1
15.675618,-7.749323,6061,1
15.649801,-7.8233166,6062,1
15.758235,-7.748671,6063,1
15.391203,-7.053321,6064,1
15.730711,-9.145326,6065,1
15.778131,-7.8239145,6066,1
14.504091,-7.402309,6067,1
14.785881,-7.7595406,6068,1
14.703582,-8.498456,6069,1
14.794663,-9.547621,6070,1
14.670823,-7.126923,6071,1
15.5860815,-7.920763,6072,1
15.465929,-7.5762877,6073,1
15.030503,-9.481952,6074,1
14.968328,-7.3189077,6075,1
14.977755,-8.111416,6076,1
14.652298,-7.259227,6077,1
14.749661,-8.300257,6078,1
14.165189,-8.734826,6079,1
13.872509,-7.6415143,6080,1
14.537902,-7.2010226,6081,1
14.572245,-7.1921926,6082,1
15.583986,-9.250543,6083,1
15.206861,-8.365018,6084,1
15.919089,-8.030471,6085,1
15.0945215,-9.070503,6086,1
14.250943,-7.4802523,6087,1
13.641432,-7.628888,6088,1
13.977615,-7.550703,6089,1
14.629353,-7.9608994,6090,1
15.750146,-9.245942,6091,1
14.471736,-8.545924,6092,1
15.126388,-8.385685,6093,1
14.213058,-7.223269,6094,1
14.60386,-9.561477,6095,1
13.899662,-7.584338,6096,1
13.26202,-8.018096,6097,1
14.379268,-8.250276,6098,1
13.987059,-8.378743,6099,1
13.770224,-8.367434,6100,1
14.338403,-8.908545,6101,1
13.480962,-9.496303,6102,1
13.557929,-8.751373,6103,1
13.397935,-7.6999106,6104,1
14.220187,-8.786773,6105,1
12.866341,-7.699961,6106,1
12.865308,-8.420164,6107,1
13.704042,-8.695167,6108,1
13.46614,-8.465633,6109,1
14.199468,-9.43114,6110,1
13.724839,-9.168748,6111,1
12.695986,-8.365818,6112,1
13.575917,-9.304159,6113,1
13.478496,-7.5195603,6114,1
12.928015,-8.3202,6115,1
13.785841,-9.861144,6116,1
13.436806,-8.789649,6117,1
12.874063,-7.7316246,6118,1
13.814039,-9.6438875,6119,1
12.98014,-7.4191813,6120,1
13.537046,-9.1158,6121,1
13.879545,-9.5726595,6122,1
13.01409,-7.4509525,6123,1
13.111566,-8.620318,6124,1
14.024615,-9.597237,6125,1
14.679294,-9.744054,6126,1
13.273077,-9.162588,6127,1
13.900567,-8.791716,6128,1
13.50674,-9.49964,6129,1
13.017525,-8.944048,6130,1
13.258992,-8.930925,6131,1
13.104771,-9.104897,6132,1
13.025761,-8.425952,6133,1
12.988503,-8.504991,6134,1
13.169278,-7.988958,6135,1
14.358989,-9.449599,6136,1
13.090876,-8.326315,6137,1
13.729525,-9.099635,6138,1
13.603012,-9.133171,6139,1
14.757735,-10.027481,6140,1
13.5885315,-9.139392,6141,1
13.610373,-8.810913,6142,1
14.105132,-9.2499695,6143,1
13.703899,-8.915343,6144,1
13.937805,-9.460863,6145,1
13.511488,-8.840039,6146,1
15.206612,-8.419841,6147,1
13.446787,-8.964295,6148,1
12.8877,-7.8589263,6149,1
14.690505,-9.400834,6150,1
13.864609,-8.729857,6151,1
14.24573,-9.451636,6152,1
14.087136,-9.278657,6153,1
14.1248,-7.979239,6154,1
13.361251,-7.9861145,6155,1
13.586398,-7.625315,6156,1
14.5766945,-9.362895,6157,1
13.670597,-8.678042,6158,1
14.123094,-8.556183,6159,1
13.771218,-7.5724354,6160,1
15.093098,-9.005211,6161,1
12.870137,-8.156921,6162,1
15.1572075,-8.637816,6163,1
14.32272,-8.317568,6164,1
13.684904,-9.151933,6165,1
14.708851,-9.5485735,6166,1
14.28538,-7.929569,6167,1
13.931954,-8.525523,6168,1
14.440694,-8.805647,6169,1
13.96015,-9.322045,6170,1
13.843851,-8.722494,6171,1
13.466329,-9.357953,6172,1
14.063553,-8.516697,6173,1
13.662125,-7.981153,6174,1
14.033492,-8.800353,6175,1
14.38599,-9.347416,6176,1
13.572718,-9.3527775,6177,1
14.869252,-9.015836,6178,1
13.557921,-7.5656056,6179,1
14.113776,-7.446678,6180,1
13.86417,-8.34341,6181,1
14.488282,-9.166732,6182,1
14.026565,-8.399507,6183,1
14.167168,-8.213315,6184,1
14.473206,-9.685908,6185,1
13.781061,-8.753078,6186,1
13.612149,-9.111551,6187,1
12.81603,-7.574089,6188,1
14.259137,-8.316533,6189,1
14.071915,-9.065296,6190,1
13.61738,-8.021136,6191,1
14.028581,-8.43346,6192,1
14.772741,-9.410029,6193,1
13.510692,-8.391851,6194,1
14.069591,-8.571968,6195,1
13.229537,-7.3619995,6196,1
13.038613,-8.643453,6197,1
14.097571,-8.20652,6198,1
13.569881,-9.052443,6199,1
14.170136,-9.279256,6200,1
14.1984,-9.524428,6201,1
13.224824,-8.563932,6202,1
13.229917,-8.306638,6203,1
13.981903,-9.49681,6204,1
13.645707,-9.316427,6205,1
12.953009,-8.608962,6206,1
14.021286,-7.38681,6207,1
14.639804,-9.202711,6208,1
14.170112,-8.404139,6209,1
13.400516,-7.674257,6210,1
14.1016655,-8.888196,6211,1
14.423409,-9.647238,6212,1
14.595471,-9.848308,6213,1
13.950823,-8.045672,6214,1
13.721761,-8.288645,6215,1
14.127853,-7.1973243,6216,1
13.845588,-9.144244,6217,1
13.481278,-9.04746,6218,1
14.09956,-9.204459,6219,1
13.564577,-9.029465,6220,1
13.765024,-8.375629,6221,1
13.7450905,-8.181645,6222,1
13.955396,-9.297217,6223,1
13.871892,-8.578158,6224,1
14.777054,-9.324594,6225,1
14.2760935,-8.881333,6226,1
14.170631,-7.465124,6227,1
14.178148,-7.564894,6228,1
13.971497,-7.2062354,6229,1
13.32813,-8.006714,6230,1
14.430915,-9.64507,6231,1
14.128561,-9.409173,6232,1
14.399955,-9.758264,6233,1
13.762313,-8.576037,6234,1
13.324805,-8.829935,6235,1
13.906657,-7.323126,6236,1
14.371624,-9.486676,6237,1
14.012892,-8.415781,6238,1
13.505408,-9.694897,6239,1
13.487369,-7.8474607,6240,1
15.306574,-9.088918,6241,1
13.7467165,-8.814392,6242,1
14.2371,-8.6415415,6243,1
13.435215,-7.6779246,6244,1
14.1018715,-8.518701,6245,1
14.344308,-9.668678,6246,1
14.25228,-8.925147,6247,1
14.281996,-9.326244,6248,1
14.143392,-9.45888,6249,1
13.692001,-8.763642,6250,1
13.366041,-8.692451,6251,1
15.434013,-8.750701,6252,1
14.080282,-9.631309,6253,1
14.053814,-9.67823,6254,1
13.590371,-7.8254623,6255,1
14.142532,-8.7534685,6256,1
14.263333,-9.202307,6257,1
13.990779,-8.663753,6258,1
13.574018,-8.571058,6259,1
13.661406,-8.963959,6260,1
14.34449,-9.599447,6261,1
13.516739,-10.117563,6262,1
13.446168,-9.388984,6263,1
13.130474,-7.431971,6264,1
13.400542,-8.661223,6265,1
13.3921,-9.582022,6266,1
13.481096,-9.174721,6267,1
13.177067,-8.867694,6268,1
13.745954,-9.532939,6269,1
13.033256,-8.892232,6270,1
13.242926,-9.284376,6271,1
13.138367,-8.617876,6272,1
14.780652,-8.390549,6273,1
13.978194,-9.57551,6274,1
13.159015,-7.528668,6275,1
13.385819,-8.787783,6276,1
13.701606,-9.168754,6277,1
13.309855,-8.910062,6278,1
13.524049,-7.498497,6279,1
13.395654,-8.691123,6280,1
14.098998,-8.830577,6281,1
13.8445635,-9.773918,6282,1
14.076557,-9.522705,6283,1
13.831319,-8.789664,6284,1
13.329805,-9.075307,6285,1
13.847148,-9.018267,6286,1
14.170187,-9.4901495,6287,1
13.220898,-9.226336,6288,1
13.182018,-8.749885,6289,1
13.821593,-9.332221,6290,1
12.905077,-7.8138423,6291,1
13.434747,-7.8567557,6292,1
13.430001,-8.365309,6293,1
14.383309,-9.634387,6294,1
13.317628,-9.262383,6295,1
14.693219,-9.358371,6296,1
12.925509,-8.361011,6297,1
13.257497,-7.688371,6298,1
14.514839,-9.879384,6299,1
13.045728,-8.583141,6300,1
13.625499,-8.655883,6301,1
13.836618,-8.856907,6302,1
13.588088,-9.009722,6303,1
13.67481,-8.739788,6304,1
12.837081,-8.537126,6305,1
12.964987,-8.599467,6306,1
14.055185,-9.564908,6307,1
13.9403,-9.590126,6308,1
14.031962,-9.464026,6309,1
14.347946,-7.8017187,6310,1
13.444878,-8.682982,6311,1
13.860215,-9.418099,6312,1
13.991251,-9.366266,6313,1
13.342083,-8.85333,6314,1
14.398576,-9.881803,6315,1
13.752557,-8.765839,6316,1
14.383174,-9.284893,6317,1
14.730533,-9.031836,6318,1
14.720382,-9.053823,6319,1
13.991074,-8.738972,6320,1
14.369039,-8.470961,6321,1
13.547176,-7.6405764,6322,1
14.669902,-9.591775,6323,1
14.58323,-8.796664,6324,1
13.606305,-8.533254,6325,1
14.286091,-8.601184,6326,1
13.915825,-7.6869984,6327,1
14.132496,-8.622389,6328,1
13.989494,-8.532143,6329,1
14.662354,-8.755954,6330,1
14.018758,-7.2517667,6331,1
14.286168,-9.599221,6332,1
15.097354,-9.191941,6333,1
14.979414,-9.189331,6334,1
15.079863,-7.4610004,6335,1
14.714319,-8.79035,6336,1
15.006335,-8.669173,6337,1
14.772907,-7.65621,6338,1
14.371675,-8.008058,6339,1
15.018303,-8.937619,6340,1
14.88012,-7.792782,6341,1
13.8865385,-8.287661,6342,1
14.734485,-8.563334,6343,1
13.933241,-8.582608,6344,1
14.022137,-8.176837,6345,1
13.863742,-7.9241753,6346,1
15.521712,-8.402536,6347,1
14.771091,-8.738469,6348,1
14.2777195,-7.351197,6349,1
14.940849,-9.471148,6350,1
14.8672905,-8.630144,6351,1
15.100369,-7.7290487,6352,1
14.936044,-8.522647,6353,1
14.79284,-8.415308,6354,1
14.996495,-7.7301497,6355,1
14.754826,-7.694967,6356,1
14.742306,-9.186788,6357,1
14.156984,-7.656808,6358,1
14.382897,-8.240829,6359,1
15.279227,-8.678038,6360,1
14.749514,-9.098686,6361,1
13.956647,-8.908261,6362,1
14.0090275,-8.666862,6363,1
2.6344595,-14.655929,6364,5
2.455094,-14.945114,6365,5
2.4574294,-14.94523,6366,5
2.4550486,-14.946485,6367,5
2.4559865,-14.947034,6368,5
2.4566503,-14.943468,6369,5
2.4430838,-14.967351,6370,5
2.47636,-14.91095,6371,5
13.588952,-8.796971,6372,1
15.786471,-7.7159963,6373,1
15.752649,-7.972489,6374,1
15.134122,-8.374222,6375,1
14.948492,-7.5874143,6376,1
14.993683,-8.138709,6377,1
14.7239,-9.263014,6378,1
14.588821,-7.945518,6379,1
14.062708,-7.2213387,6380,1
14.375287,-8.508065,6381,1
14.861765,-8.693329,6382,1
14.475935,-7.9230204,6383,1
14.419578,-8.578622,6384,1
13.214541,-8.812018,6385,1
15.216596,-7.688447,6386,1
14.38933,-8.659078,6387,1
14.857472,-8.261073,6388,1
14.283637,-8.657252,6389,1
13.972642,-8.370272,6390,1
15.343655,-8.446077,6391,1
14.430636,-8.891209,6392,1
14.95407,-7.44871,6393,1
14.633715,-7.333896,6394,1
14.013301,-7.9327383,6395,1
15.178429,-8.062261,6396,1
14.524349,-9.355343,6397,1
14.855465,-9.077841,6398,1
15.051472,-7.3188057,6399,1
14.565064,-9.567511,6400,1
14.281355,-8.358769,6401,1
14.312438,-8.401456,6402,1
14.563447,-7.999534,6403,1
14.174577,-8.279987,6404,1
14.978694,-7.2572775,6405,1
14.232946,-8.318326,6406,1
14.933597,-7.1482096,6407,1
15.036464,-8.850324,6408,1
15.416887,-7.7003503,6409,1
15.203777,-8.655798,6410,1
14.486768,-7.4196825,6411,1
15.302244,-7.5335755,6412,1
14.949922,-7.0297394,6413,1
15.165595,-8.135198,6414,1
14.342812,-8.286923,6415,1
14.558227,-9.031752,6416,1
15.571082,-8.193268,6417,1
16.094337,-7.6578417,6418,1
15.327915,-7.470724,6419,1
14.219461,-8.233869,6420,1
15.245261,-7.5571456,6421,1
15.23391,-7.6547575,6422,1
15.960505,-7.3439054,6423,1
15.512653,-7.915531,6424,1
15.474711,-7.5705013,6425,1
14.463772,-7.469325,6426,1
14.29836,-7.7728305,6427,1
14.447089,-7.9787827,6428,1
15.774191,-8.266088,6429,1
15.156705,-7.7445326,6430,1
15.33744,-8.857141,6431,1
14.953247,-9.127392,6432,1
14.818128,-7.2819242,6433,1
15.401877,-8.664172,6434,1
15.384843,-8.054149,6435,1
15.021987,-7.9034944,6436,1
15.138683,-8.201498,6437,1
14.775608,-8.809934,6438,1
15.058185,-9.052751,6439,1
14.870112,-7.2719316,6440,1
14.478208,-7.658773,6441,1
14.9122925,-9.41208,6442,1
15.061028,-7.6872644,6443,1
15.348594,-8.361817,6444,1
14.351489,-8.728018,6445,1
14.652446,-7.3219404,6446,1
15.246461,-8.095887,6447,1
14.971742,-9.0290365,6448,1
14.64126,-7.2572646,6449,1
14.885229,-9.669073,6450,1
14.910833,-7.651346,6451,1
14.231592,-7.371169,6452,1
14.518316,-7.914797,6453,1
13.858888,-8.218953,6454,1
15.0009985,-8.858113,6455,1
15.349875,-8.079211,6456,1
14.658861,-8.001344,6457,1
14.44433,-7.4427185,6458,1
14.8083315,-8.1498,6459,1
14.433672,-8.46774,6460,1
14.9587145,-9.346222,6461,1
15.111102,-8.607786,6462,1
14.035101,-7.3988833,6463,1
15.008408,-8.174304,6464,1
14.4622755,-7.5676703,6465,1
14.541538,-7.1435604,6466,1
14.085091,-7.9671903,6467,1
13.944247,-8.006498,6468,1
14.939865,-9.176049,6469,1
15.362014,-9.084238,6470,1
14.696427,-8.446556,6471,1
13.958061,-7.1470814,6472,1
14.815977,-9.4003315,6473,1
14.817095,-8.43875,6474,1
14.90138,-7.1857276,6475,1
14.853013,-7.872773,6476,1
14.759211,-8.100525,6477,1
14.797685,-8.647077,6478,1
15.355336,-8.496331,6479,1
16.115818,-7.612044,6480,1
15.7766905,-7.511155,6481,1
15.999912,-7.234512,6482,1
15.758007,-7.2766547,6483,1
16.119041,-7.5289965,6484,1
14.901698,-6.8998394,6485,1
16.42209,-7.398861,6486,1
15.90686,-7.4122996,6487,1
16.031422,-8.286244,6488,1
15.937628,-7.8232956,6489,1
14.996382,-6.3109508,6490,1
16.170723,-7.526618,6491,1
9.630352,-15.454797,6492,8
9.3428545,-15.876094,6493,8
9.316825,-15.909824,6494,8
9.39069,-15.809329,6495,8
9.308212,-15.917859,6496,8
9.278064,-15.968069,6497,8
9.484461,-15.663088,6498,8
9.82942,-15.16079,6499,8
16.068598,-9.133496,6500,1
15.123163,-6.974048,6501,1
16.071749,-8.389141,6502,1
15.200141,-8.423355,6503,1
15.694556,-7.149016,6504,1
15.679644,-7.432838,6505,1
16.234566,-7.632786,6506,1
15.400827,-7.618673,6507,1
15.584689,-7.1664352,6508,1
15.769559,-7.2535276,6509,1
16.029753,-8.545078,6510,1
15.151908,-6.8930078,6511,1
16.334614,-7.687535,6512,1
15.847703,-7.7179823,6513,1
16.022873,-8.24639,6514,1
16.11169,-7.3328876,6515,1
16.353378,-6.8432956,6516,1
15.413758,-7.724964,6517,1
14.987358,-7.1392345,6518,1
15.375265,-7.0557184,6519,1
15.092858,-8.291728,6520,1
16.129871,-7.5827503,6521,1
15.687355,-7.9462147,6522,1
15.145248,-8.263782,6523,1
15.677797,-7.645019,6524,1
15.882007,-7.754,6525,1
16.396563,-7.786383,6526,1
15.688757,-7.9428577,6527,1
14.983388,-7.9134007,6528,1
15.848266,-8.532157,6529,1
15.54979,-7.3346963,6530,1
15.97472,-7.5987253,6531,1
14.880784,-8.795079,6532,1
15.363246,-7.320301,6533,1
15.661796,-8.721418,6534,1
14.958547,-7.0026917,6535,1
15.367875,-9.086592,6536,1
15.955782,-8.696095,6537,1
14.650821,-7.2888403,6538,1
15.145329,-7.604822,6539,1
15.196946,-8.522505,6540,1
15.171598,-7.665507,6541,1
15.676121,-8.728637,6542,1
14.684591,-9.134893,6543,1
15.064689,-7.551778,6544,1
15.20227,-8.676369,6545,1
14.671733,-9.180662,6546,1
14.754,-8.194275,6547,1
15.504426,-9.130658,6548,1
15.315371,-8.048672,6549,1
14.36431,-7.2690144,6550,1
15.390821,-7.515121,6551,1
14.340918,-7.0833125,6552,1
15.228439,-8.768057,6553,1
14.9915285,-7.3511662,6554,1
15.882594,-8.755205,6555,1
14.390623,-8.185095,6556,1
14.355878,-7.607902,6557,1
15.957381,-8.919748,6558,1
15.657937,-8.082292,6559,1
15.1994,-8.918607,6560,1
14.805993,-8.057617,6561,1
15.222265,-8.92499,6562,1
15.234407,-7.909157,6563,1
14.770465,-8.041409,6564,1
14.370869,-7.7252736,6565,1
15.096147,-9.209796,6566,1
14.91001,-8.0518055,6567,1
15.340647,-8.034766,6568,1
15.595067,-7.9421,6569,1
15.214842,-7.3605547,6570,1
15.745069,-8.371047,6571,1
14.670864,-7.296099,6572,1
15.695545,-7.829029,6573,1
14.667156,-9.33285,6574,1
14.506712,-8.680157,6575,1
15.187445,-8.825942,6576,1
14.939203,-8.679366,6577,1
14.999895,-7.3068733,6578,1
15.200261,-7.601553,6579,1
14.836422,-7.8232293,6580,1
15.207665,-7.342248,6581,1
15.297754,-7.5069156,6582,1
15.441922,-7.5359044,6583,1
14.981004,-8.623072,6584,1
14.97447,-8.404633,6585,1
14.567154,-7.7145586,6586,1
13.930206,-7.2705984,6587,1
15.14773,-8.607728,6588,1
15.021786,-7.90272,6589,1
15.09433,-9.180227,6590,1
14.983881,-8.029738,6591,1
15.26319,-9.330036,6592,1
14.947478,-7.2046285,6593,1
13.911124,-8.145866,6594,1
14.692786,-7.174159,6595,1
15.580833,-8.897559,6596,1
13.888485,-8.591318,6597,1
14.560568,-7.818105,6598,1
14.940603,-8.289001,6599,1
15.598911,-8.295111,6600,1
13.996728,-7.7537117,6601,1
15.532651,-8.823963,6602,1
14.351267,-7.336452,6603,1
14.847674,-8.559834,6604,1
14.136435,-7.6924872,6605,1
14.221208,-8.081163,6606,1
14.741931,-8.503163,6607,1
14.833689,-9.365303,6608,1
14.2667,-7.4134665,6609,1
15.027316,-7.920939,6610,1
9.57752,-15.53292,6611,8
9.363165,-15.849185,6612,8
9.232558,-16.028036,6613,8
9.299855,-15.94136,6614,8
9.2009115,-16.072266,6615,8
9.227277,-16.044592,6616,8
9.214812,-16.054953,6617,8
9.191009,-16.088938,6618,8
9.240444,-16.023653,6619,8
9.14461,-16.15521,6620,8
9.154505,-16.14232,6621,8
9.203308,-16.070246,6622,8
9.25238,-16.000631,6623,8
9.026681,-16.322023,6624,8
9.16719,-16.121384,6625,8
9.275076,-15.982046,6626,8
9.222632,-16.04759,6627,8
9.209674,-16.062868,6628,8
9.22756,-16.047462,6629,8
9.294475,-15.9482975,6630,8
9.244592,-16.022491,6631,8
9.232008,-16.02986,6632,8
9.211087,-16.055225,6633,8
9.220457,-16.047832,6634,8
9.179207,-16.118711,6635,8
9.231208,-16.03065,6636,8
9.318389,-15.921355,6637,8
9.184125,-16.108961,6638,8
9.26808,-15.978944,6639,8
9.27729,-15.963326,6640,8
9.251265,-16.00183,6641,8
9.310081,-15.922892,6642,8
9.232463,-16.033503,6643,8
9.304907,-15.930436,6644,8
1.84376,-17.966362,6645,5
1.8556132,-17.936852,6646,5
1.7507712,-18.002985,6647,5
1.8600931,-17.95836,6648,5
1.9155741,-17.91319,6649,5
1.8591315,-17.967897,6650,5
1.9450291,-17.906357,6651,5
1.8733186,-17.969664,6652,5
1.8854189,-17.957142,6653,5
1.9422525,-17.922792,6654,5
1.920487,-17.82559,6655,5
1.8725249,-17.9754,6656,5
1.9014487,-17.921028,6657,5
1.8882407,-17.919628,6658,5
1.9125782,-17.938898,6659,5
1.9307382,-17.874586,6660,5
1.8801341,-17.969982,6661,5
2.0462182,-17.863888,6662,5
1.8896561,-17.93742,6663,5
1.9155238,-17.904037,6664,5
1.9113837,-17.911856,6665,5
2.174777,-17.145777,6666,5
2.2624784,-16.86434,6667,5
2.2607071,-16.865253,6668,5
2.2636473,-16.889046,6669,5
