,1. SOM1,2. SOM2,3. SOM3,4. SOM4,5. SOM5,6. SOM6,7. SOM7,8. SOM8,9. SOM9,10. SOM10,11. SOM11,12. SOM12,13. SOM13,14. SOM14,15. SOM15,16. SOM16,17. SOM17,18. SOM18,19. SOM19,20. SOM20,21. SOM21,22. SOM22,23. SOM23,24. SOM24,25. SOM25
0,-0.6568230000000002,-0.3399600000000001,-0.5900159999999999,-0.7067970000000001,0.502107,-0.7852950000000001,-0.17093,0.13590100000000013,0.02061900000000001,-0.6415940000000001,-0.591448,-0.652839,1.1915810000000002,0.272455,-0.11012499999999999,-0.779851,0.0,-0.209775,-0.649597,-0.3077940000000001,-0.6322880000000001,0.48527300000000007,2.263250000000001,-0.657479,-0.6474160000000001
1,-0.6429780000000002,-0.35967100000000013,-0.5871099999999999,-0.6865980000000002,0.437387,-0.7712740000000001,-0.17093,0.21703600000000015,0.09118100000000003,-0.6280230000000001,-0.580503,-0.639077,1.0625330000000002,0.180146,-0.11012499999999999,-0.742732,0.0,-0.214584,-0.636376,-0.3077940000000001,-0.6214740000000001,0.30783600000000005,1.9437150000000007,-0.645505,-0.6340720000000001
2,-0.5963100000000001,-0.4260970000000001,-0.5773289999999999,-0.6185140000000001,0.21915199999999999,-0.7240040000000001,-0.17093,0.49055800000000016,0.3289770000000001,-0.5822810000000002,-0.543615,-0.592695,0.6273860000000001,-0.13105,-0.11012499999999999,-0.617602,0.0,-0.230798,-0.591813,-0.3077940000000001,-0.5850230000000001,-0.29032300000000005,0.8663250000000008,-0.605144,-0.5890950000000001
3,-0.5849590000000001,-0.44199300000000014,-0.5752329999999999,-0.6019380000000001,0.16446399999999997,-0.7122380000000001,-0.17093,0.5578620000000002,0.38581000000000004,-0.5711660000000001,-0.534661,-0.581437,0.5183190000000001,-0.207623,-0.11012499999999999,-0.586861,0.0,-0.234787,-0.580971,-0.3077940000000001,-0.5761330000000001,-0.43702700000000005,0.5981110000000007,-0.595294,-0.5781700000000001
4,-0.5866670000000002,-0.43327300000000013,-0.5812569999999999,-0.6042020000000001,0.13986999999999997,-0.7082120000000001,-0.17093,0.5618770000000002,0.35296600000000006,-0.5730900000000001,-0.536407,-0.583632,0.46880700000000003,-0.212192,-0.11012499999999999,-0.585511,0.0,-0.235025,-0.582543,-0.3077940000000001,-0.5768890000000001,-0.4356940000000001,0.5171230000000008,-0.595995,-0.5801700000000001
5,-0.6043470000000001,-0.3411050000000001,-0.6342119999999999,-0.6288450000000001,-0.06542000000000003,-0.6727870000000001,-0.17093,0.5620720000000002,0.004670000000000009,-0.5928680000000001,-0.553911,-0.605642,0.05492899999999999,-0.212414,-0.11012499999999999,-0.583475,0.0,-0.235037,-0.598791,-0.3077940000000001,-0.5844620000000001,-0.34544600000000003,-0.08743499999999926,-0.602706,-0.6009670000000001
6,-0.6055480000000001,-0.2920370000000001,-0.6530689999999999,-0.6316450000000001,-0.17717900000000003,-0.6478850000000002,-0.17093,0.5620760000000002,-0.18517000000000003,-0.5954640000000001,-0.556354,-0.608713,-0.17038800000000004,-0.212418,-0.11012499999999999,-0.57174,0.0,-0.235037,-0.599479,-0.3077930000000001,-0.5808910000000002,-0.30590400000000006,-0.3828589999999993,-0.597252,-0.6047540000000001
7,-0.5975460000000001,-0.2898580000000001,-0.6443529999999998,-0.6216250000000001,-0.18191600000000002,-0.6388300000000001,-0.17093,0.5620760000000002,-0.19321500000000003,-0.5877620000000001,-0.549679,-0.60032,-0.17993900000000002,-0.212418,-0.11012499999999999,-0.561168,0.0,-0.235037,-0.591711,-0.3077830000000001,-0.5733670000000001,-0.3063040000000001,-0.3650819999999993,-0.588869,-0.5973690000000001
8,-0.5834040000000001,-0.2850640000000001,-0.6276809999999999,-0.6038810000000001,-0.18213200000000002,-0.6147160000000002,-0.17093,0.5620760000000002,-0.19339100000000004,-0.5740530000000001,-0.537781,-0.58536,-0.18037400000000003,-0.212418,-0.11012499999999999,-0.543871,0.0,-0.235037,-0.578002,-0.3066220000000001,-0.5603330000000001,-0.28216500000000005,-0.3176949999999993,-0.57662,-0.5828150000000001
9,-0.5653390000000001,-0.2787710000000001,-0.6053039999999998,-0.5816460000000001,-0.18700500000000003,-0.5812630000000001,-0.17093,0.5620760000000002,-0.19339400000000004,-0.5570180000000001,-0.523674,-0.567622,-0.19019700000000003,-0.212418,-0.11012499999999999,-0.52354,0.0,-0.235037,-0.560082,-0.2562850000000001,-0.5442570000000001,-0.24228200000000003,-0.23320599999999927,-0.561285,-0.5632780000000001
10,-0.5450040000000002,-0.3019110000000001,-0.5620509999999999,-0.5634170000000001,-0.271394,-0.5731080000000001,-0.170928,0.5620630000000002,-0.19339200000000004,-0.5458210000000001,-0.526154,-0.570742,-0.36033300000000007,-0.212418,-0.11012499999999999,-0.527105,0.0,-0.235037,-0.5331,0.6157760000000001,-0.5363240000000001,-0.25060200000000005,0.3015390000000007,-0.533686,-0.5350620000000001
11,-0.5074840000000002,-0.3670130000000001,-0.4691599999999999,-0.5347150000000002,-0.484305,-0.5803900000000001,-0.170805,0.5611970000000002,-0.19326900000000002,-0.5309350000000002,-0.544019,-0.59327,-0.7895780000000001,-0.212418,-0.11012499999999999,-0.552852,0.0,-0.235037,-0.47838300000000006,2.8159460000000003,-0.5290620000000001,-0.30708300000000005,1.6066730000000007,-0.475092,-0.4786360000000001
12,-0.4988570000000001,-0.38063000000000013,-0.45026699999999986,-0.5273120000000001,-0.523776,-0.5803400000000001,-0.168135,0.5423750000000003,-0.19059800000000002,-0.5262880000000001,-0.545385,-0.596405,-0.8691570000000001,-0.212418,-0.11012499999999999,-0.556092,0.0,-0.235037,-0.46668600000000005,3.2238380000000006,-0.5260690000000001,-0.31787600000000005,1.8370720000000007,-0.462779,-0.4671630000000001
13,-0.4698430000000001,-0.4050740000000001,-0.4203039999999999,-0.49132900000000007,-0.52602,-0.5541010000000001,-0.125875,0.24437700000000015,-0.14832000000000004,-0.4941050000000001,-0.512842,-0.577943,-0.8736810000000002,-0.212418,-0.11012499999999999,-0.529518,0.0,-0.235037,-0.43942300000000006,3.2470270000000006,-0.4979030000000001,-0.31850100000000003,1.6723210000000006,-0.437451,-0.4483320000000001
14,-0.3794490000000001,-0.4802500000000001,-0.3287179999999999,-0.37862200000000007,-0.526184,-0.4710260000000001,0.007671,-0.698798,-0.014718999999999993,-0.3929470000000001,-0.40946800000000005,-0.518925,-0.8740110000000001,-0.212418,-0.11012499999999999,-0.444807,0.0,-0.235037,-0.35512900000000003,3.2487220000000003,-0.4091990000000001,-0.3183750000000001,1.1094510000000006,-0.359404,-0.3907660000000001
15,-0.3632140000000001,-0.4970090000000001,-0.3124629999999999,-0.3577930000000001,-0.526203,-0.45697300000000013,0.035038,-0.926758,0.01265900000000001,-0.3741550000000001,-0.38979500000000006,-0.50873,-0.8740490000000001,-0.212418,-0.11012499999999999,-0.430475,0.0,-0.235037,-0.3402220000000001,3.2489140000000005,-0.3931060000000001,-0.3137190000000001,0.9975410000000008,-0.345889,-0.3820830000000001
16,-0.43194300000000013,-0.4883450000000001,-0.38490999999999986,-0.43478300000000003,-0.526202,-0.5330880000000001,-0.016271,-1.0800250000000002,-0.03867,-0.44182100000000013,-0.45199700000000004,-0.559677,-0.8740470000000001,-0.212418,-0.11012499999999999,-0.508088,0.0,-0.235037,-0.40774000000000005,3.2489160000000004,-0.45817000000000013,-0.24498100000000003,1.2666920000000006,-0.412652,-0.4504330000000001
17,-0.6024260000000001,-0.4647840000000001,-0.5644729999999999,-0.6261200000000001,-0.526109,-0.7213420000000001,-0.14571,-1.4227960000000002,-0.16816400000000004,-0.6100640000000002,-0.606996,-0.685789,-0.8738600000000001,-0.212418,-0.11012499999999999,-0.70005,0.0,-0.235037,-0.575075,3.2488140000000003,-0.6196650000000001,-0.07742000000000003,1.9414730000000007,-0.577943,-0.6189160000000001
18,-0.6333380000000001,-0.4607090000000001,-0.5965829999999999,-0.6606070000000002,-0.524282,-0.7555760000000001,-0.169521,-1.4834710000000002,-0.19198500000000002,-0.6405870000000001,-0.635191,-0.708588,-0.8701750000000001,-0.212418,-0.11012499999999999,-0.73511,0.0,-0.235037,-0.605477,3.2485740000000005,-0.6489900000000001,-0.04665800000000001,2.071623000000001,-0.607943,-0.6493360000000001
19,-0.6270860000000001,-0.4653480000000001,-0.5817779999999999,-0.6498680000000001,-0.491593,-0.7505730000000002,-0.170866,-1.4478040000000003,-0.19333000000000003,-0.6347220000000001,-0.63114,-0.70278,-0.8042730000000001,-0.212412,-0.11012499999999999,-0.732833,0.0,-0.235037,-0.600408,3.2480270000000004,-0.6438660000000002,-0.04502900000000001,2.1896880000000007,-0.602412,-0.6408290000000001
20,-0.5771920000000001,-0.4957620000000001,-0.4779969999999999,-0.5707510000000001,-0.288266,-0.7073770000000001,-0.170928,-1.2052460000000003,-0.19339300000000004,-0.5873970000000001,-0.595977,-0.658534,-0.39434800000000003,-0.212142,-0.11012499999999999,-0.706447,0.0,-0.235037,-0.55806,3.2471070000000006,-0.6015910000000001,-0.04506100000000001,2.882740000000001,-0.557313,-0.5769970000000001
21,-0.5530030000000001,-0.5098360000000002,-0.4278919999999999,-0.5325410000000002,-0.19048800000000002,-0.6865260000000001,-0.17093,-1.0857190000000003,-0.19339400000000004,-0.5644490000000001,-0.57888,-0.637036,-0.19722000000000003,-0.209538,-0.11012499999999999,-0.693732,0.0,-0.235037,-0.537517,3.2383430000000004,-0.5810330000000001,-0.046133000000000014,3.214767000000001,-0.535394,-0.5459610000000001
22,-0.5517580000000001,-0.5056210000000002,-0.42662099999999986,-0.5314570000000001,-0.18986500000000003,-0.6861180000000001,-0.17093,-1.0619220000000003,-0.19339400000000004,-0.5632260000000001,-0.577652,-0.635492,-0.19596400000000003,-0.191101,-0.11012499999999999,-0.693654,0.0,-0.235037,-0.536445,3.1716880000000005,-0.5795060000000001,-0.054676000000000016,3.205811000000001,-0.533909,-0.5436470000000001
23,-0.5548390000000001,-0.47212500000000013,-0.4414049999999999,-0.5419810000000002,-0.23057100000000003,-0.6930350000000001,-0.17093,-0.963597,-0.19339400000000004,-0.5658770000000001,-0.57759,-0.635414,-0.27803000000000005,-0.073966,-0.11012499999999999,-0.698956,0.0,-0.235037,-0.538969,2.7473870000000002,-0.5791110000000002,-0.10912100000000002,2.996194000000001,-0.534412,-0.5429970000000001
24,-0.6515480000000001,-0.3376070000000001,-0.5951519999999999,-0.7077220000000001,0.5002,-0.7683080000000001,-0.17093,0.14521200000000015,-0.015834999999999995,-0.6364970000000001,-0.587018,-0.647269,1.0709400000000002,0.26974,-0.11012499999999999,-0.780283,0.0,0.1820779999999999,-0.643708,-0.3077940000000001,-0.6242370000000002,0.39094100000000004,1.9919640000000007,-0.650475,-0.6409800000000001
25,-0.6501590000000002,-0.3513840000000001,-0.6102819999999999,-0.7021570000000001,0.414214,-0.7638380000000001,-0.17093,0.2511630000000002,0.04656900000000001,-0.6352130000000001,-0.586526,-0.64665,0.9291830000000001,0.147194,-0.11012499999999999,-0.752313,0.0,0.07606299999999995,-0.64261,-0.3077940000000001,-0.6249270000000001,0.22219300000000003,1.5748600000000006,-0.650534,-0.6397210000000001
26,-0.6468050000000001,-0.3850470000000001,-0.6475589999999999,-0.6885630000000001,0.20260999999999998,-0.7528500000000001,-0.17093,0.5112280000000002,0.19907900000000003,-0.6321200000000001,-0.585371,-0.645198,0.5801340000000001,-0.153606,-0.11012499999999999,-0.683653,0.0,-0.18415900000000002,-0.639964,-0.3077940000000001,-0.6266550000000001,-0.19206300000000004,0.5492510000000008,-0.650705,-0.6366930000000001
27,-0.6462050000000001,-0.38984200000000013,-0.6551169999999998,-0.6860350000000001,0.15878699999999998,-0.7499730000000001,-0.17093,0.5592590000000002,0.22141100000000002,-0.6316140000000001,-0.585249,-0.645045,0.5061090000000001,-0.20916,-0.11012499999999999,-0.670338,0.0,-0.232218,-0.639486,-0.3077940000000001,-0.6268660000000001,-0.2687300000000001,0.3468130000000007,-0.65058,-0.6362470000000001
28,-0.6436010000000001,-0.3710700000000001,-0.6610349999999999,-0.6821050000000001,0.09401199999999997,-0.7344460000000002,-0.17093,0.5619610000000003,0.14601100000000003,-0.6297090000000001,-0.584065,-0.643555,0.37632200000000005,-0.212285,-0.11012499999999999,-0.657674,0.0,-0.234922,-0.636847,-0.3077940000000001,-0.6228550000000002,-0.27366300000000005,0.18036300000000072,-0.64593,-0.6348850000000001
29,-0.6307710000000001,-0.30419400000000013,-0.6758459999999998,-0.6640050000000001,-0.12489600000000002,-0.6762630000000001,-0.17093,0.5620750000000002,-0.123119,-0.6194290000000001,-0.57673,-0.634333,-0.06498100000000002,-0.212416,-0.11012499999999999,-0.611001,0.0,-0.235036,-0.623992,-0.3077940000000001,-0.6052440000000001,-0.2770210000000001,-0.3459179999999993,-0.625874,-0.6265780000000001
30,-0.6222330000000001,-0.2881150000000001,-0.6731859999999998,-0.6527780000000001,-0.17913700000000002,-0.6578560000000001,-0.17093,0.5620760000000002,-0.18984700000000002,-0.6116820000000001,-0.570399,-0.626373,-0.17433600000000002,-0.212418,-0.11012499999999999,-0.592755,0.0,-0.235037,-0.615616,-0.3077930000000001,-0.5959830000000002,-0.2828840000000001,-0.45476699999999926,-0.615199,-0.6196660000000002
31,-0.6089380000000001,-0.2862040000000001,-0.6579889999999999,-0.6361540000000001,-0.18192700000000003,-0.6442960000000001,-0.17093,0.5620760000000002,-0.19327900000000003,-0.5988070000000001,-0.559198,-0.612289,-0.17996100000000004,-0.212418,-0.11012499999999999,-0.576729,0.0,-0.235037,-0.602725,-0.3077880000000001,-0.5837170000000002,-0.28448900000000005,-0.41443099999999927,-0.601579,-0.6072110000000001
32,-0.5792760000000001,-0.2757360000000001,-0.6236219999999999,-0.5995380000000001,-0.18207700000000002,-0.6034090000000001,-0.17093,0.5620760000000002,-0.19339200000000004,-0.5700120000000001,-0.533966,-0.580563,-0.18026100000000003,-0.212418,-0.11012499999999999,-0.544933,0.0,-0.235037,-0.573938,-0.3072010000000001,-0.5563630000000002,-0.24867000000000003,-0.32224799999999926,-0.573791,-0.5775880000000001
33,-0.5613940000000001,-0.2673490000000001,-0.6026109999999999,-0.5777490000000001,-0.18389400000000003,-0.5751140000000001,-0.17093,0.5620760000000002,-0.19339400000000004,-0.5528270000000001,-0.519119,-0.561895,-0.18392500000000003,-0.212418,-0.11012499999999999,-0.527333,0.0,-0.235037,-0.556419,-0.2884330000000001,-0.5400470000000002,-0.21438300000000002,-0.26127299999999926,-0.557684,-0.5589740000000001
34,-0.5526310000000001,-0.27691900000000014,-0.5844019999999999,-0.5696960000000001,-0.21827400000000002,-0.5712500000000001,-0.170928,0.5620620000000002,-0.19339200000000004,-0.5478020000000001,-0.519735,-0.562671,-0.2532380000000001,-0.212418,-0.11012499999999999,-0.528015,0.0,-0.235037,-0.544966,0.06684199999999997,-0.5363810000000001,-0.21816600000000003,-0.041249999999999266,-0.545975,-0.5470360000000001
35,-0.5172480000000002,-0.34399400000000013,-0.4955429999999999,-0.5421560000000001,-0.421739,-0.5777390000000001,-0.170661,0.5601840000000002,-0.19312500000000002,-0.5340460000000001,-0.537445,-0.585081,-0.6634420000000001,-0.212418,-0.11012499999999999,-0.548073,0.0,-0.235037,-0.4931960000000001,2.1694110000000006,-0.5299570000000001,-0.28228500000000006,1.2157280000000006,-0.490795,-0.4938470000000001
36,-0.4968050000000001,-0.3782700000000001,-0.4508979999999999,-0.5241460000000001,-0.513666,-0.5766980000000002,-0.163724,0.5112680000000002,-0.18618500000000002,-0.5228210000000001,-0.540306,-0.592364,-0.8487740000000001,-0.212418,-0.11012499999999999,-0.552916,0.0,-0.235037,-0.46565800000000007,3.1193630000000003,-0.5226730000000002,-0.31173500000000004,1.7545380000000006,-0.462019,-0.4670450000000001
37,-0.4404220000000001,-0.42747400000000013,-0.39151599999999986,-0.45447600000000005,-0.522302,-0.5264320000000001,-0.082242,-0.06326699999999992,-0.104669,-0.4607810000000001,-0.47823600000000005,-0.557615,-0.8661850000000001,-0.212418,-0.11012499999999999,-0.50177,0.0,-0.235037,-0.41230300000000003,3.2086080000000003,-0.4685260000000001,-0.31559000000000004,1.4642830000000007,-0.412369,-0.4299340000000001
38,-0.36633900000000014,-0.4907710000000001,-0.31556099999999987,-0.36227300000000007,-0.525715,-0.4588660000000001,0.026941,-0.833737,0.004559000000000009,-0.3782450000000001,-0.39438800000000007,-0.510204,-0.8730660000000001,-0.212418,-0.11012499999999999,-0.432469,0.0,-0.235037,-0.3429380000000001,3.2438770000000003,-0.3962750000000001,-0.31812700000000005,1.0249870000000008,-0.348111,-0.3824070000000001
39,-0.3593270000000001,-0.4980520000000001,-0.3084139999999999,-0.35333000000000003,-0.526148,-0.4528140000000001,0.038545,-0.9286,0.01616900000000001,-0.3702100000000001,-0.38606500000000005,-0.505904,-0.8739380000000001,-0.212418,-0.11012499999999999,-0.426241,0.0,-0.235037,-0.33644900000000005,3.2483450000000005,-0.3893900000000001,-0.31673200000000007,0.9800550000000008,-0.342207,-0.3785190000000001
40,-0.3902290000000001,-0.4941220000000001,-0.34097499999999986,-0.3879520000000001,-0.52616,-0.4870250000000001,0.015419,-0.996362,-0.006966999999999992,-0.4006470000000001,-0.41405800000000004,-0.528814,-0.8739620000000001,-0.212418,-0.11012499999999999,-0.461115,0.0,-0.235037,-0.3668020000000001,3.2484760000000006,-0.41865000000000013,-0.28599800000000003,1.1014290000000007,-0.372215,-0.4092200000000001
41,-0.5607880000000001,-0.4704530000000001,-0.5206469999999999,-0.5792870000000001,-0.52562,-0.6752890000000001,-0.114111,-1.3362590000000003,-0.13655200000000003,-0.5689480000000001,-0.569097,-0.654926,-0.8728730000000001,-0.212418,-0.11012499999999999,-0.653003,0.0,-0.235037,-0.534248,3.2436060000000007,-0.5801870000000001,-0.11937300000000003,1.7752570000000008,-0.537608,-0.5777820000000001
42,-0.6301390000000001,-0.4608150000000001,-0.5933299999999999,-0.6566620000000001,-0.52249,-0.7517680000000001,-0.167164,-1.4664100000000002,-0.18962700000000002,-0.6373490000000002,-0.632137,-0.706001,-0.8665640000000001,-0.212417,-0.11012499999999999,-0.730908,0.0,-0.235037,-0.602484,3.2297360000000004,-0.6458370000000001,-0.05357500000000001,2.053777000000001,-0.604965,-0.6462200000000001
43,-0.6268010000000002,-0.4644800000000001,-0.5818689999999999,-0.6487160000000001,-0.487546,-0.7495540000000002,-0.170758,-1.4209980000000002,-0.19322200000000003,-0.6342360000000001,-0.6305,-0.702033,-0.7961130000000001,-0.21231,-0.11012499999999999,-0.730969,0.0,-0.235037,-0.600479,3.2009210000000006,-0.6432780000000001,-0.05481100000000001,2.173906000000001,-0.602432,-0.6406830000000001
44,-0.5776700000000001,-0.4931930000000001,-0.47985699999999987,-0.5710420000000002,-0.288226,-0.7072890000000001,-0.170927,-1.1786750000000001,-0.19339100000000004,-0.5876430000000001,-0.595836,-0.658357,-0.39426700000000003,-0.206969,-0.11012499999999999,-0.705345,0.0,-0.235037,-0.55877,3.1849600000000002,-0.6015560000000001,-0.05638000000000001,2.8528450000000007,-0.557913,-0.5775740000000001
45,-0.5544480000000002,-0.4948190000000001,-0.4346899999999999,-0.5371930000000001,-0.20822400000000002,-0.6895290000000001,-0.17093,-1.0382790000000002,-0.19339400000000004,-0.5656640000000001,-0.578842,-0.636988,-0.23297900000000002,-0.15777,-0.11012499999999999,-0.695841,0.0,-0.235037,-0.538761,3.0428410000000006,-0.5808730000000001,-0.07183300000000002,3.118048000000001,-0.535741,-0.5458120000000001
46,-0.5593570000000001,-0.4250290000000001,-0.4625519999999999,-0.5570340000000001,-0.288378,-0.7028900000000001,-0.17093,-0.826252,-0.19339400000000004,-0.5697780000000001,-0.577636,-0.635472,-0.39457900000000007,0.090238,-0.11012499999999999,-0.706463,0.0,-0.235037,-0.542682,2.1517210000000007,-0.5787210000000002,-0.18561900000000003,2.699275000000001,-0.535301,-0.5423440000000002
47,-0.5714720000000001,-0.2960020000000001,-0.5199659999999999,-0.5979490000000001,-0.446106,-0.7297390000000001,-0.17093,-0.44957899999999995,-0.19339400000000004,-0.5802280000000001,-0.577588,-0.635411,-0.7125810000000001,0.540928,-0.11012499999999999,-0.727024,0.0,-0.235037,-0.55261,0.5198620000000002,-0.5774270000000001,-0.39495800000000003,1.8894000000000006,-0.537466,-0.5401750000000001
48,-0.6304280000000001,-0.3291800000000001,-0.6105399999999999,-0.7091510000000001,0.500246,-0.7049160000000001,-0.17093,0.17045800000000014,-0.15096200000000004,-0.6160480000000002,-0.569251,-0.62493,0.6378090000000001,0.270051,-0.11012499999999999,-0.781791,0.0,1.6365279999999995,-0.620377,-0.3077940000000001,-0.5930030000000001,0.052503,1.0329490000000006,-0.623021,-0.6156620000000002
49,-0.6493080000000001,-0.3317690000000001,-0.6408139999999999,-0.7241400000000001,0.416989,-0.7255420000000001,-0.17093,0.2658940000000002,-0.098069,-0.6346640000000001,-0.585545,-0.645417,0.6058280000000001,0.152475,-0.11012499999999999,-0.775237,0.0,1.1804349999999997,-0.639405,-0.3077940000000001,-0.6137740000000002,0.015007999999999994,0.8075910000000007,-0.643378,-0.6349100000000001
50,-0.6979590000000001,-0.3378120000000001,-0.7194849999999999,-0.7625460000000001,0.19672499999999998,-0.7785190000000001,-0.17093,0.5125770000000002,0.03479500000000001,-0.6826710000000001,-0.627632,-0.698335,0.5129620000000001,-0.151436,-0.11012499999999999,-0.757301,0.0,0.001519999999999957,-0.688445,-0.3077940000000001,-0.6672710000000001,-0.08509700000000003,0.21034900000000073,-0.69567,-0.6846610000000001
51,-0.7056460000000001,-0.3363310000000001,-0.7348689999999999,-0.7673200000000001,0.13555699999999998,-0.7857690000000002,-0.17093,0.5594450000000002,0.045321000000000014,-0.6904170000000001,-0.634681,-0.707198,0.45637000000000005,-0.209177,-0.11012499999999999,-0.748846,0.0,-0.222464,-0.696261,-0.3077940000000001,-0.6757980000000001,-0.11566100000000003,0.046293000000000736,-0.703467,-0.6931230000000002
52,-0.6879140000000001,-0.3213960000000001,-0.7257959999999999,-0.7418520000000001,0.03420599999999997,-0.7560250000000001,-0.17093,0.5619850000000002,-0.028788999999999995,-0.6739150000000002,-0.621635,-0.690795,0.25565400000000005,-0.212306,-0.11012499999999999,-0.709814,0.0,-0.234605,-0.67914,-0.3077940000000001,-0.6585290000000001,-0.16936400000000001,-0.16013699999999928,-0.683846,-0.6782780000000002
53,-0.6422290000000002,-0.2923100000000001,-0.6930179999999999,-0.6790330000000001,-0.14602900000000002,-0.6818150000000001,-0.17093,0.5620750000000002,-0.16597700000000004,-0.6308560000000001,-0.586581,-0.646719,-0.10758800000000003,-0.212417,-0.11012499999999999,-0.623331,0.0,-0.235033,-0.634958,-0.3077940000000001,-0.6146100000000001,-0.25757500000000005,-0.45286399999999927,-0.635901,-0.6378210000000001
54,-0.6297490000000001,-0.2861030000000001,-0.6823489999999999,-0.6624100000000002,-0.17998600000000003,-0.6628210000000001,-0.17093,0.5620760000000002,-0.19184400000000001,-0.6189840000000001,-0.576683,-0.634274,-0.17604600000000004,-0.212418,-0.11012499999999999,-0.602505,0.0,-0.235037,-0.622876,-0.3077940000000001,-0.6027630000000002,-0.27247400000000005,-0.4900629999999993,-0.623174,-0.6263950000000001
55,-0.6190030000000001,-0.2799120000000001,-0.6706469999999999,-0.6496400000000001,-0.18193500000000004,-0.6509260000000001,-0.17093,0.5620760000000002,-0.19332800000000003,-0.6085420000000001,-0.567362,-0.622554,-0.17997500000000002,-0.212418,-0.11012499999999999,-0.593982,0.0,-0.235037,-0.612402,-0.3077920000000001,-0.5927670000000002,-0.26060700000000003,-0.46918599999999927,-0.612322,-0.6158220000000001
56,-0.5762880000000001,-0.24794500000000008,-0.6238459999999999,-0.5997620000000001,-0.18203300000000003,-0.6015720000000001,-0.17093,0.5620760000000002,-0.19339300000000004,-0.5669640000000001,-0.529922,-0.575478,-0.18017400000000003,-0.212418,-0.11012499999999999,-0.569228,0.0,-0.235037,-0.570716,-0.3076460000000001,-0.5530550000000001,-0.18298700000000004,-0.3850699999999993,-0.56983,-0.5728290000000001
57,-0.5560250000000001,-0.23143300000000008,-0.6016209999999999,-0.5762110000000001,-0.18243200000000004,-0.5773120000000002,-0.17093,0.5620760000000002,-0.19339400000000004,-0.5472770000000001,-0.512222,-0.553224,-0.18097700000000003,-0.212418,-0.11012499999999999,-0.558906,0.0,-0.235037,-0.550902,-0.3035450000000001,-0.5342610000000001,-0.14107100000000003,-0.3449979999999993,-0.549817,-0.5522150000000001
58,-0.5520300000000001,-0.2319990000000001,-0.5953329999999999,-0.5720600000000001,-0.19014900000000004,-0.5742730000000001,-0.170928,0.5620670000000002,-0.19339200000000004,-0.5441750000000001,-0.510575,-0.551153,-0.19653600000000002,-0.212418,-0.11012499999999999,-0.558079,0.0,-0.235037,-0.546351,-0.22379300000000008,-0.5315520000000001,-0.13853700000000002,-0.2923909999999993,-0.545133,-0.5475050000000001
59,-0.5301840000000001,-0.2552390000000001,-0.5518079999999999,-0.5514120000000001,-0.268178,-0.5672420000000001,-0.170668,0.5602330000000002,-0.19313200000000003,-0.5308420000000001,-0.51024,-0.55087,-0.35384800000000005,-0.212418,-0.11012499999999999,-0.557808,0.0,-0.235037,-0.518459,0.5825370000000001,-0.5214490000000002,-0.15882700000000002,0.20838100000000073,-0.515823,-0.5190610000000001
60,-0.5019730000000001,-0.28765000000000013,-0.4999019999999999,-0.5231090000000002,-0.353165,-0.5555600000000002,-0.1614,0.4948850000000002,-0.18386000000000002,-0.5111410000000001,-0.504445,-0.548508,-0.5251900000000002,-0.212418,-0.11012499999999999,-0.551833,0.0,-0.235037,-0.48404900000000006,1.4607770000000002,-0.5060490000000001,-0.18503900000000004,0.7162000000000007,-0.480408,-0.4859180000000001
61,-0.43292000000000014,-0.3853020000000001,-0.40766799999999986,-0.44106100000000004,-0.434647,-0.5051250000000002,-0.067376,-0.16807899999999992,-0.089797,-0.44301400000000013,-0.44716600000000006,-0.526449,-0.6894640000000001,-0.212418,-0.11012499999999999,-0.491451,0.0,-0.235037,-0.41267700000000007,2.3027910000000005,-0.4493830000000001,-0.24586600000000003,0.8422700000000007,-0.413364,-0.4332860000000001
62,-0.3657180000000001,-0.4840190000000001,-0.3182369999999999,-0.3609220000000001,-0.513258,-0.4561080000000001,0.027766,-0.839152,0.00538500000000001,-0.3762850000000001,-0.3906160000000001,-0.505898,-0.8479510000000001,-0.212418,-0.11012499999999999,-0.431279,0.0,-0.235037,-0.34338900000000006,3.1151460000000006,-0.3940180000000001,-0.3082710000000001,0.9430370000000008,-0.348591,-0.38301600000000013
63,-0.3587050000000001,-0.4963200000000001,-0.3083339999999999,-0.35258800000000007,-0.523821,-0.4515860000000001,0.038453,-0.9193,0.01607700000000001,-0.3694480000000001,-0.38508800000000004,-0.504627,-0.8692470000000001,-0.212418,-0.11012499999999999,-0.425289,0.0,-0.235037,-0.3360020000000001,3.2243010000000005,-0.3885200000000001,-0.31606100000000004,0.9652510000000007,-0.341727,-0.3778680000000001
64,-0.3709170000000001,-0.4959630000000001,-0.3208679999999999,-0.36614500000000005,-0.524701,-0.4653930000000001,0.029769,-0.949907,0.007388000000000009,-0.3815210000000001,-0.39632800000000007,-0.514145,-0.8710220000000001,-0.212418,-0.11012499999999999,-0.439054,0.0,-0.235037,-0.34795200000000004,3.2334000000000005,-0.40021800000000013,-0.3058910000000001,1.0192580000000007,-0.353569,-0.3901060000000001
65,-0.5026120000000001,-0.47498800000000013,-0.46050799999999986,-0.5105210000000001,-0.507669,-0.6083070000000002,-0.070815,-1.1146590000000003,-0.093237,-0.5107400000000001,-0.514767,-0.60962,-0.8366840000000001,-0.212418,-0.11012499999999999,-0.581678,0.0,-0.235037,-0.47859900000000005,3.0578570000000003,-0.5238530000000001,-0.21284900000000004,1.4945900000000008,-0.482414,-0.5206940000000001
66,-0.6207430000000002,-0.4483060000000001,-0.5880599999999999,-0.6314470000000001,-0.447935,-0.7300660000000001,-0.163175,-1.0092680000000003,-0.18563600000000002,-0.6247540000000001,-0.61767,-0.68993,-0.7162540000000001,-0.212406,-0.11012499999999999,-0.695729,0.0,-0.235037,-0.599326,2.4546040000000002,-0.6318740000000002,-0.21778000000000003,1.8067060000000006,-0.600923,-0.6387450000000001
67,-0.6221210000000001,-0.4372920000000001,-0.5890519999999999,-0.6173080000000001,-0.360231,-0.7222880000000002,-0.170659,-0.592324,-0.19312300000000002,-0.6232210000000001,-0.614387,-0.681825,-0.5394360000000001,-0.211164,-0.11012499999999999,-0.677362,0.0,-0.235037,-0.606905,1.7336990000000003,-0.6289420000000001,-0.3558490000000001,1.7001380000000006,-0.607228,-0.6403750000000001
68,-0.5921720000000001,-0.4424110000000001,-0.5290719999999999,-0.5750240000000001,-0.262504,-0.7009710000000001,-0.170925,-0.4690559999999999,-0.19338900000000003,-0.5953510000000001,-0.593484,-0.655401,-0.34243300000000004,-0.150672,-0.11012499999999999,-0.668765,0.0,-0.235037,-0.580424,1.6627420000000002,-0.6030940000000001,-0.35320200000000007,2.089724000000001,-0.578086,-0.5990330000000001
69,-0.5691890000000001,-0.3609960000000001,-0.4995869999999999,-0.5789120000000001,-0.361294,-0.7154290000000001,-0.17093,-0.569334,-0.19339400000000004,-0.5777330000000002,-0.578992,-0.637178,-0.5417750000000001,0.289927,-0.11012499999999999,-0.710851,0.0,-0.235037,-0.552317,1.2256630000000002,-0.5804970000000002,-0.3199930000000001,2.204378000000001,-0.541552,-0.5478790000000001
70,-0.5750580000000001,-0.2590710000000001,-0.5366619999999999,-0.6097070000000001,-0.490933,-0.7373680000000001,-0.17093,-0.33923299999999995,-0.19339400000000004,-0.5833030000000001,-0.577614,-0.635444,-0.8032870000000001,0.668942,-0.11012499999999999,-0.732678,0.0,-0.235037,-0.555607,0.048796999999999965,-0.5771300000000001,-0.45586000000000004,1.6546640000000006,-0.538259,-0.5397710000000001
71,-0.5772460000000001,-0.23476000000000008,-0.5472609999999999,-0.6174030000000001,-0.520887,-0.7424670000000001,-0.17093,-0.2705659999999999,-0.19339400000000004,-0.5852090000000001,-0.57758,-0.635401,-0.8637090000000001,0.754521,-0.11012499999999999,-0.736738,0.0,-0.235037,-0.557353,-0.25490400000000013,-0.5768330000000002,-0.4943350000000001,1.5046950000000006,-0.53853,-0.5391920000000001
72,-0.6236160000000001,-0.32595800000000014,-0.6141589999999999,-0.7082160000000001,0.496406,-0.6866580000000001,-0.17093,0.17374700000000015,-0.18736200000000003,-0.6094150000000002,-0.563439,-0.617621,0.5135350000000001,0.269777,-0.11012499999999999,-0.781255,0.0,2.0515689999999998,-0.612946,-0.3077940000000001,-0.5833510000000001,-0.038961000000000016,0.7599500000000008,-0.614417,-0.6076450000000001
73,-0.6356320000000001,-0.3255070000000001,-0.6315969999999999,-0.7181420000000001,0.451435,-0.7000870000000001,-0.17093,0.22147000000000014,-0.16363100000000003,-0.6212780000000001,-0.573778,-0.630621,0.5057110000000001,0.210519,-0.11012499999999999,-0.779825,0.0,1.7705589999999995,-0.625032,-0.3077940000000001,-0.5963210000000001,-0.043136000000000015,0.6620870000000008,-0.627105,-0.6199760000000001
74,-0.6970190000000002,-0.3209150000000001,-0.7241419999999998,-0.7671400000000002,0.18841099999999997,-0.7685680000000001,-0.17093,0.4722620000000002,-0.055931,-0.6820800000000001,-0.627166,-0.697749,0.4107700000000001,-0.100895,-0.11012499999999999,-0.765659,0.0,0.2938149999999999,-0.686873,-0.3077940000000001,-0.6627020000000001,-0.08597100000000003,0.07379000000000073,-0.691174,-0.6838840000000002
75,-0.7127940000000001,-0.31371700000000013,-0.7569299999999999,-0.7750370000000001,0.03329499999999997,-0.7854890000000001,-0.17093,0.5577360000000002,-0.060949,-0.6982180000000001,-0.642334,-0.716821,0.24641100000000002,-0.207029,-0.11012499999999999,-0.743475,0.0,-0.209481,-0.703029,-0.3077940000000001,-0.6801900000000001,-0.15111200000000002,-0.3038909999999993,-0.705851,-0.7026360000000001
76,-0.6978390000000001,-0.3035690000000001,-0.7508319999999999,-0.7522860000000001,-0.07077200000000003,-0.7642370000000002,-0.17093,0.5619600000000002,-0.122628,-0.6843490000000001,-0.631728,-0.703485,0.04393699999999999,-0.212274,-0.11012499999999999,-0.706612,0.0,-0.234357,-0.688677,-0.3077940000000001,-0.6659680000000001,-0.22274900000000003,-0.5384809999999992,-0.688708,-0.6908890000000001
77,-0.6573670000000001,-0.2898630000000001,-0.7131669999999999,-0.6985820000000001,-0.15844200000000003,-0.7037310000000001,-0.17093,0.5620750000000002,-0.17837000000000003,-0.6456210000000001,-0.599264,-0.662666,-0.13261400000000004,-0.212416,-0.11012499999999999,-0.641336,0.0,-0.23503,-0.64954,-0.3077940000000001,-0.6281200000000001,-0.2658090000000001,-0.5909149999999992,-0.648931,-0.6530270000000001
78,-0.6309060000000001,-0.2807150000000001,-0.6854349999999999,-0.6656430000000001,-0.18034600000000003,-0.6641220000000001,-0.17093,0.5620760000000002,-0.19232700000000003,-0.6200450000000001,-0.576985,-0.634654,-0.17677300000000004,-0.212418,-0.11012499999999999,-0.606124,0.0,-0.235037,-0.623832,-0.3077940000000001,-0.6033780000000001,-0.25847500000000007,-0.5351659999999993,-0.623969,-0.6268740000000002
79,-0.6113080000000001,-0.2614550000000001,-0.6658779999999999,-0.6445560000000001,-0.18195200000000003,-0.6405870000000001,-0.17093,0.5620760000000002,-0.19335000000000002,-0.6009110000000001,-0.559132,-0.612206,-0.18001100000000003,-0.212418,-0.11012499999999999,-0.595666,0.0,-0.235037,-0.604535,-0.3077930000000001,-0.5846720000000001,-0.21327800000000002,-0.5254519999999993,-0.60428,-0.6064790000000001
80,-0.5660080000000001,-0.2114070000000001,-0.6180429999999999,-0.5935750000000001,-0.18202100000000002,-0.5949190000000001,-0.17093,0.5620760000000002,-0.19339300000000004,-0.5567460000000001,-0.518693,-0.56136,-0.18014900000000003,-0.212418,-0.11012499999999999,-0.590356,0.0,-0.235037,-0.560179,-0.3077800000000001,-0.5424660000000001,-0.10214400000000003,-0.4686669999999993,-0.557495,-0.5604890000000001
81,-0.5501880000000001,-0.19545500000000007,-0.6004079999999999,-0.5747950000000001,-0.18205600000000002,-0.5797790000000002,-0.17093,0.5620760000000002,-0.19339400000000004,-0.5413600000000001,-0.504951,-0.54408,-0.18022000000000002,-0.212418,-0.11012499999999999,-0.589559,0.0,-0.235037,-0.544779,-0.3074260000000001,-0.5280150000000001,-0.06836500000000002,-0.43140299999999926,-0.541158,-0.5448030000000001
82,-0.5441580000000001,-0.19345800000000007,-0.5935709999999998,-0.5677100000000002,-0.18266200000000002,-0.5726380000000001,-0.170929,0.5620740000000002,-0.19339300000000004,-0.5355560000000001,-0.49984300000000004,-0.537659,-0.18144100000000002,-0.212418,-0.11012499999999999,-0.583568,0.0,-0.235037,-0.538848,-0.30116900000000013,-0.5224660000000001,-0.06398200000000002,-0.4159509999999993,-0.535183,-0.5387600000000001
83,-0.5226560000000001,-0.18813300000000008,-0.5680109999999999,-0.5416680000000001,-0.18629000000000004,-0.5487490000000002,-0.170895,0.5618300000000003,-0.19335900000000003,-0.5150330000000001,-0.48230500000000004,-0.515626,-0.18875500000000003,-0.212418,-0.11012499999999999,-0.56415,0.0,-0.235037,-0.517656,-0.2636770000000001,-0.5031390000000001,-0.05423600000000001,-0.34220299999999926,-0.513627,-0.5174730000000001
84,-0.5117720000000001,-0.18665800000000007,-0.5544259999999999,-0.5281190000000001,-0.18941800000000003,-0.5377730000000001,-0.169961,0.5552440000000002,-0.19242400000000004,-0.5047010000000001,-0.47372700000000006,-0.505336,-0.19506200000000004,-0.212418,-0.11012499999999999,-0.556194,0.0,-0.235037,-0.506888,-0.23134800000000008,-0.49363600000000013,-0.051066000000000014,-0.2961729999999993,-0.502603,-0.5069690000000001
85,-0.4954540000000001,-0.2074880000000001,-0.5307019999999999,-0.5086920000000001,-0.21220000000000003,-0.5249350000000002,-0.155256,0.45156500000000016,-0.17771400000000004,-0.48972700000000013,-0.46265500000000004,-0.499227,-0.24099200000000004,-0.212418,-0.11012499999999999,-0.540586,0.0,-0.235037,-0.4895610000000001,0.004070999999999958,-0.4810800000000001,-0.06879000000000003,-0.19687099999999927,-0.485977,-0.4926200000000001
86,-0.4336760000000001,-0.3171000000000001,-0.4348089999999999,-0.43701700000000004,-0.330247,-0.4850620000000001,-0.080621,-0.07471999999999991,-0.103048,-0.4343760000000001,-0.42464900000000005,-0.491098,-0.47898500000000005,-0.212418,-0.11012499999999999,-0.484623,0.0,-0.235037,-0.4217560000000001,1.2239470000000001,-0.4368190000000001,-0.16269300000000003,0.26159300000000074,-0.421816,-0.4397590000000001
87,-0.3887940000000001,-0.4155610000000001,-0.3610359999999999,-0.38594500000000004,-0.436339,-0.4621450000000001,-0.014771,-0.540365,-0.03717,-0.3950660000000001,-0.3996910000000001,-0.494706,-0.6928760000000002,-0.212418,-0.11012499999999999,-0.447394,0.0,-0.235037,-0.37109700000000007,2.3202820000000006,-0.40685700000000014,-0.24732400000000002,0.6539690000000008,-0.374312,-0.4022910000000001
88,-0.3853410000000001,-0.4484070000000001,-0.3483099999999999,-0.3797630000000001,-0.464706,-0.4666630000000001,-0.000246,-0.671712,-0.022638999999999996,-0.3930250000000001,-0.40155100000000005,-0.504764,-0.7500670000000002,-0.212418,-0.11012499999999999,-0.444903,0.0,-0.235037,-0.36613100000000004,2.6134230000000005,-0.40748800000000013,-0.28980000000000006,0.8158770000000007,-0.370208,-0.40163500000000013
89,-0.5406430000000001,-0.4184740000000001,-0.5161339999999999,-0.5169620000000001,-0.304819,-0.6173500000000001,-0.115731,-0.0240379999999999,-0.13817200000000002,-0.5392830000000001,-0.532172,-0.607637,-0.4277210000000001,-0.212418,-0.11012499999999999,-0.561707,0.0,-0.235037,-0.532043,0.9612780000000001,-0.5453000000000001,-0.5429950000000001,1.0503940000000007,-0.532457,-0.5614460000000001
90,-0.6146650000000001,-0.4032040000000001,-0.5969329999999999,-0.5768530000000001,-0.20401900000000003,-0.6861900000000001,-0.169318,0.4347130000000002,-0.19178100000000003,-0.6078970000000001,-0.592716,-0.65529,-0.22449900000000003,-0.212399,-0.11012499999999999,-0.608693,0.0,-0.235037,-0.613172,-0.07942400000000005,-0.6095190000000001,-0.7273280000000001,1.0954560000000007,-0.611568,-0.6385490000000001
91,-0.6163950000000001,-0.4012590000000001,-0.5991739999999999,-0.5758750000000001,-0.18989100000000003,-0.6863340000000001,-0.170899,0.5125860000000002,-0.19336300000000003,-0.6090200000000001,-0.593342,-0.655237,-0.19602700000000003,-0.211359,-0.11012499999999999,-0.606203,0.0,-0.235037,-0.616008,-0.2216750000000001,-0.6103130000000001,-0.7569150000000001,1.0699240000000008,-0.614184,-0.6405730000000001
92,-0.6131220000000001,-0.3927870000000001,-0.5938959999999999,-0.5764580000000001,-0.20361800000000002,-0.6885420000000001,-0.170929,0.4734090000000002,-0.19339300000000004,-0.6066690000000001,-0.591733,-0.653197,-0.22413400000000003,-0.157878,-0.11012499999999999,-0.612958,0.0,-0.235037,-0.611816,-0.22113000000000008,-0.6075490000000001,-0.7418410000000001,1.1115960000000007,-0.608988,-0.6335190000000002
93,-0.5853550000000001,-0.2774780000000001,-0.5562419999999999,-0.6058430000000001,-0.43563,-0.7278430000000001,-0.17093,-0.09673899999999992,-0.19339400000000004,-0.5898590000000001,-0.58085,-0.639513,-0.6971820000000001,0.514441,-0.11012499999999999,-0.705164,0.0,-0.235037,-0.570224,-0.19732600000000008,-0.5841360000000001,-0.5477050000000001,1.4385560000000006,-0.555575,-0.5620940000000001
94,-0.5774630000000001,-0.23329200000000008,-0.5480979999999999,-0.6177690000000001,-0.51868,-0.7419380000000001,-0.17093,-0.2541359999999999,-0.19339400000000004,-0.5853110000000001,-0.577506,-0.635308,-0.8664700000000001,0.753322,-0.11012499999999999,-0.735498,0.0,-0.235037,-0.557829,-0.2883400000000001,-0.5767860000000001,-0.49916200000000005,1.4910180000000006,-0.538997,-0.5396260000000002
95,-0.5773790000000001,-0.23105900000000007,-0.5484119999999999,-0.6184280000000001,-0.522113,-0.7425220000000001,-0.17093,-0.25461599999999995,-0.19339400000000004,-0.5852930000000001,-0.577424,-0.635206,-0.8734640000000001,0.763172,-0.11012499999999999,-0.736421,0.0,-0.235037,-0.557615,-0.3051370000000001,-0.5765960000000001,-0.49984000000000006,1.4850740000000007,-0.538612,-0.5390590000000001
96,-0.6211910000000002,-0.3096640000000001,-0.6283459999999998,-0.7002070000000001,0.378994,-0.6850580000000001,-0.17093,0.17623200000000014,-0.15443700000000002,-0.6067060000000001,-0.560232,-0.613589,0.38639300000000004,0.187182,-0.11012499999999999,-0.765695,0.0,2.0814359999999996,-0.610171,-0.3077940000000001,-0.5801490000000001,-0.04464000000000001,0.40032800000000074,-0.611542,-0.6042070000000002
97,-0.6274310000000001,-0.3061550000000001,-0.6393799999999998,-0.7050100000000001,0.339327,-0.6905240000000001,-0.17093,0.21180400000000013,-0.15057700000000002,-0.6130170000000001,-0.565722,-0.620492,0.35846700000000004,0.15034,-0.11012499999999999,-0.760483,0.0,1.8678699999999995,-0.616517,-0.3077940000000001,-0.5870600000000001,-0.05068300000000001,0.3032040000000007,-0.617905,-0.6109140000000001
98,-0.6741110000000001,-0.28590900000000014,-0.7217629999999999,-0.7388680000000001,0.028413999999999974,-0.7347820000000002,-0.17093,0.46553100000000014,-0.14033800000000002,-0.6603910000000001,-0.608071,-0.67374,0.102857,-0.112433,-0.11012499999999999,-0.719258,0.0,0.3445779999999999,-0.664102,-0.3077940000000001,-0.6387330000000001,-0.13688100000000003,-0.4443089999999993,-0.664302,-0.6627200000000001
99,-0.6931420000000001,-0.2843160000000001,-0.7561369999999998,-0.7494910000000001,-0.12585700000000002,-0.7567060000000001,-0.17093,0.5585790000000003,-0.16146500000000003,-0.6799650000000002,-0.627063,-0.69762,-0.07203200000000003,-0.208797,-0.11012499999999999,-0.697099,0.0,-0.214046,-0.683702,-0.3077940000000001,-0.6599160000000001,-0.22738700000000003,-0.7967929999999992,-0.681636,-0.6861130000000001
100,-0.6900610000000001,-0.28476400000000013,-0.7552309999999999,-0.7431410000000002,-0.16014800000000004,-0.7535640000000001,-0.17093,0.5620020000000002,-0.17993200000000004,-0.6772260000000001,-0.625511,-0.695668,-0.13616100000000003,-0.212341,-0.11012499999999999,-0.685795,0.0,-0.234592,-0.680879,-0.3077940000000001,-0.6573020000000002,-0.2616820000000001,-0.8575619999999993,-0.67772,-0.6845820000000001
101,-0.6663070000000001,-0.2728080000000001,-0.7314469999999998,-0.7153590000000001,-0.17590300000000003,-0.7183310000000002,-0.17093,0.5620750000000002,-0.18961300000000003,-0.6541810000000001,-0.604802,-0.669629,-0.16781600000000002,-0.212417,-0.11012499999999999,-0.655883,0.0,-0.235031,-0.657645,-0.3077940000000001,-0.6347070000000001,-0.24165800000000004,-0.8298849999999992,-0.655108,-0.6604550000000001
102,-0.6138150000000001,-0.24180700000000008,-0.6778089999999999,-0.6573500000000001,-0.18142700000000003,-0.6409250000000001,-0.17093,0.5620760000000002,-0.19302700000000003,-0.6029920000000001,-0.557571,-0.610243,-0.17895200000000003,-0.212418,-0.11012499999999999,-0.597649,0.0,-0.235037,-0.606056,-0.3077940000000001,-0.5843750000000001,-0.15716900000000003,-0.7325619999999993,-0.605587,-0.6055050000000001
103,-0.5824700000000002,-0.21541400000000008,-0.6469049999999998,-0.6243310000000001,-0.18200300000000003,-0.5989980000000001,-0.17093,0.5620760000000002,-0.19338300000000003,-0.5723520000000001,-0.528732,-0.573983,-0.18011300000000002,-0.212418,-0.11012499999999999,-0.57194,0.0,-0.235037,-0.575117,-0.3077940000000001,-0.5541090000000001,-0.08905400000000002,-0.7106269999999992,-0.574942,-0.5723860000000001
104,-0.5596890000000001,-0.19678400000000007,-0.6191449999999998,-0.5947480000000002,-0.18202000000000002,-0.5795280000000002,-0.17093,0.5620760000000002,-0.19339400000000004,-0.5502850000000001,-0.509898,-0.550302,-0.18014800000000003,-0.212418,-0.11012499999999999,-0.573235,0.0,-0.235037,-0.553188,-0.3077930000000001,-0.5340300000000001,-0.05558000000000001,-0.6085149999999993,-0.551384,-0.5508340000000002
105,-0.5385780000000001,-0.1895950000000001,-0.5923319999999999,-0.5661790000000001,-0.18202200000000002,-0.5591410000000001,-0.17093,0.5620760000000002,-0.19339400000000004,-0.5298770000000002,-0.49288400000000004,-0.528908,-0.18015100000000003,-0.212418,-0.11012499999999999,-0.562991,0.0,-0.235037,-0.532957,-0.3077800000000001,-0.5155170000000001,-0.04745600000000001,-0.4944989999999993,-0.530243,-0.5312940000000002
106,-0.5228680000000001,-0.1899520000000001,-0.5752309999999999,-0.5479610000000001,-0.18203700000000003,-0.5366960000000001,-0.17093,0.5620760000000002,-0.19339400000000004,-0.5145810000000001,-0.47906800000000005,-0.511537,-0.18018200000000004,-0.212418,-0.11012499999999999,-0.535888,0.0,-0.235037,-0.517586,-0.3076190000000001,-0.5005450000000001,-0.04611500000000002,-0.46632899999999927,-0.515488,-0.5154850000000001
107,-0.5124210000000001,-0.1860970000000001,-0.5605609999999999,-0.5323480000000002,-0.18209600000000004,-0.5293100000000001,-0.170928,0.5620640000000002,-0.19339200000000004,-0.5045420000000002,-0.47122600000000003,-0.501677,-0.18030100000000002,-0.212418,-0.11012499999999999,-0.536653,0.0,-0.235037,-0.507718,-0.3070100000000001,-0.4919050000000001,-0.04510900000000002,-0.3958389999999993,-0.504722,-0.5064330000000001
108,-0.5093660000000001,-0.1825690000000001,-0.5541999999999999,-0.5255980000000001,-0.18219200000000002,-0.5317820000000001,-0.170885,0.5617600000000003,-0.19334900000000002,-0.5016880000000001,-0.46977500000000005,-0.499876,-0.18049400000000002,-0.212418,-0.11012499999999999,-0.548443,0.0,-0.235037,-0.505049,-0.3060180000000001,-0.4902010000000001,-0.044918000000000013,-0.34240199999999926,-0.500997,-0.5046980000000001
109,-0.4987810000000001,-0.1821830000000001,-0.5408539999999998,-0.5116190000000002,-0.18312800000000004,-0.5203480000000001,-0.170291,0.5575770000000002,-0.19275500000000004,-0.4914810000000001,-0.46124200000000004,-0.489462,-0.18238200000000002,-0.212418,-0.11012499999999999,-0.538868,0.0,-0.235037,-0.4948080000000001,-0.29634500000000014,-0.4808480000000001,-0.04564400000000001,-0.30198599999999926,-0.49062,-0.4948210000000001
110,-0.48087200000000013,-0.18575000000000008,-0.5185269999999998,-0.48909600000000003,-0.18801100000000004,-0.4999900000000001,-0.167259,0.5361920000000002,-0.18972100000000003,-0.4743100000000001,-0.4468420000000001,-0.472968,-0.19222500000000003,-0.212418,-0.11012499999999999,-0.518172,0.0,-0.235037,-0.4771580000000001,-0.24589100000000008,-0.4650160000000001,-0.049532000000000014,-0.23978799999999928,-0.473177,-0.4778870000000001
111,-0.46699600000000013,-0.19445600000000007,-0.5000919999999999,-0.47200700000000007,-0.19782500000000003,-0.4858900000000001,-0.161217,0.4935590000000002,-0.18367700000000003,-0.4612500000000001,-0.43640500000000004,-0.463055,-0.21201200000000003,-0.212418,-0.11012499999999999,-0.502628,0.0,-0.235037,-0.46306500000000006,-0.14447100000000007,-0.4533620000000001,-0.057839000000000015,-0.1778499999999993,-0.459437,-0.4650660000000001
112,-0.4575630000000001,-0.2068540000000001,-0.48463299999999987,-0.45642600000000005,-0.20125400000000002,-0.4760790000000001,-0.159183,0.47848100000000016,-0.18164200000000003,-0.4523800000000001,-0.43036100000000005,-0.456537,-0.21892500000000004,-0.212418,-0.11012499999999999,-0.48749,0.0,-0.235037,-0.45405700000000004,-0.10903500000000006,-0.4460290000000001,-0.09337700000000003,-0.07412199999999926,-0.450736,-0.4576190000000001
113,-0.5458590000000001,-0.3147270000000001,-0.5478779999999999,-0.5201530000000001,-0.18717900000000004,-0.5914250000000001,-0.168136,0.5387120000000002,-0.19059900000000002,-0.5391640000000001,-0.520762,-0.565446,-0.19054900000000002,-0.212418,-0.11012499999999999,-0.549582,0.0,-0.235037,-0.544838,-0.2544860000000001,-0.5370640000000001,-0.48224800000000007,0.5683930000000008,-0.542274,-0.5599210000000001
114,-0.6110120000000001,-0.39342500000000014,-0.5958879999999999,-0.5701020000000001,-0.18252300000000002,-0.6778100000000001,-0.170846,0.5592730000000002,-0.19331000000000004,-0.6033320000000001,-0.58716,-0.647492,-0.18117900000000003,-0.212411,-0.11012499999999999,-0.599081,0.0,-0.235037,-0.61119,-0.3025580000000001,-0.6041970000000001,-0.7523680000000001,1.0073100000000006,-0.60924,-0.6347270000000002
115,-0.6159580000000001,-0.39949800000000013,-0.5994849999999999,-0.5739070000000001,-0.18225600000000003,-0.6844490000000001,-0.170928,0.5608240000000002,-0.19339200000000004,-0.6082100000000001,-0.592223,-0.653814,-0.18081100000000003,-0.212019,-0.11012499999999999,-0.602886,0.0,-0.235037,-0.616223,-0.3061620000000001,-0.6093050000000001,-0.7733700000000001,1.0410610000000007,-0.614314,-0.6403930000000001
116,-0.6150960000000001,-0.3958150000000001,-0.5980459999999999,-0.5750150000000002,-0.18846800000000002,-0.6857310000000001,-0.17093,0.5434660000000002,-0.19339400000000004,-0.6077280000000002,-0.591992,-0.653523,-0.19740700000000003,-0.191155,-0.11012499999999999,-0.605797,0.0,-0.235037,-0.614986,-0.30611100000000013,-0.6086170000000001,-0.7670910000000001,1.0562390000000006,-0.612693,-0.6381250000000002
117,-0.5911530000000002,-0.30544300000000013,-0.5634109999999999,-0.5970230000000001,-0.338755,-0.7096200000000001,-0.17093,0.13772300000000015,-0.19339400000000004,-0.5924650000000001,-0.582046,-0.641017,-0.5787810000000001,0.293138,-0.11012499999999999,-0.669653,0.0,-0.235037,-0.582,-0.3039680000000001,-0.5883540000000002,-0.6054580000000002,1.3541330000000007,-0.570874,-0.5813080000000002
118,-0.5734970000000001,-0.23776000000000008,-0.5379789999999999,-0.6136820000000001,-0.45306,-0.7279880000000001,-0.17093,-0.16621699999999992,-0.19339400000000004,-0.5812870000000001,-0.5748,-0.631907,-0.8645900000000001,0.658401,-0.11012499999999999,-0.717816,0.0,-0.235037,-0.557505,-0.30692000000000014,-0.5734110000000001,-0.4864280000000001,1.5740640000000006,-0.539743,-0.5390210000000001
119,-0.5729650000000001,-0.23557100000000009,-0.5372269999999999,-0.6142450000000002,-0.456995,-0.7286490000000001,-0.17093,-0.17604199999999992,-0.19339400000000004,-0.5809610000000001,-0.574595,-0.631648,-0.8738560000000001,0.670571,-0.11012499999999999,-0.719421,0.0,-0.235037,-0.556743,-0.3076740000000001,-0.5729600000000001,-0.48286700000000005,1.5807430000000007,-0.538763,-0.5376910000000001
120,-0.6149950000000001,-0.2501460000000001,-0.6816509999999999,-0.6719170000000001,-0.057517000000000026,-0.6846070000000001,-0.17093,0.18933600000000014,-0.021956999999999997,-0.5993970000000001,-0.550729,-0.60164,-0.05448700000000002,-0.123734,-0.11012499999999999,-0.708397,0.0,2.0705139999999997,-0.602827,-0.3077940000000001,-0.5718060000000001,-0.04468200000000001,-0.8745449999999992,-0.60417,-0.5945440000000001
121,-0.6203380000000001,-0.24395200000000009,-0.6891639999999999,-0.6783590000000002,-0.07666200000000002,-0.6836680000000002,-0.17093,0.24958100000000014,-0.049194,-0.6052780000000001,-0.555792,-0.608007,-0.07276100000000003,-0.138113,-0.11012499999999999,-0.699301,0.0,1.6971589999999996,-0.608541,-0.3077940000000001,-0.5784650000000001,-0.047821000000000016,-0.9192319999999993,-0.609578,-0.6009230000000001
122,-0.6458110000000001,-0.22545600000000007,-0.7223379999999999,-0.7071670000000001,-0.15626700000000002,-0.6871100000000001,-0.17093,0.49703600000000014,-0.16110100000000002,-0.6329260000000001,-0.580357,-0.638894,-0.15005000000000002,-0.196978,-0.11012499999999999,-0.664268,0.0,0.16671199999999992,-0.635612,-0.3077940000000001,-0.6095780000000001,-0.08317200000000002,-1.0796819999999994,-0.634922,-0.6316050000000001
123,-0.6567500000000001,-0.23282200000000008,-0.7328779999999999,-0.7165250000000001,-0.17781200000000003,-0.6988170000000001,-0.17093,0.5593800000000002,-0.19013000000000002,-0.6444140000000002,-0.591729,-0.653192,-0.17256500000000002,-0.211781,-0.11012499999999999,-0.657368,0.0,-0.218432,-0.64714,-0.3077940000000001,-0.6224800000000001,-0.13173600000000002,-1.0708289999999994,-0.645143,-0.6456300000000001
124,-0.6538330000000001,-0.2392400000000001,-0.7277359999999999,-0.7106990000000001,-0.18045200000000003,-0.6979330000000001,-0.17093,0.5620120000000002,-0.19241300000000003,-0.6417010000000001,-0.590124,-0.651174,-0.17700800000000003,-0.212403,-0.11012499999999999,-0.650613,0.0,-0.234648,-0.644532,-0.3077940000000001,-0.6204120000000001,-0.15583400000000003,-1.0113259999999993,-0.642022,-0.6440280000000002
125,-0.6314780000000001,-0.22754900000000008,-0.7043779999999998,-0.6856300000000001,-0.18162400000000004,-0.6656250000000001,-0.17093,0.5620750000000002,-0.19315000000000002,-0.6199090000000002,-0.570142,-0.62605,-0.17935000000000004,-0.212418,-0.11012499999999999,-0.625303,0.0,-0.235032,-0.622599,-0.3077940000000001,-0.5990860000000001,-0.12288500000000002,-0.9537589999999992,-0.620907,-0.6208200000000001
126,-0.5911150000000001,-0.2060990000000001,-0.6622219999999999,-0.6406550000000001,-0.18198500000000004,-0.6077520000000001,-0.17093,0.5620760000000002,-0.19337200000000002,-0.5805420000000001,-0.53394,-0.58053,-0.18007600000000004,-0.212418,-0.11012499999999999,-0.580252,0.0,-0.235037,-0.582973,-0.3077940000000001,-0.5605360000000001,-0.06163800000000001,-0.8610389999999992,-0.582701,-0.5788380000000001
127,-0.5698560000000001,-0.1974130000000001,-0.6391179999999999,-0.6160310000000001,-0.18201900000000001,-0.5793140000000001,-0.17093,0.5620760000000002,-0.19339300000000004,-0.5598400000000001,-0.515228,-0.557003,-0.18014600000000003,-0.212418,-0.11012499999999999,-0.556719,0.0,-0.235037,-0.56219,-0.3077940000000001,-0.5405030000000001,-0.03895500000000001,-0.7976469999999992,-0.562325,-0.5572730000000001
128,-0.5504150000000001,-0.19538100000000008,-0.6152089999999999,-0.5905550000000002,-0.18202000000000002,-0.5569340000000002,-0.17093,0.5620760000000002,-0.19339400000000004,-0.5410170000000001,-0.4992420000000001,-0.536903,-0.18014800000000003,-0.212418,-0.11012499999999999,-0.537057,0.0,-0.235037,-0.543467,-0.3077940000000001,-0.5230310000000001,-0.03822700000000001,-0.7043659999999993,-0.54346,-0.5388830000000001
129,-0.5134960000000001,-0.19564900000000007,-0.5704169999999998,-0.5428260000000001,-0.18202000000000002,-0.5117930000000002,-0.17093,0.5620760000000002,-0.19339400000000004,-0.5052460000000001,-0.4686370000000001,-0.498421,-0.18014800000000003,-0.212418,-0.11012499999999999,-0.491079,0.0,-0.235037,-0.507835,-0.3077930000000001,-0.4895080000000001,-0.043642000000000014,-0.5452009999999993,-0.508069,-0.5036910000000001
130,-0.5039280000000002,-0.19599400000000008,-0.5592059999999999,-0.5308800000000001,-0.18202100000000002,-0.4994340000000001,-0.17093,0.5620760000000002,-0.19339400000000004,-0.4959600000000001,-0.46054400000000006,-0.488246,-0.18014800000000003,-0.212418,-0.11012499999999999,-0.477272,0.0,-0.235037,-0.49855800000000006,-0.3077930000000001,-0.4806700000000001,-0.044699000000000016,-0.5126899999999992,-0.49896,-0.4944060000000001
131,-0.5011870000000002,-0.1933410000000001,-0.5538499999999998,-0.5251730000000001,-0.18202100000000002,-0.5013470000000001,-0.17093,0.5620760000000002,-0.19339400000000004,-0.4933830000000001,-0.45909600000000006,-0.486425,-0.18014900000000003,-0.212418,-0.11012499999999999,-0.485679,0.0,-0.235037,-0.49613500000000005,-0.3077880000000001,-0.4789980000000001,-0.044754000000000016,-0.46973999999999927,-0.49562,-0.4927350000000001
132,-0.4970850000000001,-0.18746600000000008,-0.5443039999999999,-0.5150030000000001,-0.18202300000000002,-0.5076370000000001,-0.170928,0.5620670000000002,-0.19339200000000004,-0.4895850000000001,-0.45754900000000004,-0.48448,-0.18015400000000004,-0.212418,-0.11012499999999999,-0.506969,0.0,-0.235037,-0.4926730000000001,-0.3077620000000001,-0.4771030000000001,-0.04476200000000002,-0.3822709999999993,-0.490194,-0.4909100000000001
133,-0.48744700000000013,-0.1829540000000001,-0.5295319999999999,-0.4992690000000001,-0.18204800000000002,-0.5026940000000001,-0.170913,0.5619600000000002,-0.19337700000000002,-0.4803660000000001,-0.45080800000000004,-0.476013,-0.18020400000000003,-0.212418,-0.11012499999999999,-0.513764,0.0,-0.235037,-0.4837060000000001,-0.3075100000000001,-0.46960000000000013,-0.04478400000000001,-0.3039249999999993,-0.48011,-0.48306700000000014
134,-0.4772000000000001,-0.1804920000000001,-0.5156899999999999,-0.48454200000000003,-0.18213700000000002,-0.4930170000000001,-0.170858,0.5615710000000003,-0.19332200000000002,-0.47049600000000014,-0.44289000000000006,-0.466085,-0.18038300000000002,-0.212418,-0.11012499999999999,-0.510416,0.0,-0.235037,-0.47396400000000005,-0.3065890000000001,-0.4608850000000001,-0.044856000000000014,-0.2516869999999993,-0.469958,-0.4738870000000001
135,-0.46419300000000013,-0.17958800000000008,-0.4998849999999999,-0.46773100000000006,-0.18225300000000003,-0.4775620000000001,-0.170786,0.5610660000000002,-0.19325000000000003,-0.4578970000000001,-0.43212100000000003,-0.452583,-0.18061800000000003,-0.212418,-0.11012499999999999,-0.496081,0.0,-0.235037,-0.46140500000000007,-0.30538700000000013,-0.4491230000000001,-0.04509700000000001,-0.21543699999999927,-0.457398,-0.4615030000000001
136,-0.44953500000000013,-0.18066600000000008,-0.4818169999999999,-0.44846700000000006,-0.18220500000000003,-0.4595950000000001,-0.170816,0.5612750000000002,-0.19328000000000004,-0.4437050000000001,-0.42008400000000007,-0.437432,-0.18052100000000001,-0.212418,-0.11012499999999999,-0.477016,0.0,-0.235037,-0.44729100000000005,-0.30588500000000013,-0.4358760000000001,-0.051379000000000015,-0.16813299999999928,-0.443411,-0.44765700000000014
137,-0.4730720000000001,-0.21722100000000008,-0.4963439999999999,-0.4639190000000001,-0.18208500000000002,-0.4918550000000001,-0.170888,0.5617660000000002,-0.19335300000000002,-0.4670470000000001,-0.44528000000000006,-0.469075,-0.18030100000000002,-0.212418,-0.11012499999999999,-0.492511,0.0,-0.235037,-0.47140100000000007,-0.3070690000000001,-0.4609530000000001,-0.17291700000000002,0.04514500000000073,-0.467886,-0.4757820000000001
138,-0.5837790000000002,-0.35861900000000013,-0.5761639999999999,-0.5490520000000001,-0.18184300000000003,-0.6410510000000001,-0.170926,0.5620150000000003,-0.19339000000000003,-0.5764190000000001,-0.559157,-0.612239,-0.18055500000000002,-0.212416,-0.11012499999999999,-0.577876,0.0,-0.235037,-0.583639,-0.3076760000000001,-0.5759090000000001,-0.6390120000000001,0.8183040000000008,-0.581371,-0.6033620000000001
139,-0.6136880000000001,-0.3962180000000001,-0.5974289999999999,-0.5725640000000001,-0.18028200000000003,-0.6814850000000001,-0.170929,0.5619380000000003,-0.19339400000000004,-0.6060320000000001,-0.590043,-0.651072,-0.18386800000000003,-0.212273,-0.11012499999999999,-0.601264,0.0,-0.235037,-0.614021,-0.3077630000000001,-0.6069950000000001,-0.7631140000000001,1.0323660000000006,-0.61205,-0.6376680000000001
140,-0.6102830000000001,-0.38831700000000013,-0.5905169999999998,-0.5743300000000001,-0.16688700000000004,-0.6790370000000001,-0.17093,0.5557550000000002,-0.19339400000000004,-0.6034770000000002,-0.588433,-0.649048,-0.22132700000000002,-0.204873,-0.11012499999999999,-0.60163,0.0,-0.235037,-0.611196,-0.3077640000000001,-0.6041360000000001,-0.7394970000000001,1.0924290000000008,-0.608738,-0.6322310000000001
141,-0.5666200000000001,-0.3045460000000001,-0.5121569999999999,-0.5813960000000001,-0.07758600000000003,-0.6488940000000001,-0.17093,0.42725100000000016,-0.19339400000000004,-0.5691320000000001,-0.564675,-0.619175,-0.6186410000000001,-0.051153,-0.11012499999999999,-0.604107,0.0,-0.235037,-0.571272,-0.3077330000000001,-0.5668040000000001,-0.48927800000000005,1.7158240000000007,-0.56332,-0.5650030000000001
142,-0.5450150000000001,-0.2639860000000001,-0.4676639999999999,-0.5873420000000001,-0.04666600000000003,-0.6404060000000001,-0.17093,0.3181050000000002,-0.19339400000000004,-0.5533480000000001,-0.556092,-0.608384,-0.8655830000000001,0.079451,-0.11012499999999999,-0.612005,0.0,-0.235037,-0.55099,-0.30777900000000014,-0.5497280000000001,-0.37175600000000003,2.1595020000000007,-0.53957,-0.5291860000000002
143,-0.5451790000000001,-0.2644670000000001,-0.4668449999999999,-0.5877970000000001,-0.049545000000000027,-0.6417660000000001,-0.17093,0.3097650000000002,-0.19339400000000004,-0.5537120000000001,-0.556799,-0.609272,-0.8738920000000001,0.089436,-0.11012499999999999,-0.613292,0.0,-0.235037,-0.551039,-0.3077910000000001,-0.5501400000000001,-0.37389700000000003,2.1834540000000007,-0.539494,-0.5289420000000001
144,-0.6122390000000001,-0.2330790000000001,-0.6949349999999999,-0.6635240000000001,-0.17222700000000002,-0.6829350000000001,-0.17093,0.19217300000000015,0.01224600000000001,-0.5963700000000001,-0.54706,-0.597027,-0.16789100000000004,-0.207121,-0.11012499999999999,-0.692219,0.0,2.0592519999999994,-0.59976,-0.3077940000000001,-0.5684560000000001,-0.041012000000000014,-1.2154729999999994,-0.601075,-0.5907870000000001
145,-0.6159230000000001,-0.2262480000000001,-0.6986349999999999,-0.6699380000000001,-0.17089900000000002,-0.6783210000000001,-0.17093,0.25711300000000015,-0.026295999999999996,-0.6007570000000001,-0.550597,-0.601474,-0.16381000000000004,-0.208114,-0.11012499999999999,-0.682761,0.0,1.6397429999999995,-0.603898,-0.3077940000000001,-0.5736390000000001,-0.03723600000000001,-1.2099759999999993,-0.604841,-0.5955640000000001
146,-0.6334570000000002,-0.2070720000000001,-0.7156599999999999,-0.6958290000000001,-0.17803000000000002,-0.6694410000000001,-0.17093,0.4990160000000002,-0.16010100000000002,-0.6207590000000001,-0.567871,-0.623193,-0.17331300000000002,-0.211561,-0.11012499999999999,-0.650506,0.0,0.14371599999999993,-0.62314,-0.3077940000000001,-0.5968700000000001,-0.046271000000000014,-1.1860389999999994,-0.622423,-0.6176700000000002
147,-0.6323580000000001,-0.2025510000000001,-0.7140459999999998,-0.6958180000000002,-0.18157100000000004,-0.6647510000000001,-0.17093,0.5589990000000002,-0.19187800000000002,-0.6203980000000001,-0.567381,-0.622578,-0.17929500000000004,-0.21238,-0.11012499999999999,-0.636194,0.0,-0.217588,-0.622579,-0.3077940000000001,-0.5975250000000001,-0.05829200000000001,-1.1571769999999992,-0.620606,-0.6181790000000001
148,-0.6214250000000001,-0.20142800000000008,-0.7016819999999999,-0.6827010000000001,-0.18196200000000004,-0.6536040000000001,-0.17093,0.5619810000000002,-0.19333600000000004,-0.6098040000000001,-0.557976,-0.610752,-0.18003200000000003,-0.212417,-0.11012499999999999,-0.622336,0.0,-0.234563,-0.611962,-0.3077940000000001,-0.5874540000000001,-0.06322900000000002,-1.0996499999999994,-0.609425,-0.6078240000000001
149,-0.6066440000000001,-0.19899200000000009,-0.6842009999999998,-0.6640710000000001,-0.18201100000000003,-0.6319120000000001,-0.17093,0.5620740000000002,-0.19338800000000003,-0.5954670000000001,-0.545542,-0.595118,-0.18012900000000004,-0.212418,-0.11012499999999999,-0.603624,0.0,-0.23503,-0.597652,-0.3077940000000001,-0.5738690000000001,-0.053343000000000015,-1.0154589999999992,-0.595922,-0.5931360000000001
150,-0.5778190000000001,-0.18982300000000008,-0.6519049999999998,-0.6296560000000001,-0.18202000000000002,-0.5908240000000001,-0.17093,0.5620760000000002,-0.19339300000000004,-0.5674360000000002,-0.520562,-0.56371,-0.18014600000000003,-0.212418,-0.11012499999999999,-0.569109,0.0,-0.235037,-0.569567,-0.3077940000000001,-0.5469110000000001,-0.02541200000000001,-0.9046079999999992,-0.569003,-0.5639800000000001
151,-0.5531350000000002,-0.18196600000000007,-0.6247259999999999,-0.6006950000000001,-0.18202000000000002,-0.5583020000000001,-0.17093,0.5620760000000002,-0.19339400000000004,-0.5434120000000001,-0.49897600000000003,-0.536568,-0.18014800000000003,-0.212418,-0.11012499999999999,-0.540147,0.0,-0.235037,-0.545468,-0.3077940000000001,-0.5237260000000001,-0.0057310000000000095,-0.8241519999999992,-0.545306,-0.5391720000000001
152,-0.5320730000000001,-0.18535500000000008,-0.5981479999999999,-0.5723760000000001,-0.18202000000000002,-0.5322320000000001,-0.17093,0.5620760000000002,-0.19339400000000004,-0.5230450000000001,-0.48193100000000005,-0.515137,-0.18014800000000003,-0.212418,-0.11012499999999999,-0.512162,0.0,-0.235037,-0.525241,-0.3077940000000001,-0.5048570000000001,-0.01608400000000001,-0.7127949999999992,-0.525375,-0.5194520000000001
153,-0.5053380000000001,-0.1952480000000001,-0.5625829999999999,-0.5344790000000001,-0.18202000000000002,-0.4989760000000001,-0.17093,0.5620760000000002,-0.19339400000000004,-0.4972620000000001,-0.46103700000000003,-0.488865,-0.18014800000000003,-0.212418,-0.11012499999999999,-0.47419,0.0,-0.235037,-0.4997440000000001,-0.3077940000000001,-0.4813790000000001,-0.040757000000000015,-0.5471299999999992,-0.500452,-0.4950750000000001
154,-0.5001810000000001,-0.1967740000000001,-0.5558299999999999,-0.5272830000000001,-0.18202000000000002,-0.4928550000000001,-0.17093,0.5620760000000002,-0.19339400000000004,-0.4922850000000001,-0.45696400000000004,-0.483743,-0.18014800000000003,-0.212418,-0.11012499999999999,-0.467117,0.0,-0.235037,-0.49481600000000003,-0.3077940000000001,-0.4768270000000001,-0.04425600000000001,-0.5183879999999992,-0.495564,-0.4903460000000001
155,-0.49216300000000013,-0.19615600000000008,-0.5459359999999999,-0.5167410000000001,-0.18202000000000002,-0.4853350000000001,-0.17093,0.5620760000000002,-0.19339400000000004,-0.4845220000000001,-0.45038300000000003,-0.47547,-0.18014800000000003,-0.212418,-0.11012499999999999,-0.458889,0.0,-0.235037,-0.48709700000000006,-0.3077930000000001,-0.46963500000000014,-0.044524000000000015,-0.4880359999999993,-0.487434,-0.4828880000000001
156,-0.4779720000000001,-0.19424000000000008,-0.5279959999999999,-0.49762400000000007,-0.18202000000000002,-0.4730370000000001,-0.17093,0.5620760000000002,-0.19339400000000004,-0.47080100000000014,-0.43891300000000005,-0.461047,-0.18014800000000003,-0.212418,-0.11012499999999999,-0.44725,0.0,-0.235037,-0.47348300000000004,-0.3077930000000001,-0.45708900000000013,-0.04468800000000001,-0.42801499999999926,-0.472915,-0.46988000000000013
157,-0.4731430000000001,-0.1899180000000001,-0.5188809999999999,-0.48791200000000007,-0.18202100000000002,-0.4741800000000001,-0.170929,0.5620750000000002,-0.19339300000000004,-0.4662480000000001,-0.43623100000000004,-0.457675,-0.18014900000000003,-0.212418,-0.11012499999999999,-0.460281,0.0,-0.235037,-0.46917700000000007,-0.3077910000000001,-0.45400800000000013,-0.044753000000000015,-0.3617209999999993,-0.467432,-0.4666970000000001
158,-0.4696570000000001,-0.1824810000000001,-0.5087899999999999,-0.47716000000000003,-0.18202200000000002,-0.4801710000000001,-0.170929,0.5620690000000003,-0.19339300000000004,-0.4630960000000001,-0.43571800000000005,-0.457031,-0.18015100000000003,-0.212418,-0.11012499999999999,-0.489543,0.0,-0.235037,-0.46645100000000006,-0.30777700000000013,-0.4531660000000001,-0.04476400000000001,-0.26425199999999927,-0.463059,-0.4657820000000001
159,-0.4520450000000001,-0.1789560000000001,-0.4857169999999999,-0.45257400000000003,-0.18202300000000002,-0.4621580000000001,-0.170928,0.5620650000000003,-0.19339200000000004,-0.4460980000000001,-0.4218100000000001,-0.439543,-0.18015300000000004,-0.212418,-0.11012499999999999,-0.479854,0.0,-0.235037,-0.44964300000000007,-0.3077690000000001,-0.4378980000000001,-0.044795000000000015,-0.19183699999999929,-0.445764,-0.4497040000000001
160,-0.4408840000000001,-0.17847100000000007,-0.4722319999999999,-0.43820500000000007,-0.18202100000000002,-0.4486570000000001,-0.170929,0.5620700000000002,-0.19339300000000004,-0.4352820000000001,-0.41253500000000004,-0.427881,-0.18015100000000003,-0.212418,-0.11012499999999999,-0.466668,0.0,-0.235037,-0.43886700000000006,-0.3077800000000001,-0.4277620000000001,-0.045663000000000016,-0.16246699999999928,-0.435025,-0.4390500000000001
161,-0.44290800000000013,-0.18376900000000007,-0.4726509999999999,-0.43867400000000006,-0.18197700000000003,-0.4516370000000001,-0.170929,0.5620740000000002,-0.19339300000000004,-0.43732300000000013,-0.4150380000000001,-0.431028,-0.18023700000000004,-0.212418,-0.11012499999999999,-0.467174,0.0,-0.235037,-0.4410220000000001,-0.3077880000000001,-0.43013600000000013,-0.06349200000000003,-0.12767899999999927,-0.437242,-0.44179800000000014
162,-0.4998700000000001,-0.2540360000000001,-0.5132619999999999,-0.48419700000000004,-0.17768800000000004,-0.5286310000000001,-0.170929,0.5620750000000002,-0.19339400000000004,-0.4937550000000001,-0.47381000000000006,-0.504925,-0.18888400000000002,-0.212417,-0.11012499999999999,-0.51228,0.0,-0.235037,-0.49890600000000007,-0.3077920000000001,-0.4892730000000001,-0.29540500000000003,0.2773600000000007,-0.49565,-0.5068920000000001
163,-0.5802540000000002,-0.33791500000000013,-0.5568659999999999,-0.5644810000000001,-0.11324900000000003,-0.6420460000000001,-0.17093,0.5620420000000003,-0.19339400000000004,-0.5758530000000001,-0.562187,-0.616047,-0.3188520000000001,-0.212378,-0.11012499999999999,-0.584421,0.0,-0.235037,-0.583231,-0.3077930000000001,-0.5744820000000002,-0.5795540000000001,1.0921190000000007,-0.579366,-0.5940850000000001
164,-0.5364190000000001,-0.24460700000000007,-0.4843389999999999,-0.5738880000000001,0.05148299999999997,-0.5967540000000001,-0.17093,0.5612910000000002,-0.19339400000000004,-0.5396010000000001,-0.533368,-0.579812,-0.6522380000000001,-0.211479,-0.11012499999999999,-0.572444,0.0,-0.235037,-0.546448,-0.3077930000000001,-0.5344980000000001,-0.2893240000000001,1.5196200000000006,-0.538407,-0.5311530000000001
165,-0.5134480000000001,-0.21180100000000007,-0.4383499999999999,-0.5743700000000002,0.14256399999999997,-0.5737980000000001,-0.17093,0.5563010000000003,-0.19339400000000004,-0.5212130000000001,-0.521577,-0.564986,-0.8443030000000001,-0.205509,-0.11012499999999999,-0.561338,0.0,-0.235037,-0.527984,-0.3077930000000001,-0.5154490000000002,-0.16599500000000003,1.9213570000000006,-0.518147,-0.4995400000000001
166,-0.5247930000000001,-0.2553350000000001,-0.4326119999999999,-0.5748230000000001,0.14969699999999997,-0.5903400000000001,-0.17093,0.5479990000000002,-0.19339400000000004,-0.5334540000000001,-0.539028,-0.586928,-0.8727220000000001,-0.195577,-0.11012499999999999,-0.561317,0.0,-0.235037,-0.540869,-0.3077930000000001,-0.5305840000000001,-0.26538500000000004,2.312450000000001,-0.531898,-0.5151390000000001
167,-0.5307140000000001,-0.27502500000000013,-0.4327499999999999,-0.5749940000000001,0.14770399999999997,-0.5984010000000001,-0.17093,0.5448560000000002,-0.19339400000000004,-0.5394950000000001,-0.546855,-0.596769,-0.8740200000000001,-0.191817,-0.11012499999999999,-0.56192,0.0,-0.235037,-0.547179,-0.3077930000000001,-0.5378520000000001,-0.31297600000000003,2.4516180000000007,-0.538662,-0.5232780000000001
168,-0.5916870000000001,-0.2107140000000001,-0.6775109999999999,-0.6483180000000001,-0.13633400000000004,-0.6538470000000001,-0.17093,0.17667800000000014,-0.011800999999999994,-0.5763140000000001,-0.525892,-0.570411,-0.08837000000000003,-0.212185,-0.11012499999999999,-0.676594,0.0,1.9162279999999996,-0.57909,-0.3077940000000001,-0.5473570000000001,0.027414999999999995,-1.2328519999999994,-0.579941,-0.5687720000000002
169,-0.5764930000000001,-0.18805200000000008,-0.6636259999999999,-0.6394560000000001,-0.10080200000000003,-0.6247730000000001,-0.17093,0.21991400000000014,-0.064401,-0.5621680000000001,-0.510446,-0.550991,-0.016640000000000016,-0.212252,-0.11012499999999999,-0.654693,0.0,1.4580089999999999,-0.564255,-0.3077940000000001,-0.5331610000000001,0.08405,-1.2142289999999993,-0.56438,-0.5534480000000002
170,-0.6045280000000001,-0.1844040000000001,-0.6896849999999999,-0.6712340000000001,-0.13958600000000002,-0.6367490000000001,-0.17093,0.4572510000000002,-0.16778800000000002,-0.5921630000000001,-0.538857,-0.586713,-0.09464200000000003,-0.212385,-0.11012499999999999,-0.6327,0.0,0.19001399999999988,-0.593958,-0.3077940000000001,-0.5669200000000001,0.022080999999999996,-1.1891929999999993,-0.592269,-0.5867740000000001
171,-0.6159690000000001,-0.18926400000000007,-0.7000399999999999,-0.6812110000000001,-0.17726600000000003,-0.6500750000000001,-0.17093,0.5535190000000002,-0.19232500000000002,-0.6042600000000001,-0.551261,-0.60231,-0.17056500000000002,-0.212416,-0.11012499999999999,-0.622506,0.0,-0.207218,-0.606135,-0.3077940000000001,-0.5809650000000001,-0.03856000000000001,-1.1739539999999993,-0.60268,-0.6010610000000001
172,-0.6058130000000002,-0.18614200000000009,-0.6893009999999999,-0.6695220000000001,-0.18173000000000003,-0.6405560000000001,-0.17093,0.5616270000000002,-0.19336900000000004,-0.5944230000000001,-0.542365,-0.591124,-0.17956300000000003,-0.212418,-0.11012499999999999,-0.609176,0.0,-0.233793,-0.596244,-0.3077940000000001,-0.5715780000000001,-0.045434000000000016,-1.1375089999999994,-0.591971,-0.5913560000000001
173,-0.5873870000000001,-0.17989500000000008,-0.6685499999999999,-0.6473920000000001,-0.18201000000000003,-0.6150930000000001,-0.17093,0.5620610000000003,-0.19339300000000004,-0.5765110000000001,-0.52645,-0.571114,-0.18012800000000004,-0.212418,-0.11012499999999999,-0.586896,0.0,-0.234999,-0.578305,-0.3077940000000001,-0.5543830000000001,-0.03794900000000001,-1.0569489999999993,-0.574614,-0.5729130000000001
174,-0.5470830000000001,-0.1632480000000001,-0.6245799999999999,-0.6005400000000001,-0.18202000000000002,-0.5592550000000001,-0.17093,0.5620760000000002,-0.19339400000000004,-0.5372710000000002,-0.49104000000000003,-0.526589,-0.18014800000000003,-0.212418,-0.11012499999999999,-0.539896,0.0,-0.235037,-0.538917,-0.3077940000000001,-0.5163770000000001,-0.004233000000000009,-0.9258839999999993,-0.536416,-0.5319710000000001
175,-0.5238460000000001,-0.15584900000000007,-0.5988389999999999,-0.5731110000000001,-0.18202000000000002,-0.5270510000000002,-0.17093,0.5620760000000002,-0.19339400000000004,-0.5146620000000001,-0.47078200000000003,-0.501119,-0.18014800000000003,-0.212418,-0.11012499999999999,-0.512385,0.0,-0.235037,-0.516247,-0.3077940000000001,-0.49458000000000013,0.019812999999999997,-0.8498299999999992,-0.514469,-0.5084630000000001
176,-0.5102740000000001,-0.16005300000000008,-0.5810379999999999,-0.5541440000000001,-0.18202000000000002,-0.5104470000000001,-0.17093,0.5620760000000002,-0.19339400000000004,-0.5015640000000001,-0.46007300000000007,-0.487653,-0.18014800000000003,-0.212418,-0.11012499999999999,-0.493373,0.0,-0.235037,-0.503279,-0.3077940000000001,-0.4825950000000001,0.006383999999999992,-0.7680899999999993,-0.501712,-0.4960460000000001
177,-0.4977650000000001,-0.18471600000000007,-0.5573299999999999,-0.5288810000000002,-0.18202000000000002,-0.4917130000000001,-0.17093,0.5620760000000002,-0.19339400000000004,-0.4897720000000001,-0.45316300000000004,-0.478964,-0.18014800000000003,-0.212418,-0.11012499999999999,-0.468044,0.0,-0.235037,-0.49204600000000004,-0.3077940000000001,-0.4734580000000001,-0.03103800000000001,-0.5789019999999993,-0.492038,-0.4867450000000001
178,-0.4943460000000001,-0.1935040000000001,-0.5501199999999999,-0.5211990000000001,-0.18202000000000002,-0.4861940000000001,-0.17093,0.5620760000000002,-0.19339400000000004,-0.4865790000000001,-0.45157100000000006,-0.476963,-0.18014800000000003,-0.212418,-0.11012499999999999,-0.46038,0.0,-0.235037,-0.48904900000000007,-0.3077940000000001,-0.4711530000000001,-0.03884700000000001,-0.5188449999999992,-0.489615,-0.48434700000000014
179,-0.4819740000000001,-0.1949460000000001,-0.5347299999999999,-0.5048000000000001,-0.18202000000000002,-0.4734140000000001,-0.17093,0.5620760000000002,-0.19339400000000004,-0.4746060000000001,-0.44146900000000006,-0.464261,-0.18014800000000003,-0.212418,-0.11012499999999999,-0.444167,0.0,-0.235037,-0.47714500000000004,-0.3077940000000001,-0.4600220000000001,-0.04166300000000001,-0.4712369999999993,-0.477338,-0.47282000000000013
180,-0.4689990000000001,-0.19529000000000007,-0.5188789999999999,-0.48791000000000007,-0.18202000000000002,-0.46008500000000013,-0.17093,0.5620760000000002,-0.19339400000000004,-0.4620380000000001,-0.43075600000000003,-0.450791,-0.18014800000000003,-0.212418,-0.11012499999999999,-0.428043,0.0,-0.235037,-0.46463200000000004,-0.3077940000000001,-0.4482830000000001,-0.044059000000000015,-0.4259309999999993,-0.464392,-0.4606490000000001
181,-0.46374700000000013,-0.19438300000000008,-0.5118199999999999,-0.48038800000000004,-0.18202000000000002,-0.4551190000000001,-0.17093,0.5620760000000002,-0.19339400000000004,-0.45697700000000013,-0.42668200000000006,-0.445668,-0.18014800000000003,-0.212418,-0.11012499999999999,-0.425573,0.0,-0.235037,-0.4596390000000001,-0.3077930000000001,-0.4437910000000001,-0.044669000000000014,-0.3988099999999993,-0.459185,-0.4559410000000001
182,-0.4528830000000001,-0.18766900000000009,-0.4938359999999999,-0.46122500000000005,-0.18202000000000002,-0.45009700000000014,-0.17093,0.5620760000000002,-0.19339400000000004,-0.4466350000000001,-0.4196230000000001,-0.436792,-0.18014800000000003,-0.212418,-0.11012499999999999,-0.440695,0.0,-0.235037,-0.4496780000000001,-0.3077930000000001,-0.4358490000000001,-0.04475600000000001,-0.2987329999999993,-0.447954,-0.44753700000000013
183,-0.4303590000000001,-0.17860700000000007,-0.4606019999999999,-0.4258120000000001,-0.18202000000000002,-0.4341370000000001,-0.17093,0.5620760000000002,-0.19339400000000004,-0.4250390000000001,-0.40334600000000004,-0.416327,-0.18014800000000003,-0.212418,-0.11012499999999999,-0.449356,0.0,-0.235037,-0.42858700000000005,-0.3077930000000001,-0.4177960000000001,-0.04476500000000001,-0.1546769999999993,-0.425063,-0.4285450000000001
184,-0.42481400000000014,-0.17752900000000008,-0.4533409999999999,-0.41807600000000006,-0.18201900000000001,-0.4286260000000001,-0.17093,0.5620760000000002,-0.19339400000000004,-0.4196880000000001,-0.39896600000000004,-0.410819,-0.18015100000000003,-0.212418,-0.11012499999999999,-0.446239,0.0,-0.235037,-0.42329500000000003,-0.3077930000000001,-0.41298800000000013,-0.044835000000000014,-0.13291699999999929,-0.419584,-0.4234920000000001
185,-0.4237050000000001,-0.17783000000000007,-0.4517809999999999,-0.4165110000000001,-0.18183400000000002,-0.4273850000000001,-0.17093,0.5620760000000002,-0.19339400000000004,-0.4186280000000001,-0.39813400000000004,-0.409774,-0.18052400000000002,-0.212418,-0.11012499999999999,-0.444899,0.0,-0.235037,-0.42225100000000004,-0.3077930000000001,-0.4120360000000001,-0.046225000000000016,-0.12632399999999927,-0.418538,-0.4224930000000001
186,-0.43305100000000013,-0.1842290000000001,-0.4525909999999999,-0.42999400000000004,-0.15778100000000003,-0.44201800000000013,-0.17093,0.5620760000000002,-0.19339400000000004,-0.4288850000000001,-0.4101020000000001,-0.424822,-0.22901700000000003,-0.212418,-0.11012499999999999,-0.455313,0.0,-0.235037,-0.43284000000000006,-0.3077930000000001,-0.4225390000000001,-0.07047500000000002,0.043918000000000734,-0.428687,-0.4314600000000001
187,-0.4971660000000001,-0.17952800000000008,-0.4407069999999999,-0.5601910000000001,0.11449499999999997,-0.5493220000000001,-0.17093,0.5620750000000002,-0.19339400000000004,-0.5034740000000001,-0.49906300000000003,-0.536678,-0.7779500000000001,-0.212417,-0.11012499999999999,-0.550456,0.0,-0.235037,-0.50957,-0.3077940000000001,-0.4957780000000001,-0.08757200000000002,1.5137340000000006,-0.499613,-0.4812710000000001
188,-0.4982890000000001,-0.16790000000000008,-0.4317139999999999,-0.5738180000000002,0.15872599999999998,-0.5542580000000001,-0.17093,0.5620680000000002,-0.19339400000000004,-0.5064260000000002,-0.504104,-0.543016,-0.8671360000000001,-0.212408,-0.11012499999999999,-0.558364,0.0,-0.235037,-0.512651,-0.3077940000000001,-0.4981230000000001,-0.05378500000000001,1.6956560000000007,-0.501672,-0.4787880000000001
189,-0.4993140000000001,-0.17231200000000008,-0.4304339999999999,-0.5740260000000001,0.16168999999999997,-0.5557970000000001,-0.17093,0.5620180000000002,-0.19339400000000004,-0.5076150000000001,-0.505972,-0.545365,-0.8731950000000002,-0.212349,-0.11012499999999999,-0.558187,0.0,-0.235037,-0.513953,-0.3077940000000001,-0.4996250000000001,-0.06295800000000003,1.7460440000000006,-0.503052,-0.4801910000000001
190,-0.5082830000000002,-0.20317000000000007,-0.4302419999999999,-0.5739670000000001,0.16180699999999998,-0.5674910000000001,-0.17093,0.5617730000000002,-0.19339400000000004,-0.5167450000000001,-0.517904,-0.560367,-0.8738450000000001,-0.212056,-0.11012499999999999,-0.558112,0.0,-0.235037,-0.523701,-0.3077940000000001,-0.5106940000000001,-0.13614700000000002,1.9636260000000008,-0.513574,-0.4928210000000001
191,-0.5235200000000001,-0.25534800000000013,-0.4301899999999999,-0.5738450000000002,0.16141399999999997,-0.5873160000000001,-0.17093,0.5613620000000002,-0.19339400000000004,-0.5322230000000001,-0.538063,-0.585714,-0.8737470000000002,-0.211564,-0.11012499999999999,-0.558041,0.0,-0.235037,-0.540219,-0.3077940000000001,-0.5294430000000001,-0.26019000000000003,2.327632000000001,-0.531406,-0.5142760000000001
192,-0.4968460000000001,-0.09927200000000008,-0.5962629999999999,-0.5865030000000001,0.08847499999999997,-0.5168030000000001,-0.170928,0.08195400000000011,-0.14864500000000003,-0.4837880000000001,-0.42616000000000004,-0.445013,0.36518900000000004,-0.212415,-0.11012499999999999,-0.61522,0.0,1.1717889999999997,-0.48333500000000007,-0.3077940000000001,-0.4488060000000001,0.3856530000000001,-1.2777519999999993,-0.481675,-0.4661210000000001
193,-0.4717080000000001,-0.08380200000000008,-0.5702189999999999,-0.5621400000000001,0.11524299999999997,-0.4820430000000001,-0.170929,0.09606800000000011,-0.17159700000000003,-0.45947900000000014,-0.4026680000000001,-0.415474,0.41915800000000003,-0.212416,-0.11012499999999999,-0.588035,0.0,1.0099459999999998,-0.45861700000000005,-0.3077940000000001,-0.4246660000000001,0.42824900000000005,-1.2113919999999994,-0.456619,-0.4407430000000001
194,-0.4958380000000001,-0.10049000000000008,-0.5910379999999998,-0.5802800000000001,0.04374999999999997,-0.5097750000000001,-0.170929,0.23058200000000015,-0.18680700000000003,-0.4841930000000001,-0.42876200000000003,-0.448283,0.2750230000000001,-0.212417,-0.11012499999999999,-0.581168,0.0,0.6009139999999998,-0.48381100000000005,-0.3077940000000001,-0.4525260000000001,0.3144700000000001,-1.1810789999999993,-0.480623,-0.4690320000000001
195,-0.5621900000000001,-0.1435200000000001,-0.6527989999999999,-0.6334930000000001,-0.14067600000000002,-0.5975450000000001,-0.17093,0.5030560000000002,-0.19293600000000002,-0.5511170000000001,-0.4980570000000001,-0.535413,-0.09679400000000003,-0.212418,-0.11012499999999999,-0.583913,0.0,-0.09018500000000003,-0.552017,-0.3077940000000001,-0.5258930000000002,0.020972999999999995,-1.1889519999999993,-0.545148,-0.5444160000000001
196,-0.5589210000000001,-0.14151500000000009,-0.6490759999999999,-0.6268050000000001,-0.17969100000000002,-0.5985150000000001,-0.17093,0.5587870000000003,-0.19338400000000003,-0.5483270000000001,-0.49666000000000005,-0.533656,-0.17545200000000002,-0.212418,-0.11012499999999999,-0.566853,0.0,-0.227054,-0.549316,-0.3077940000000001,-0.5245530000000002,-0.040534000000000014,-1.1679559999999993,-0.540719,-0.5428450000000001
197,-0.5163840000000001,-0.11625600000000008,-0.6056239999999999,-0.5803460000000001,-0.18195400000000003,-0.5483590000000002,-0.17093,0.5619830000000002,-0.19339400000000004,-0.5068200000000002,-0.4581700000000001,-0.48526,-0.18001500000000004,-0.212418,-0.11012499999999999,-0.519656,0.0,-0.234812,-0.507482,-0.3077940000000001,-0.4838040000000001,-0.037656000000000016,-1.0837549999999994,-0.498012,-0.49988300000000013
198,-0.4772590000000001,-0.09892200000000008,-0.5633949999999999,-0.5353440000000002,-0.18202000000000002,-0.4967940000000001,-0.17093,0.5620750000000002,-0.19339400000000004,-0.4687110000000001,-0.4236130000000001,-0.44181,-0.18014700000000003,-0.212418,-0.11012499999999999,-0.474499,0.0,-0.235035,-0.46920300000000004,-0.3077940000000001,-0.4468070000000001,-0.01787300000000001,-0.9725199999999993,-0.460298,-0.4603690000000001
199,-0.4738380000000001,-0.10795000000000009,-0.5557849999999999,-0.5272350000000001,-0.18202000000000002,-0.48581200000000013,-0.17093,0.5620760000000002,-0.19339400000000004,-0.46552900000000014,-0.42218000000000006,-0.440008,-0.18014800000000003,-0.212418,-0.11012499999999999,-0.466364,0.0,-0.235037,-0.46624200000000005,-0.3077940000000001,-0.4445690000000001,-0.00472100000000001,-0.9028459999999993,-0.459082,-0.4574140000000001
200,-0.4643110000000001,-0.11184100000000008,-0.5429609999999999,-0.5135700000000001,-0.18202000000000002,-0.47329900000000014,-0.17093,0.5620760000000002,-0.19339400000000004,-0.4563470000000001,-0.41479600000000005,-0.430723,-0.18014800000000003,-0.212418,-0.11012499999999999,-0.452658,0.0,-0.235037,-0.45717100000000005,-0.3077940000000001,-0.4362390000000001,-0.01091700000000001,-0.8462509999999992,-0.450367,-0.4486980000000001
201,-0.4623130000000001,-0.13887800000000008,-0.5309999999999999,-0.5008250000000001,-0.18202000000000002,-0.46024700000000013,-0.17093,0.5620760000000002,-0.19339400000000004,-0.4547790000000001,-0.41700700000000007,-0.433503,-0.18014800000000003,-0.212418,-0.11012499999999999,-0.439874,0.0,-0.235037,-0.45618300000000006,-0.3077940000000001,-0.4368880000000001,-0.00717800000000001,-0.6959509999999992,-0.452448,-0.4486960000000001
202,-0.4700260000000001,-0.1698530000000001,-0.5292989999999999,-0.49901300000000004,-0.18202000000000002,-0.4583000000000001,-0.17093,0.5620760000000002,-0.19339400000000004,-0.4626790000000001,-0.4278870000000001,-0.447183,-0.18014800000000003,-0.212418,-0.11012499999999999,-0.438059,0.0,-0.235037,-0.4647180000000001,-0.3077940000000001,-0.4467640000000001,-0.0008290000000000087,-0.5633729999999992,-0.464286,-0.4583060000000001
203,-0.4673100000000001,-0.18543900000000008,-0.5205499999999998,-0.48969000000000007,-0.18202000000000002,-0.4552440000000001,-0.17093,0.5620760000000002,-0.19339400000000004,-0.4602590000000001,-0.42784800000000006,-0.447134,-0.18014800000000003,-0.212418,-0.11012499999999999,-0.428724,0.0,-0.235037,-0.4626350000000001,-0.3077940000000001,-0.4457350000000001,-0.02144400000000001,-0.4756299999999993,-0.462653,-0.4575180000000001
204,-0.4587230000000001,-0.1934780000000001,-0.5074029999999999,-0.4756810000000001,-0.18202000000000002,-0.44593100000000013,-0.17093,0.5620760000000002,-0.19339400000000004,-0.4520440000000001,-0.42183600000000004,-0.439576,-0.18014800000000003,-0.212418,-0.11012499999999999,-0.414766,0.0,-0.235037,-0.4546160000000001,-0.3077940000000001,-0.4386560000000001,-0.04045300000000002,-0.4088539999999993,-0.454687,-0.45040400000000014
205,-0.4471580000000001,-0.1943600000000001,-0.4929809999999999,-0.46031400000000006,-0.18202000000000002,-0.4305770000000001,-0.17093,0.5620760000000002,-0.19339400000000004,-0.44085400000000013,-0.4124070000000001,-0.427719,-0.18014800000000003,-0.212418,-0.11012499999999999,-0.400444,0.0,-0.235037,-0.4434930000000001,-0.3077940000000001,-0.4282610000000001,-0.04434000000000001,-0.36914799999999925,-0.443926,-0.4394420000000001
206,-0.4284130000000001,-0.1906470000000001,-0.46827999999999986,-0.43399400000000005,-0.18202000000000002,-0.41068500000000013,-0.17093,0.5620760000000002,-0.19339400000000004,-0.4227670000000001,-0.39766100000000004,-0.409179,-0.18014800000000003,-0.212418,-0.11012499999999999,-0.390569,0.0,-0.235037,-0.42561800000000005,-0.3077940000000001,-0.4120560000000001,-0.044740000000000016,-0.2901289999999993,-0.425695,-0.4223310000000001
207,-0.4105670000000001,-0.18019900000000008,-0.4392449999999999,-0.40305500000000005,-0.18202000000000002,-0.4050570000000001,-0.17093,0.5620760000000002,-0.19339400000000004,-0.4057610000000001,-0.38586300000000007,-0.394344,-0.18014800000000003,-0.212418,-0.11012499999999999,-0.412684,0.0,-0.235037,-0.40920200000000007,-0.3077940000000001,-0.3988310000000001,-0.04476200000000002,-0.1430229999999993,-0.406608,-0.4085420000000001
208,-0.40574900000000014,-0.17700000000000007,-0.4310949999999999,-0.39437200000000006,-0.18201800000000004,-0.4043670000000001,-0.17093,0.5620760000000002,-0.19339400000000004,-0.4011820000000001,-0.38280300000000006,-0.390497,-0.18015200000000003,-0.212418,-0.11012499999999999,-0.420412,0.0,-0.235037,-0.40480400000000005,-0.3077940000000001,-0.3953850000000001,-0.04476400000000001,-0.10125199999999926,-0.40134,-0.40496500000000013
209,-0.3983850000000001,-0.17630300000000007,-0.4219979999999999,-0.38482400000000005,-0.18174200000000001,-0.39586300000000013,-0.17093,0.5620760000000002,-0.19339400000000004,-0.3940630000000001,-0.37676400000000004,-0.382904,-0.18070900000000004,-0.212418,-0.11012499999999999,-0.412758,0.0,-0.235037,-0.39772100000000005,-0.3077940000000001,-0.38876300000000014,-0.044802000000000015,-0.08387399999999927,-0.394207,-0.39797500000000013
210,-0.3904720000000001,-0.17470500000000008,-0.4035239999999999,-0.38012700000000005,-0.15317600000000003,-0.38900800000000013,-0.17093,0.5620760000000002,-0.19339400000000004,-0.38768200000000014,-0.3737440000000001,-0.379106,-0.23830100000000004,-0.212418,-0.11012499999999999,-0.404622,0.0,-0.235037,-0.39158800000000005,-0.3077940000000001,-0.3830040000000001,-0.045323000000000016,0.09066100000000074,-0.387557,-0.3890360000000001
211,-0.47479100000000013,-0.16613100000000008,-0.4185089999999999,-0.5371010000000002,0.11556799999999998,-0.5206100000000001,-0.17093,0.5620760000000002,-0.19339400000000004,-0.4816400000000001,-0.47850600000000004,-0.51083,-0.7801120000000001,-0.212418,-0.11012499999999999,-0.52715,0.0,-0.235037,-0.48751000000000005,-0.3077940000000001,-0.47410400000000014,-0.045578000000000014,1.4695090000000006,-0.477511,-0.4577580000000001
212,-0.4953680000000001,-0.16493900000000009,-0.4289939999999999,-0.5713990000000001,0.15964499999999998,-0.5505430000000001,-0.17093,0.5620760000000002,-0.19339400000000004,-0.5035930000000001,-0.501346,-0.539548,-0.8689740000000001,-0.212418,-0.11012499999999999,-0.555809,0.0,-0.235037,-0.50977,-0.3077940000000001,-0.49522100000000013,-0.04517300000000001,1.6855040000000006,-0.498742,-0.47552100000000014
213,-0.49680400000000013,-0.1656620000000001,-0.42981599999999986,-0.5733190000000001,0.16163399999999997,-0.5525160000000001,-0.17093,0.5620750000000002,-0.19339400000000004,-0.5050870000000001,-0.502906,-0.54151,-0.8729850000000001,-0.212417,-0.11012499999999999,-0.557418,0.0,-0.235037,-0.511291,-0.3077940000000001,-0.4967050000000001,-0.046919000000000016,1.7005870000000007,-0.500237,-0.4769060000000001
214,-0.4966930000000001,-0.1710840000000001,-0.4282839999999999,-0.5710110000000002,0.16034499999999996,-0.5522070000000001,-0.17093,0.5620730000000003,-0.19339400000000004,-0.5049900000000002,-0.503383,-0.542109,-0.8703900000000001,-0.212414,-0.11012499999999999,-0.554874,0.0,-0.235037,-0.511292,-0.3077940000000001,-0.4970050000000001,-0.05966600000000001,1.7362330000000006,-0.500434,-0.4775280000000001
215,-0.4953280000000001,-0.19737600000000008,-0.42023899999999986,-0.5585780000000001,0.15297799999999998,-0.5495790000000002,-0.17093,0.5620610000000003,-0.19339400000000004,-0.5036710000000001,-0.504858,-0.543964,-0.8555580000000002,-0.2124,-0.11012499999999999,-0.541438,0.0,-0.235037,-0.510439,-0.3077940000000001,-0.4976470000000001,-0.12145500000000002,1.9038400000000006,-0.500562,-0.4798040000000001
216,-0.4908650000000001,-0.06551700000000009,-0.5988649999999999,-0.5970360000000001,0.15884299999999998,-0.5033270000000001,-0.170872,0.028779000000000107,-0.19141600000000003,-0.4778210000000001,-0.41488500000000006,-0.430866,0.5070620000000001,-0.212418,-0.11012499999999999,-0.625979,0.0,0.9388399999999998,-0.47631300000000004,-0.3077940000000001,-0.4396980000000001,0.49755800000000006,-1.4105099999999993,-0.473691,-0.45686900000000014
217,-0.4658960000000001,-0.06346800000000008,-0.5695439999999999,-0.5657930000000001,0.15801399999999996,-0.4724990000000001,-0.170898,0.05552100000000011,-0.19233200000000003,-0.4536190000000001,-0.39382700000000004,-0.404375,0.5053890000000001,-0.212418,-0.11012499999999999,-0.594047,0.0,0.9262499999999998,-0.45214000000000004,-0.3077940000000001,-0.41682000000000013,0.4962730000000001,-1.2883689999999994,-0.449586,-0.4327880000000001
218,-0.4493840000000001,-0.05639100000000007,-0.5513489999999999,-0.5434200000000001,0.11507299999999997,-0.45794600000000013,-0.170917,0.13389400000000015,-0.19298200000000001,-0.4379780000000001,-0.38094600000000006,-0.388169,0.41881700000000005,-0.212418,-0.11012499999999999,-0.560153,0.0,0.7740869999999997,-0.4365490000000001,-0.3077940000000001,-0.4031880000000001,0.42796700000000004,-1.2172619999999994,-0.431991,-0.41826000000000013
219,-0.4403860000000001,-0.02262100000000007,-0.5482419999999999,-0.5247890000000001,-0.10263200000000003,-0.4782090000000001,-0.170925,0.4494830000000002,-0.19334700000000002,-0.4310730000000001,-0.37818000000000007,-0.384686,-0.020094000000000018,-0.212418,-0.11012499999999999,-0.484608,0.0,0.03391399999999995,-0.42973400000000006,-0.3077940000000001,-0.40228000000000014,0.081564,-1.2459289999999994,-0.414284,-0.4164690000000001
220,-0.4358460000000001,-0.01425700000000007,-0.5441849999999999,-0.5151780000000001,-0.17771300000000004,-0.4817460000000001,-0.170926,0.5559860000000002,-0.19338900000000003,-0.4273460000000001,-0.37653800000000004,-0.382622,-0.17146400000000003,-0.212418,-0.11012499999999999,-0.455393,0.0,-0.22046,-0.4261190000000001,-0.3077940000000001,-0.4009740000000001,-0.03776200000000001,-1.2351809999999994,-0.40739,-0.41470400000000013
221,-0.4306640000000001,-0.030990000000000073,-0.5315809999999999,-0.5014520000000001,-0.18191500000000002,-0.46763700000000014,-0.170928,0.5619160000000002,-0.19339200000000004,-0.4226090000000001,-0.37495600000000007,-0.380631,-0.17993500000000004,-0.212418,-0.11012499999999999,-0.440529,0.0,-0.23468,-0.42179000000000005,-0.3077940000000001,-0.3980590000000001,-0.04307700000000001,-1.1271029999999993,-0.405203,-0.41110000000000013
222,-0.4287310000000001,-0.04943900000000007,-0.5224279999999999,-0.4916920000000001,-0.18201900000000001,-0.4565050000000001,-0.170929,0.5620720000000002,-0.19339300000000004,-0.4210010000000001,-0.37611900000000004,-0.382093,-0.18014600000000003,-0.212418,-0.11012499999999999,-0.430712,0.0,-0.235033,-0.4205980000000001,-0.3077940000000001,-0.39805400000000013,-0.039161000000000015,-1.0247179999999994,-0.406453,-0.4105110000000001
223,-0.4277530000000001,-0.061444000000000075,-0.5169449999999999,-0.48584900000000003,-0.18202000000000002,-0.4499940000000001,-0.17093,0.5620750000000002,-0.19339400000000004,-0.4202190000000001,-0.37705200000000005,-0.383265,-0.18014700000000003,-0.212418,-0.11012499999999999,-0.424851,0.0,-0.235035,-0.42007800000000006,-0.3077940000000001,-0.3982720000000001,-0.03555600000000001,-0.9585059999999992,-0.407428,-0.4103810000000001
224,-0.4241940000000001,-0.07118500000000008,-0.5092229999999999,-0.47762000000000004,-0.18202000000000002,-0.4412300000000001,-0.17093,0.5620750000000002,-0.19339400000000004,-0.4169020000000001,-0.37548100000000006,-0.381291,-0.18014600000000003,-0.212418,-0.11012499999999999,-0.416597,0.0,-0.235034,-0.41697700000000004,-0.3077940000000001,-0.3959140000000001,-0.03147100000000001,-0.8947099999999992,-0.405573,-0.4075900000000001
225,-0.4350770000000001,-0.10598900000000008,-0.5099539999999999,-0.47840000000000005,-0.18202000000000002,-0.43735400000000013,-0.17093,0.5620750000000002,-0.19339400000000004,-0.4279280000000001,-0.3895620000000001,-0.398996,-0.18014700000000003,-0.212418,-0.11012499999999999,-0.417379,0.0,-0.235035,-0.42871200000000004,-0.3077940000000001,-0.40901700000000013,-0.002456000000000009,-0.7617389999999993,-0.421922,-0.4199480000000001
226,-0.4513340000000001,-0.1472970000000001,-0.5148299999999999,-0.4835960000000001,-0.18202000000000002,-0.4375920000000001,-0.170929,0.5620750000000002,-0.19339400000000004,-0.4442520000000001,-0.40906100000000006,-0.423512,-0.18014800000000003,-0.212418,-0.11012499999999999,-0.422591,0.0,-0.235037,-0.44586600000000004,-0.3077940000000001,-0.42761900000000014,0.029153999999999996,-0.6168189999999992,-0.444379,-0.4379020000000001
227,-0.4536170000000001,-0.16889500000000007,-0.5099459999999999,-0.47839100000000007,-0.18202000000000002,-0.43599500000000013,-0.170929,0.5620740000000002,-0.19339300000000004,-0.44675900000000013,-0.41405900000000007,-0.429797,-0.18014800000000003,-0.212418,-0.11012499999999999,-0.417371,0.0,-0.235037,-0.44882500000000003,-0.3077940000000001,-0.4316930000000001,0.013783999999999992,-0.5190989999999992,-0.448919,-0.4421310000000001
228,-0.4401660000000001,-0.1897010000000001,-0.4864799999999999,-0.45338700000000004,-0.18202000000000002,-0.4195530000000001,-0.170929,0.5620730000000003,-0.19339300000000004,-0.4340020000000001,-0.40580700000000003,-0.419421,-0.18014800000000003,-0.212418,-0.11012499999999999,-0.39231,0.0,-0.235037,-0.4365470000000001,-0.3077940000000001,-0.4213510000000001,-0.03354600000000001,-0.3771049999999993,-0.437366,-0.4319050000000001
229,-0.4255870000000001,-0.19338400000000008,-0.4676059999999999,-0.43327600000000005,-0.18202000000000002,-0.4007770000000001,-0.170929,0.5620740000000002,-0.19339300000000004,-0.41992200000000013,-0.3942010000000001,-0.404828,-0.18014800000000003,-0.212418,-0.11012499999999999,-0.372531,0.0,-0.235037,-0.4225920000000001,-0.3077940000000001,-0.4084140000000001,-0.044116000000000016,-0.3189329999999993,-0.42381,-0.4183890000000001
230,-0.4107540000000001,-0.1920030000000001,-0.4491749999999999,-0.41363600000000006,-0.18202000000000002,-0.3842470000000001,-0.170929,0.5620750000000002,-0.19339400000000004,-0.4055670000000001,-0.38208100000000006,-0.389589,-0.18014800000000003,-0.212418,-0.11012499999999999,-0.358122,0.0,-0.235037,-0.4083260000000001,-0.3077940000000001,-0.3951510000000001,-0.04474100000000002,-0.2739939999999993,-0.409339,-0.40446700000000013
231,-0.3948860000000001,-0.18561300000000008,-0.4257259999999999,-0.38865000000000005,-0.18202000000000002,-0.3758280000000001,-0.17093,0.5620760000000002,-0.19339400000000004,-0.3903550000000001,-0.37063000000000007,-0.375191,-0.18014800000000003,-0.212418,-0.11012499999999999,-0.364417,0.0,-0.235037,-0.39347200000000004,-0.3077940000000001,-0.38246000000000013,-0.04476200000000002,-0.17991499999999927,-0.392633,-0.3912780000000001
232,-0.3800710000000001,-0.17798200000000008,-0.40248499999999987,-0.36388700000000007,-0.18201900000000001,-0.3694780000000001,-0.17093,0.5620760000000002,-0.19339400000000004,-0.3762040000000001,-0.3604840000000001,-0.362434,-0.18015100000000003,-0.212418,-0.11012499999999999,-0.377914,0.0,-0.235037,-0.37975000000000003,-0.3077940000000001,-0.3711390000000001,-0.04476200000000002,-0.08080399999999927,-0.376974,-0.37946400000000013
233,-0.3607970000000001,-0.17500700000000008,-0.3779309999999999,-0.33779400000000004,-0.18188500000000002,-0.3486450000000001,-0.17093,0.5620760000000002,-0.19339400000000004,-0.3575790000000001,-0.34498000000000006,-0.34294,-0.18042200000000003,-0.212418,-0.11012499999999999,-0.363163,0.0,-0.235037,-0.36128200000000005,-0.3077940000000001,-0.3541460000000001,-0.04476200000000002,-0.028298999999999266,-0.358147,-0.36156700000000014
234,-0.33485900000000013,-0.1730170000000001,-0.3442939999999999,-0.30630000000000007,-0.17359600000000003,-0.3178360000000001,-0.17093,0.5620760000000002,-0.19339400000000004,-0.3328060000000001,-0.3243400000000001,-0.316988,-0.19713200000000003,-0.212418,-0.11012499999999999,-0.332722,0.0,-0.235037,-0.33664700000000003,-0.3077940000000001,-0.33091900000000013,-0.044760000000000015,0.05852100000000073,-0.333461,-0.3362850000000001
235,-0.3680410000000001,-0.1680300000000001,-0.3403519999999999,-0.37390100000000004,-0.036750000000000026,-0.37285200000000013,-0.17093,0.5620760000000002,-0.19339400000000004,-0.37118800000000013,-0.36949300000000007,-0.373762,-0.47302600000000006,-0.212418,-0.11012499999999999,-0.383171,0.0,-0.235037,-0.37605000000000005,-0.3077940000000001,-0.3683800000000001,-0.04463300000000001,0.7679530000000008,-0.369881,-0.3618810000000001
236,-0.4680590000000001,-0.1648060000000001,-0.4080569999999999,-0.5305380000000001,0.12428699999999997,-0.5130390000000001,-0.17093,0.5620760000000002,-0.19339400000000004,-0.4754930000000001,-0.47383300000000006,-0.504955,-0.7976900000000001,-0.212418,-0.11012499999999999,-0.519223,0.0,-0.235037,-0.48142900000000005,-0.3077940000000001,-0.4683040000000001,-0.04379300000000001,1.5233200000000007,-0.471305,-0.4507490000000001
237,-0.4859120000000001,-0.16223100000000007,-0.4214829999999999,-0.5593010000000002,0.15183999999999997,-0.5375250000000001,-0.17093,0.5620760000000002,-0.19339400000000004,-0.4940200000000001,-0.4919160000000001,-0.527692,-0.8532390000000001,-0.212418,-0.11012499999999999,-0.543336,0.0,-0.235037,-0.500078,-0.3077940000000001,-0.4858020000000001,-0.03820000000000001,1.6436230000000007,-0.489275,-0.4662960000000001
238,-0.4491380000000001,-0.1477620000000001,-0.3922879999999999,-0.5152150000000001,0.12710799999999997,-0.4866200000000001,-0.17093,0.5620760000000002,-0.19339400000000004,-0.45697700000000013,-0.45522700000000005,-0.48156,-0.8033760000000001,-0.212418,-0.11012499999999999,-0.49473,0.0,-0.235037,-0.46250600000000003,-0.3077940000000001,-0.4489440000000001,-0.0013630000000000087,1.4995760000000007,-0.452486,-0.4294660000000001
239,-0.29007500000000014,-0.09057800000000009,-0.2662519999999999,-0.32047400000000004,0.011906999999999973,-0.26661800000000013,-0.17093,0.5620760000000002,-0.19339400000000004,-0.2964660000000001,-0.29644800000000004,-0.281918,-0.5711230000000002,-0.212418,-0.11012499999999999,-0.284235,0.0,-0.235037,-0.29979100000000003,-0.3077940000000001,-0.2897720000000001,0.14470800000000003,0.8511090000000008,-0.293316,-0.2714550000000001
240,-0.5150930000000001,-0.06587300000000008,-0.6277869999999999,-0.6280030000000001,0.15922299999999998,-0.5334360000000001,-0.169225,-0.008869999999999899,-0.19163700000000003,-0.5012970000000001,-0.43509000000000003,-0.457146,0.5078270000000001,-0.212418,-0.11012499999999999,-0.656349,0.0,0.9195769999999998,-0.49975700000000006,-0.3077940000000001,-0.4619160000000001,0.49603200000000003,-1.5375899999999993,-0.496998,-0.48034100000000013
241,-0.48961500000000013,-0.06364200000000009,-0.5979189999999999,-0.5960250000000001,0.15706599999999998,-0.5022680000000002,-0.169769,0.023714000000000107,-0.19219800000000004,-0.4766100000000001,-0.41364600000000007,-0.429895,0.5034790000000001,-0.212418,-0.11012499999999999,-0.623704,0.0,0.9121009999999998,-0.47509200000000007,-0.3077940000000001,-0.43857400000000013,0.49330300000000005,-1.4132219999999993,-0.472311,-0.4557470000000001
242,-0.4518360000000001,-0.042975000000000076,-0.5583429999999999,-0.5489660000000001,0.08767699999999998,-0.4677340000000001,-0.170374,0.15655500000000014,-0.19282300000000002,-0.4404550000000001,-0.38231800000000005,-0.390183,0.36358500000000005,-0.212418,-0.11012499999999999,-0.558417,0.0,0.6772159999999999,-0.4388540000000001,-0.3077940000000001,-0.40555600000000014,0.38367300000000004,-1.2914219999999994,-0.432079,-0.4208210000000001
243,-0.4075350000000001,0.018428999999999935,-0.5219889999999999,-0.4943870000000001,-0.13713000000000003,-0.4523890000000001,-0.170652,0.4955280000000002,-0.19311500000000004,-0.3990450000000001,-0.3466640000000001,-0.345204,-0.08964400000000003,-0.212418,-0.11012499999999999,-0.445109,0.0,-0.08320900000000003,-0.39710200000000007,-0.3077940000000001,-0.3703340000000001,0.026310999999999998,-1.2821649999999993,-0.377108,-0.3832460000000001
244,-0.4027300000000001,0.025271999999999933,-0.5177089999999999,-0.48681900000000006,-0.17981200000000003,-0.4522170000000001,-0.170671,0.5572280000000002,-0.19313500000000003,-0.3947430000000001,-0.34359200000000006,-0.341332,-0.17569600000000002,-0.212418,-0.11012499999999999,-0.426399,0.0,-0.227569,-0.39282800000000007,-0.3077940000000001,-0.3673780000000001,-0.04157300000000001,-1.2752909999999993,-0.370807,-0.3799410000000001
245,-0.4079950000000001,0.0036189999999999317,-0.5162979999999999,-0.48516400000000004,-0.18194800000000003,-0.4508720000000001,-0.170757,0.5608260000000003,-0.19322100000000003,-0.4001690000000001,-0.35120100000000004,-0.350853,-0.18000100000000002,-0.212418,-0.11012499999999999,-0.424183,0.0,-0.234791,-0.39870500000000003,-0.3077940000000001,-0.3742740000000001,-0.044732000000000015,-1.1939739999999994,-0.378918,-0.3867180000000001
246,-0.4064460000000001,-0.021599000000000073,-0.5054849999999999,-0.47363800000000006,-0.18200300000000003,-0.4393610000000001,-0.170888,0.5617740000000002,-0.19335200000000002,-0.3990170000000001,-0.35354800000000003,-0.353735,-0.18011200000000002,-0.212418,-0.11012499999999999,-0.412607,0.0,-0.234976,-0.39809200000000006,-0.3077940000000001,-0.3751790000000001,-0.044095000000000016,-1.0684049999999994,-0.381097,-0.3871090000000001
247,-0.37676700000000013,-0.00472700000000007,-0.4758369999999999,-0.44205000000000005,-0.18195900000000004,-0.40813100000000013,-0.170927,0.5619800000000003,-0.19339100000000004,-0.3700170000000001,-0.32636500000000007,-0.319535,-0.18002400000000002,-0.212418,-0.11012499999999999,-0.380933,0.0,-0.234828,-0.36881800000000003,-0.3077940000000001,-0.3465470000000001,-0.04323000000000001,-1.0253259999999993,-0.350396,-0.35728300000000013
248,-0.36236800000000013,0.002580999999999932,-0.4611439999999999,-0.42639600000000005,-0.18193700000000002,-0.3920170000000001,-0.170929,0.5619710000000002,-0.19339400000000004,-0.3559580000000001,-0.31330100000000005,-0.303108,-0.17998000000000003,-0.212418,-0.11012499999999999,-0.365236,0.0,-0.234755,-0.3546460000000001,-0.3077940000000001,-0.33273200000000014,-0.03877500000000001,-0.9983219999999993,-0.33576,-0.34277800000000014
249,-0.3863030000000001,-0.04112600000000008,-0.47438799999999987,-0.44050600000000006,-0.18195800000000004,-0.4019800000000001,-0.170929,0.5619940000000002,-0.19339300000000004,-0.3797590000000001,-0.33955100000000005,-0.336114,-0.18002100000000001,-0.212418,-0.11012499999999999,-0.379385,0.0,-0.234824,-0.37930600000000003,-0.3077940000000001,-0.35856700000000014,-0.01437300000000001,-0.8782629999999992,-0.365687,-0.3684710000000001
250,-0.4331330000000001,-0.12102800000000008,-0.5022879999999998,-0.47023300000000007,-0.18200000000000002,-0.4247570000000001,-0.170917,0.5619990000000002,-0.19338100000000003,-0.4262480000000001,-0.39010200000000006,-0.399681,-0.18010800000000002,-0.212418,-0.11012499999999999,-0.409192,0.0,-0.234969,-0.42735800000000007,-0.3077940000000001,-0.40860200000000013,0.026046999999999997,-0.6730379999999992,-0.423182,-0.4184990000000001
251,-0.44699100000000014,-0.1604460000000001,-0.5049819999999999,-0.4731020000000001,-0.18201800000000004,-0.42811500000000013,-0.170841,0.5617000000000002,-0.19330600000000003,-0.4402180000000001,-0.40731500000000004,-0.421364,-0.18014300000000003,-0.212418,-0.11012499999999999,-0.412066,0.0,-0.235028,-0.4421260000000001,-0.3077940000000001,-0.4248600000000001,0.023791999999999997,-0.5401549999999993,-0.441953,-0.43482900000000013
252,-0.4266200000000001,-0.18855100000000008,-0.47064299999999987,-0.43651200000000007,-0.18202000000000002,-0.4014120000000001,-0.170814,0.5615880000000002,-0.19327800000000003,-0.4208510000000001,-0.39433000000000007,-0.405052,-0.18014800000000003,-0.212418,-0.11012499999999999,-0.375369,0.0,-0.235037,-0.42341300000000004,-0.3077940000000001,-0.4088730000000001,-0.03273300000000001,-0.34753499999999926,-0.424609,-0.4186900000000001
253,-0.4104890000000001,-0.1928090000000001,-0.4497629999999999,-0.41426300000000005,-0.18202000000000002,-0.38201400000000013,-0.170897,0.5619380000000003,-0.19336100000000003,-0.4052750000000001,-0.38149200000000005,-0.388866,-0.18014800000000003,-0.212418,-0.11012499999999999,-0.35317,0.0,-0.235037,-0.40797300000000003,-0.3077940000000001,-0.39456000000000013,-0.044338000000000016,-0.2852849999999993,-0.409315,-0.4038170000000001
254,-0.3946400000000001,-0.19205000000000008,-0.4307359999999999,-0.39398900000000003,-0.18202000000000002,-0.3648450000000001,-0.170924,0.5620530000000002,-0.19338800000000003,-0.3899120000000001,-0.36827200000000004,-0.37223,-0.18014800000000003,-0.212418,-0.11012499999999999,-0.334187,0.0,-0.235037,-0.39265800000000006,-0.3077940000000001,-0.3801350000000001,-0.044759000000000014,-0.24828699999999929,-0.393622,-0.3887690000000001
255,-0.3757160000000001,-0.1892610000000001,-0.4067379999999999,-0.36841700000000005,-0.18202000000000002,-0.3475110000000001,-0.170929,0.5620740000000002,-0.19339300000000004,-0.3716160000000001,-0.35300500000000007,-0.353031,-0.18014800000000003,-0.212418,-0.11012499999999999,-0.319297,0.0,-0.235037,-0.37451000000000007,-0.3077940000000001,-0.3634310000000001,-0.04476300000000001,-0.19119199999999928,-0.374468,-0.37138300000000013
256,-0.3537130000000001,-0.1817370000000001,-0.3753599999999999,-0.33498300000000003,-0.18202000000000002,-0.3305120000000001,-0.17093,0.5620760000000002,-0.19339400000000004,-0.3504780000000001,-0.3366640000000001,-0.332484,-0.18014900000000003,-0.212418,-0.11012499999999999,-0.321625,0.0,-0.235037,-0.3537890000000001,-0.3077940000000001,-0.3453690000000001,-0.04476200000000002,-0.08702599999999927,-0.352195,-0.3524130000000001
257,-0.3346490000000001,-0.17550000000000007,-0.3484139999999999,-0.30628200000000005,-0.18199700000000002,-0.3137870000000001,-0.17093,0.5620760000000002,-0.19339400000000004,-0.3321550000000001,-0.32240800000000003,-0.314559,-0.18019500000000002,-0.212418,-0.11012499999999999,-0.322247,0.0,-0.235037,-0.3358090000000001,-0.3077940000000001,-0.32961600000000013,-0.044760000000000015,-0.005166999999999265,-0.333268,-0.33577400000000013
258,-0.2987730000000001,-0.1721370000000001,-0.3043339999999999,-0.25982700000000003,-0.18101800000000004,-0.2716610000000001,-0.17093,0.5620760000000002,-0.19339400000000004,-0.29744900000000013,-0.29289000000000004,-0.277444,-0.18216900000000003,-0.212418,-0.11012499999999999,-0.28446,0.0,-0.235037,-0.30127100000000007,-0.3077940000000001,-0.2972930000000001,-0.04467400000000001,0.06108100000000074,-0.298614,-0.3016540000000001
259,-0.2600830000000001,-0.16872700000000007,-0.25377499999999986,-0.21378300000000003,-0.16609500000000002,-0.22566000000000008,-0.17093,0.5620760000000002,-0.19339400000000004,-0.26059500000000013,-0.26225300000000007,-0.238922,-0.21225600000000003,-0.212418,-0.11012499999999999,-0.238201,0.0,-0.235037,-0.2646160000000001,-0.3077940000000001,-0.2626380000000001,-0.04325600000000002,0.19089300000000073,-0.261859,-0.2636610000000001
260,-0.3021930000000001,-0.1618390000000001,-0.2792789999999999,-0.2850690000000001,-0.08202700000000003,-0.2854350000000001,-0.17093,0.5620760000000002,-0.19339400000000004,-0.30516500000000013,-0.30736700000000006,-0.295646,-0.3817440000000001,-0.212418,-0.11012499999999999,-0.296606,0.0,-0.235037,-0.30963500000000005,-0.3077940000000001,-0.3049380000000001,-0.03049500000000001,0.5784860000000007,-0.304887,-0.2994890000000001
261,-0.3396320000000001,-0.12583500000000009,-0.3063629999999999,-0.36795800000000006,0.020947999999999977,-0.3358000000000001,-0.17093,0.5620760000000002,-0.19339400000000004,-0.3455530000000001,-0.34563000000000005,-0.343757,-0.5893490000000001,-0.212418,-0.11012499999999999,-0.349126,0.0,-0.235037,-0.3498240000000001,-0.3077940000000001,-0.3401780000000001,0.056283,0.9598350000000008,-0.34275,-0.3248880000000001
262,-0.16298400000000007,-0.040852000000000076,-0.1669949999999999,-0.16604100000000002,-0.08085200000000002,-0.09103300000000007,-0.17093,0.5620760000000002,-0.19339400000000004,-0.16813900000000012,-0.16899900000000004,-0.12166800000000001,-0.38411300000000004,-0.212418,-0.11012499999999999,-0.118313,0.0,-0.235037,-0.16962500000000005,-0.3077940000000001,-0.16225400000000012,0.27077900000000005,0.2898540000000007,-0.16583,-0.14479300000000012
263,-0.046864000000000086,0.004847999999999932,-0.0756989999999999,-0.025827000000000003,-0.16267900000000002,0.06953099999999995,-0.17093,0.5620760000000002,-0.19339400000000004,-0.051010000000000104,-0.05279200000000003,0.024444999999999995,-0.21914300000000003,-0.212418,-0.11012499999999999,0.03404299999999999,0.0,-0.235037,-0.05081700000000004,-0.3077940000000001,-0.045786000000000104,0.38683200000000006,-0.19324099999999927,-0.049477,-0.02879600000000011
264,-0.5442880000000001,-0.08141700000000009,-0.6588929999999998,-0.6573690000000001,0.10555199999999998,-0.5760280000000001,-0.136171,-0.26900999999999997,-0.15862000000000004,-0.5292410000000001,-0.4616410000000001,-0.508094,0.39962200000000003,-0.212418,-0.11012499999999999,-0.671805,0.0,0.7375119999999998,-0.528853,-0.3077940000000001,-0.49194100000000013,0.36785900000000005,-1.6507279999999993,-0.527731,-0.5135160000000001
265,-0.5269920000000001,-0.07731000000000009,-0.6392619999999999,-0.6367840000000001,0.11027799999999997,-0.5542440000000001,-0.141433,-0.20990799999999993,-0.16388400000000003,-0.5125500000000001,-0.44679700000000006,-0.486634,0.40914900000000004,-0.212418,-0.11012499999999999,-0.652387,0.0,0.7534919999999998,-0.511995,-0.3077940000000001,-0.4756530000000001,0.38218700000000005,-1.5730799999999994,-0.510474,-0.4961170000000001
266,-0.4687620000000001,-0.042744000000000074,-0.5789219999999999,-0.5666000000000001,0.026731999999999975,-0.4979820000000001,-0.151906,0.06177100000000011,-0.17436200000000002,-0.45686700000000013,-0.39778300000000005,-0.419441,0.24071400000000004,-0.212418,-0.11012499999999999,-0.560226,0.0,0.4709439999999998,-0.45583500000000005,-0.3077940000000001,-0.4235690000000001,0.26279700000000006,-1.3915669999999993,-0.448037,-0.4406040000000001
267,-0.4038870000000001,0.015460999999999935,-0.5171459999999999,-0.48750000000000004,-0.16164000000000003,-0.4515880000000001,-0.156697,0.43461500000000014,-0.17915500000000004,-0.3953290000000001,-0.34412700000000007,-0.34943,-0.13905900000000002,-0.212418,-0.11012499999999999,-0.431815,0.0,-0.16611200000000004,-0.39385100000000006,-0.3077940000000001,-0.3681990000000001,-0.03074900000000001,-1.2649369999999993,-0.374342,-0.3817020000000001
268,-0.3998120000000001,0.019392999999999935,-0.5132009999999999,-0.48192100000000004,-0.18114400000000003,-0.4493920000000001,-0.156916,0.46760700000000016,-0.17937500000000003,-0.39153700000000013,-0.34105700000000005,-0.345452,-0.17838100000000004,-0.212418,-0.11012499999999999,-0.42114,0.0,-0.232073,-0.39005700000000004,-0.3077940000000001,-0.36506300000000014,-0.06150000000000001,-1.2556959999999993,-0.369546,-0.3783140000000001
269,-0.4000140000000001,0.012403999999999934,-0.5107579999999999,-0.4792640000000001,-0.18190000000000003,-0.4465760000000001,-0.159288,0.48452500000000015,-0.18174700000000002,-0.3919180000000001,-0.3424380000000001,-0.34593,-0.17990600000000004,-0.212418,-0.11012499999999999,-0.418277,0.0,-0.234631,-0.3905370000000001,-0.3077940000000001,-0.36597000000000013,-0.05962600000000001,-1.2199459999999993,-0.370617,-0.3789500000000001
270,-0.36239500000000013,0.026805999999999934,-0.47005599999999986,-0.43598200000000004,-0.18065400000000004,-0.4026260000000001,-0.167571,0.5380300000000002,-0.19003300000000004,-0.3555250000000001,-0.30954000000000004,-0.300164,-0.17739400000000002,-0.212418,-0.11012499999999999,-0.375186,0.0,-0.230416,-0.3537660000000001,-0.3077940000000001,-0.3304160000000001,-0.046875000000000014,-1.1239059999999994,-0.332296,-0.3412350000000001
271,-0.3050670000000001,0.07555399999999994,-0.4182849999999999,-0.3809290000000001,-0.17907100000000004,-0.3477260000000001,-0.170797,0.5574920000000002,-0.19326100000000002,-0.2993790000000001,-0.25487600000000005,-0.229717,-0.17420300000000002,-0.212418,-0.11012499999999999,-0.320376,0.0,-0.225064,-0.2966750000000001,-0.3077940000000001,-0.27361600000000014,-0.040028000000000015,-1.1166489999999993,-0.270492,-0.2822170000000001
272,-0.29459000000000013,0.08471699999999995,-0.40894999999999987,-0.3710030000000001,-0.17878800000000003,-0.3377000000000001,-0.170926,0.5579990000000002,-0.19339000000000003,-0.28909800000000013,-0.24481500000000003,-0.216999,-0.17363200000000004,-0.212418,-0.11012499999999999,-0.310492,0.0,-0.224107,-0.28622600000000004,-0.3077940000000001,-0.2632020000000001,-0.038195000000000014,-1.1165649999999994,-0.259222,-0.2714060000000001
273,-0.30758200000000013,0.06422999999999994,-0.4172839999999999,-0.37986500000000006,-0.17904100000000003,-0.3451500000000001,-0.170896,0.5581950000000002,-0.19336000000000003,-0.3019750000000001,-0.25860700000000003,-0.234356,-0.17414100000000002,-0.212418,-0.11012499999999999,-0.319317,0.0,-0.22496,-0.29950200000000005,-0.3077940000000001,-0.2769430000000001,-0.03044300000000001,-1.0688159999999993,-0.274829,-0.2852470000000001
274,-0.3656550000000001,-0.026404000000000073,-0.4549439999999999,-0.41990800000000006,-0.18025400000000003,-0.3796920000000001,-0.169847,0.5552790000000002,-0.19231000000000004,-0.3594870000000001,-0.32005400000000006,-0.312174,-0.17658700000000002,-0.212418,-0.11012499999999999,-0.359167,0.0,-0.229064,-0.35879800000000006,-0.3077940000000001,-0.3382640000000001,-0.0013130000000000086,-0.8661749999999993,-0.344352,-0.3471960000000001
275,-0.4102710000000001,-0.13856500000000008,-0.4696089999999999,-0.43543400000000004,-0.18168400000000004,-0.39397300000000013,-0.159734,0.5142900000000002,-0.18219300000000002,-0.40393600000000013,-0.37268900000000005,-0.383729,-0.17947000000000002,-0.212418,-0.11012499999999999,-0.374368,0.0,-0.2339,-0.40572100000000005,-0.3077940000000001,-0.38911800000000013,0.00011399999999999148,-0.5574959999999992,-0.404017,-0.3986520000000001
276,-0.3943000000000001,-0.1861500000000001,-0.4336679999999999,-0.3971140000000001,-0.18201400000000004,-0.3652570000000001,-0.159515,0.5137780000000002,-0.18197400000000002,-0.3890980000000001,-0.3661710000000001,-0.37565,-0.18013500000000002,-0.212418,-0.11012499999999999,-0.335846,0.0,-0.235015,-0.39194200000000007,-0.3077940000000001,-0.3789410000000001,-0.05140500000000001,-0.3028909999999993,-0.393752,-0.3881230000000001
277,-0.39136900000000013,-0.1916470000000001,-0.4274419999999999,-0.3904790000000001,-0.18202000000000002,-0.3609640000000001,-0.168749,0.5528530000000003,-0.19121300000000002,-0.38664900000000013,-0.36519900000000005,-0.369521,-0.18014800000000003,-0.212418,-0.11012499999999999,-0.329231,0.0,-0.235037,-0.3894210000000001,-0.3077940000000001,-0.3769630000000001,-0.04737300000000001,-0.25067899999999926,-0.390575,-0.3855850000000001
278,-0.3772580000000001,-0.19141400000000008,-0.4103409999999999,-0.37225700000000006,-0.18202000000000002,-0.3464140000000001,-0.1707,0.5611030000000002,-0.19316400000000003,-0.3730360000000001,-0.3535710000000001,-0.353864,-0.18014800000000003,-0.212418,-0.11012499999999999,-0.311442,0.0,-0.235037,-0.37580900000000006,-0.3077940000000001,-0.36414800000000014,-0.045057000000000014,-0.21592299999999928,-0.376266,-0.37215900000000013
279,-0.35973100000000013,-0.1899780000000001,-0.3890019999999999,-0.3495190000000001,-0.18202000000000002,-0.3274260000000001,-0.170915,0.5620150000000003,-0.19337900000000002,-0.3560640000000001,-0.3390810000000001,-0.33553,-0.18014800000000003,-0.212418,-0.11012499999999999,-0.292433,0.0,-0.235037,-0.35890600000000006,-0.3077940000000001,-0.3483170000000001,-0.044781000000000015,-0.17558799999999927,-0.358946,-0.35559000000000013
280,-0.3423220000000001,-0.18622100000000008,-0.3659909999999999,-0.32500000000000007,-0.18202000000000002,-0.3086520000000001,-0.170929,0.5620740000000002,-0.19339300000000004,-0.3392700000000001,-0.32541700000000007,-0.318342,-0.18014800000000003,-0.212418,-0.11012499999999999,-0.284017,0.0,-0.235037,-0.34231400000000006,-0.3077940000000001,-0.3333000000000001,-0.04476300000000001,-0.11640899999999926,-0.34209,-0.33969700000000014
281,-0.3201230000000001,-0.17980700000000008,-0.3353249999999999,-0.29232500000000006,-0.18201900000000001,-0.2879970000000001,-0.17093,0.5620760000000002,-0.19339400000000004,-0.3179050000000001,-0.30852700000000005,-0.297105,-0.18015200000000003,-0.212418,-0.11012499999999999,-0.280784,0.0,-0.235037,-0.32129900000000006,-0.3077940000000001,-0.3146780000000001,-0.04473700000000001,-0.032248999999999264,-0.320161,-0.3200360000000001
282,-0.2721360000000001,-0.1731620000000001,-0.27531499999999987,-0.22841600000000004,-0.18195000000000003,-0.23536200000000007,-0.17093,0.5620760000000002,-0.19339400000000004,-0.2714820000000001,-0.26947200000000004,-0.247999,-0.18029000000000003,-0.212418,-0.11012499999999999,-0.239065,0.0,-0.235037,-0.27519400000000005,-0.3077940000000001,-0.2719680000000001,-0.043852000000000016,0.06558100000000074,-0.273241,-0.2751250000000001
283,-0.2336090000000001,-0.16564700000000007,-0.22981099999999988,-0.18034000000000003,-0.18116600000000002,-0.1894270000000001,-0.17093,0.5620760000000002,-0.19339400000000004,-0.23413100000000012,-0.23703000000000002,-0.207207,-0.18187100000000003,-0.212418,-0.11012499999999999,-0.198601,0.0,-0.235037,-0.23791500000000004,-0.3077940000000001,-0.23674700000000012,-0.033574000000000014,0.11638800000000074,-0.235828,-0.23782500000000012
284,-0.1925850000000001,-0.13706900000000008,-0.1916159999999999,-0.14215400000000003,-0.17637800000000003,-0.1338580000000001,-0.17093,0.5620760000000002,-0.19339400000000004,-0.1940950000000001,-0.19831500000000002,-0.15853,-0.19152300000000003,-0.212418,-0.11012499999999999,-0.147711,0.0,-0.235037,-0.19726400000000005,-0.3077940000000001,-0.1960070000000001,0.035326,0.08643600000000073,-0.195428,-0.19342500000000012
285,-0.09244100000000008,-0.051904000000000075,-0.10838099999999991,-0.057378000000000005,-0.16891700000000004,0.00617499999999995,-0.17093,0.5620760000000002,-0.19339400000000004,-0.0958360000000001,-0.09976100000000003,-0.03461100000000001,-0.20656700000000003,-0.212418,-0.11012499999999999,-0.017586000000000004,0.0,-0.235037,-0.09693000000000004,-0.3077940000000001,-0.0937630000000001,0.24761300000000003,-0.08519699999999926,-0.095861,-0.08193200000000012
286,-0.03116500000000009,0.005887999999999932,-0.0624389999999999,-0.0043230000000000005,-0.17673300000000003,0.09129299999999996,-0.17093,0.5620750000000002,-0.19339400000000004,-0.03511100000000011,-0.037459000000000034,0.04372399999999999,-0.19080700000000003,-0.212418,-0.11012499999999999,0.05633599999999999,0.0,-0.235037,-0.03478000000000004,-0.3077940000000001,-0.030387000000000105,0.39028300000000005,-0.2601949999999993,-0.033945,-0.01395400000000011
287,-0.020453000000000086,0.017281999999999933,-0.0555429999999999,0.005337000000000001,-0.18113900000000002,0.10597799999999996,-0.17093,0.5620750000000002,-0.19339400000000004,-0.024351000000000105,-0.026114000000000033,0.05798999999999999,-0.18192600000000003,-0.212418,-0.11012499999999999,0.067709,0.0,-0.235037,-0.02373800000000004,-0.3077940000000001,-0.019135000000000103,0.41800200000000004,-0.3071489999999993,-0.022882,-0.002163000000000111
288,-0.6010610000000001,-0.14281900000000008,-0.7118599999999999,-0.6981410000000001,-0.11674900000000003,-0.6729410000000001,0.000836,-1.2836580000000002,-0.021556999999999996,-0.5827450000000001,-0.517631,-0.651292,-0.04855500000000002,-0.212418,-0.11012499999999999,-0.654799,0.0,-0.01429500000000004,-0.587253,-0.3077940000000001,-0.5574520000000001,-0.16307700000000003,-1.7977319999999994,-0.593412,-0.5890290000000001
289,-0.5954730000000001,-0.14114900000000008,-0.7055979999999998,-0.6916900000000001,-0.11359800000000003,-0.6656980000000001,-0.001776,-1.2519040000000001,-0.024169999999999997,-0.5773610000000001,-0.51278,-0.643806,-0.04220300000000002,-0.212418,-0.11012499999999999,-0.649149,0.0,-0.0036410000000000418,-0.581782,-0.3077940000000001,-0.5520980000000001,-0.15468700000000002,-1.7734949999999994,-0.587771,-0.5832670000000001
290,-0.5048320000000001,-0.12720800000000007,-0.6009429999999999,-0.5784110000000001,-0.13863800000000004,-0.5580440000000001,-0.005337,-0.911953,-0.027731999999999996,-0.4896890000000001,-0.43653300000000006,-0.546044,-0.09268500000000003,-0.212418,-0.11012499999999999,-0.528999,0.0,-0.08832100000000002,-0.49409200000000003,-0.3077940000000001,-0.4693730000000001,-0.18996000000000002,-1.3554389999999994,-0.498702,-0.49599300000000013
291,-0.4066590000000001,-0.11447200000000009,-0.4870359999999999,-0.45415300000000003,-0.17955800000000002,-0.4432230000000001,-0.002206,-0.575177,-0.024599999999999997,-0.3946670000000001,-0.35438900000000007,-0.444422,-0.17518300000000003,-0.212418,-0.11012499999999999,-0.393699,0.0,-0.226708,-0.3993010000000001,-0.3077940000000001,-0.3805210000000001,-0.25916500000000003,-0.8981389999999992,-0.402665,-0.4025820000000001
292,-0.40268700000000013,-0.11387400000000009,-0.4824409999999999,-0.4490910000000001,-0.18191200000000002,-0.43865900000000013,-0.002096,-0.560707,-0.024489999999999998,-0.3908300000000001,-0.35108700000000004,-0.440329,-0.17992900000000003,-0.212418,-0.11012499999999999,-0.388008,0.0,-0.23467,-0.39547400000000005,-0.3077940000000001,-0.3769530000000001,-0.26305500000000004,-0.8798059999999992,-0.398755,-0.3988270000000001
293,-0.4006800000000001,-0.10912700000000009,-0.4812729999999999,-0.4479250000000001,-0.18080100000000002,-0.43655500000000014,-0.007638,-0.525018,-0.030034999999999996,-0.3889980000000001,-0.34909400000000007,-0.434878,-0.17768900000000004,-0.212418,-0.11012499999999999,-0.387127,0.0,-0.230912,-0.3934250000000001,-0.3077940000000001,-0.3747390000000001,-0.25411600000000006,-0.8859539999999992,-0.395915,-0.3962170000000001
294,-0.3472510000000001,-0.01284600000000007,-0.4445629999999999,-0.41089400000000004,-0.15119800000000003,-0.3829670000000001,-0.09515,0.019614000000000107,-0.117582,-0.3385860000000001,-0.29587600000000003,-0.321465,-0.11800800000000003,-0.212418,-0.11012499999999999,-0.357694,0.0,-0.13080000000000003,-0.33914600000000006,-0.3077940000000001,-0.3174150000000001,-0.09377100000000002,-1.0022529999999994,-0.327482,-0.3319910000000001
295,-0.2931690000000001,0.07641899999999995,-0.4057849999999999,-0.3716320000000001,-0.12199300000000003,-0.3292460000000001,-0.168228,0.46879000000000015,-0.19069100000000003,-0.2871440000000001,-0.24206300000000003,-0.214972,-0.05912800000000002,-0.212418,-0.11012499999999999,-0.325917,0.0,-0.03203000000000004,-0.2842970000000001,-0.3077940000000001,-0.25987700000000014,0.047285,-1.1048619999999993,-0.260111,-0.26839600000000013
296,-0.29004600000000014,0.08053599999999994,-0.40331099999999986,-0.36911800000000006,-0.12027500000000003,-0.32608900000000013,-0.170866,0.48421800000000015,-0.19333000000000003,-0.28413300000000014,-0.23898600000000003,-0.209701,-0.05566500000000002,-0.212418,-0.11012499999999999,-0.323843,0.0,-0.026222000000000033,-0.28114500000000003,-0.3077940000000001,-0.2566180000000001,0.053589,-1.1083369999999992,-0.256451,-0.26487500000000014
297,-0.29109800000000013,0.07701899999999995,-0.4033679999999999,-0.3691360000000001,-0.12086400000000003,-0.3261110000000001,-0.170245,0.48248900000000017,-0.19270900000000002,-0.28518500000000013,-0.24034900000000003,-0.211744,-0.05685200000000002,-0.212418,-0.11012499999999999,-0.323708,0.0,-0.028213000000000033,-0.28228400000000003,-0.3077940000000001,-0.2579160000000001,0.052988,-1.0984739999999993,-0.258017,-0.2661790000000001
298,-0.2702170000000001,0.030509999999999933,-0.3639959999999999,-0.32631600000000005,-0.13316900000000004,-0.2890350000000001,-0.141545,0.37658500000000017,-0.16399700000000003,-0.2647200000000001,-0.22801300000000002,-0.211484,-0.08166000000000002,-0.212418,-0.11012499999999999,-0.27755,0.0,-0.06982800000000003,-0.26352500000000006,-0.3077940000000001,-0.24315400000000012,0.0026359999999999916,-0.9264569999999992,-0.246138,-0.2513940000000001
299,-0.10815500000000008,-0.12008900000000008,-0.1273639999999999,-0.07111500000000001,-0.17656100000000002,-0.06552500000000007,0.001926,-0.17601199999999992,-0.020465999999999998,-0.10519400000000009,-0.10564700000000003,-0.133861,-0.16914100000000004,-0.212418,-0.11012499999999999,-0.010260000000000003,0.0,-0.216572,-0.11088300000000004,-0.3077940000000001,-0.1083650000000001,-0.25362500000000004,-0.2431269999999993,-0.119164,-0.11592300000000011
300,-0.11872900000000008,-0.14558500000000008,-0.1306189999999999,-0.07420600000000001,-0.18191300000000002,-0.07038400000000007,-0.001681,-0.1540469999999999,-0.024074999999999996,-0.1159720000000001,-0.11863500000000003,-0.148273,-0.17993100000000004,-0.212418,-0.11012499999999999,-0.011967000000000004,0.0,-0.234674,-0.12211400000000004,-0.3077940000000001,-0.1206820000000001,-0.26278300000000004,-0.15436599999999928,-0.132352,-0.12820400000000012
301,-0.2771550000000001,-0.17417400000000008,-0.30184499999999986,-0.25664900000000007,-0.18202000000000002,-0.2394300000000001,-0.106158,0.2881210000000002,-0.12859500000000001,-0.2735360000000001,-0.26271800000000006,-0.273924,-0.18014600000000003,-0.212418,-0.11012499999999999,-0.194961,0.0,-0.235034,-0.27760100000000004,-0.3077940000000001,-0.26992100000000013,-0.12853200000000004,-0.1890369999999993,-0.281779,-0.2776960000000001
302,-0.35193000000000013,-0.1892040000000001,-0.3812909999999999,-0.34130200000000005,-0.18202000000000002,-0.3182870000000001,-0.165,0.5370360000000002,-0.18746200000000002,-0.3482540000000001,-0.33166400000000007,-0.329347,-0.18014800000000003,-0.212418,-0.11012499999999999,-0.280067,0.0,-0.235037,-0.35116900000000006,-0.3077940000000001,-0.3407010000000001,-0.052434000000000015,-0.18283799999999928,-0.351708,-0.3480100000000001
303,-0.3447830000000001,-0.1897790000000001,-0.37180999999999986,-0.33120000000000005,-0.18202000000000002,-0.3067720000000001,-0.170657,0.5609350000000002,-0.19312100000000001,-0.3415370000000001,-0.32629600000000003,-0.319592,-0.18014800000000003,-0.212418,-0.11012499999999999,-0.270993,0.0,-0.235037,-0.34437900000000005,-0.3077940000000001,-0.33441500000000013,-0.045115000000000016,-0.15474399999999927,-0.344963,-0.3409010000000001
304,-0.33022800000000013,-0.18843200000000007,-0.3539719999999999,-0.3121920000000001,-0.18202000000000002,-0.2873750000000001,-0.170917,0.5620260000000002,-0.19338100000000003,-0.3274490000000001,-0.31431300000000006,-0.304387,-0.18014800000000003,-0.212418,-0.11012499999999999,-0.25579,0.0,-0.235037,-0.33035500000000007,-0.3077940000000001,-0.3212950000000001,-0.04477700000000001,-0.12314999999999926,-0.331348,-0.3269410000000001
305,-0.30145300000000014,-0.1852300000000001,-0.3184259999999999,-0.27431600000000006,-0.18202000000000002,-0.2560070000000001,-0.170929,0.5620730000000003,-0.19339300000000004,-0.29959400000000014,-0.29071700000000006,-0.274712,-0.18014800000000003,-0.212418,-0.11012499999999999,-0.227951,0.0,-0.235037,-0.30266000000000004,-0.3077940000000001,-0.2955120000000001,-0.04464600000000001,-0.06381299999999926,-0.303089,-0.2999010000000001
306,-0.2579450000000001,-0.1783460000000001,-0.2648409999999999,-0.21722000000000002,-0.18201800000000004,-0.21027200000000007,-0.17093,0.5620760000000002,-0.19339400000000004,-0.2574700000000001,-0.25497300000000006,-0.229769,-0.18015200000000003,-0.212418,-0.11012499999999999,-0.188669,0.0,-0.235037,-0.26077100000000003,-0.3077940000000001,-0.2565400000000001,-0.040687000000000015,0.018960000000000737,-0.25998,-0.25903700000000013
307,-0.21179800000000007,-0.15382200000000007,-0.2149859999999999,-0.16411000000000003,-0.18199400000000002,-0.1547910000000001,-0.17093,0.5620760000000002,-0.19339400000000004,-0.2125220000000001,-0.21423000000000003,-0.17854,-0.18020200000000003,-0.212418,-0.11012499999999999,-0.150042,0.0,-0.235037,-0.21564800000000006,-0.3077940000000001,-0.2132500000000001,0.006769999999999992,0.03811300000000074,-0.214394,-0.21271000000000012
308,-0.10758800000000009,-0.07881100000000009,-0.12067699999999991,-0.06366600000000001,-0.18190400000000004,-0.013845000000000053,-0.17093,0.5620750000000002,-0.19339400000000004,-0.1103170000000001,-0.11481100000000002,-0.053535000000000006,-0.18038300000000002,-0.212418,-0.11012499999999999,-0.028931000000000002,0.0,-0.235037,-0.11186800000000004,-0.3077940000000001,-0.1096230000000001,0.18454200000000004,-0.09260399999999927,-0.111277,-0.10088300000000011
309,-0.04176500000000008,-0.026306000000000072,-0.0649789999999999,-0.004337000000000001,-0.18186300000000002,0.07718699999999996,-0.17093,0.5620680000000002,-0.19339400000000004,-0.0456100000000001,-0.05044400000000004,0.027398999999999993,-0.18046500000000001,-0.212418,-0.11012499999999999,0.053106999999999994,0.0,-0.235037,-0.04591900000000004,-0.3077940000000001,-0.0429600000000001,0.31342200000000003,-0.20895199999999928,-0.045833,-0.02879100000000011
310,-0.023987000000000088,0.004100999999999932,-0.055365999999999894,0.005938000000000001,-0.18192600000000003,0.10138299999999996,-0.17093,0.5620430000000002,-0.19339400000000004,-0.027922000000000103,-0.030857000000000034,0.052025999999999996,-0.18033900000000003,-0.212418,-0.11012499999999999,0.068033,0.0,-0.235037,-0.027573000000000042,-0.3077940000000001,-0.023555000000000104,0.3866800000000001,-0.2798049999999993,-0.027058,-0.007334000000000111
311,-0.016508000000000085,0.026872999999999935,-0.05452499999999989,0.0068720000000000005,-0.18199800000000002,0.11119799999999996,-0.17093,0.5620170000000002,-0.19339400000000004,-0.020355000000000106,-0.021317000000000034,0.06402199999999998,-0.18019400000000002,-0.212418,-0.11012499999999999,0.069374,0.0,-0.235037,-0.01954000000000004,-0.3077940000000001,-0.014578000000000103,0.44086500000000006,-0.33254099999999925,-0.018481,0.0028639999999998888
312,-0.6094270000000002,-0.15626700000000007,-0.7195919999999999,-0.7020490000000001,-0.17821500000000004,-0.6927930000000001,0.04525,-1.5823640000000003,0.02287600000000001,-0.5901030000000002,-0.525898,-0.685288,-0.17247700000000002,-0.212418,-0.11012499999999999,-0.642709,0.0,-0.222168,-0.596083,-0.3077940000000001,-0.5682200000000001,-0.31645500000000004,-1.8279289999999992,-0.604653,-0.6030530000000001
313,-0.6009190000000001,-0.15599100000000007,-0.7094539999999999,-0.6912420000000001,-0.17826000000000003,-0.6821550000000001,0.044953,-1.5512770000000002,0.02257800000000001,-0.5818650000000001,-0.518787,-0.676188,-0.17256700000000003,-0.212418,-0.11012499999999999,-0.631857,0.0,-0.22232,-0.587855,-0.3077940000000001,-0.5604460000000001,-0.31622400000000006,-1.7845449999999994,-0.59647,-0.5948360000000001
314,-0.4644390000000001,-0.15203200000000008,-0.5467039999999999,-0.5176480000000001,-0.18076600000000004,-0.5117250000000001,0.041285,-1.0580110000000003,0.01890900000000001,-0.4496940000000001,-0.40478200000000003,-0.530893,-0.17761900000000003,-0.212418,-0.11012499999999999,-0.457074,0.0,-0.230795,-0.45590200000000003,-0.3077940000000001,-0.43585400000000013,-0.31678000000000006,-1.0875889999999993,-0.465302,-0.4631960000000001
315,-0.4051320000000001,-0.1503440000000001,-0.47597499999999987,-0.44219600000000003,-0.18198100000000003,-0.4376810000000001,0.039768,-0.844047,0.01739200000000001,-0.39225900000000014,-0.35524600000000006,-0.467803,-0.18006900000000003,-0.212418,-0.11012499999999999,-0.381074,0.0,-0.234903,-0.39856400000000003,-0.3077940000000001,-0.3817210000000001,-0.3173210000000001,-0.7846649999999992,-0.40831,-0.4060040000000001
316,-0.40357700000000013,-0.1502870000000001,-0.4741229999999999,-0.44022200000000006,-0.18199100000000004,-0.4357370000000001,0.039708,-0.838358,0.01733200000000001,-0.39075300000000013,-0.35394500000000007,-0.466136,-0.18008800000000003,-0.212418,-0.11012499999999999,-0.379091,0.0,-0.234936,-0.3970600000000001,-0.3077940000000001,-0.3802990000000001,-0.31727400000000006,-0.7767819999999992,-0.406813,-0.4045010000000001
317,-0.4032290000000001,-0.1495990000000001,-0.4738839999999999,-0.44007500000000005,-0.18046000000000004,-0.4351700000000001,0.038536,-0.832347,0.01615900000000001,-0.3904300000000001,-0.35357400000000005,-0.465047,-0.17700100000000002,-0.212418,-0.11012499999999999,-0.379343,0.0,-0.229758,-0.39669200000000004,-0.3077940000000001,-0.3798670000000001,-0.31332000000000004,-0.7775339999999992,-0.406353,-0.4039910000000001
318,-0.3905580000000001,-0.12134000000000009,-0.46606199999999987,-0.43626100000000007,-0.11631500000000003,-0.41382600000000014,-0.009615,-0.592647,-0.032011,-0.37874200000000013,-0.33964400000000006,-0.421946,-0.04768100000000002,-0.212418,-0.11012499999999999,-0.392225,0.0,-0.01282900000000004,-0.38317300000000004,-0.3077940000000001,-0.3635490000000001,-0.14894600000000002,-0.8161159999999992,-0.389022,-0.38454100000000013
319,-0.3510260000000001,-0.033734000000000076,-0.4415219999999999,-0.4242020000000001,0.08361899999999997,-0.3472240000000001,-0.159019,0.14981300000000014,-0.18147900000000003,-0.3422540000000001,-0.2962080000000001,-0.287945,0.35540400000000005,-0.212418,-0.11012499999999999,-0.432205,0.0,0.6633269999999999,-0.34100500000000006,-0.3077940000000001,-0.3126820000000001,0.36252300000000004,-0.9351259999999992,-0.335068,-0.3239490000000001
320,-0.3472530000000001,-0.027231000000000075,-0.4386819999999999,-0.42232700000000006,0.09995299999999997,-0.3409880000000001,-0.170643,0.20717300000000013,-0.19310700000000003,-0.3387350000000001,-0.29225700000000004,-0.2768,0.38833400000000007,-0.212418,-0.11012499999999999,-0.434579,0.0,0.7185649999999999,-0.33705000000000007,-0.3077940000000001,-0.3080790000000001,0.40355900000000006,-0.9415119999999992,-0.330264,-0.3185540000000001
321,-0.34158100000000013,-0.029449000000000072,-0.4312779999999999,-0.41430600000000006,0.09808399999999998,-0.3337830000000001,-0.167951,0.19984600000000013,-0.19041400000000003,-0.3331940000000001,-0.28772500000000006,-0.272533,0.3845660000000001,-0.212418,-0.11012499999999999,-0.426046,0.0,0.7122449999999999,-0.33163600000000004,-0.3077940000000001,-0.3031430000000001,0.39713500000000007,-0.9233559999999992,-0.325268,-0.3134810000000001
322,-0.21971200000000007,-0.07398200000000009,-0.2740049999999999,-0.23878800000000003,-0.014512000000000027,-0.1921160000000001,-0.082457,-0.019605999999999898,-0.104884,-0.21390600000000012,-0.19111600000000004,-0.196488,0.15756200000000004,-0.212418,-0.11012499999999999,-0.220659,0.0,0.3314569999999999,-0.21588800000000005,-0.3077940000000001,-0.19977600000000012,0.107458,-0.5856429999999992,-0.217539,-0.2087270000000001
323,-0.05799500000000008,-0.13185000000000008,-0.0658049999999999,-0.005758000000000001,-0.17318300000000003,-0.006070000000000052,0.03419,-0.31642699999999996,0.01181100000000001,-0.055583000000000105,-0.06292100000000003,-0.09728100000000002,-0.16233200000000003,-0.212418,-0.11012499999999999,0.054418999999999995,0.0,-0.205151,-0.06234100000000004,-0.3077940000000001,-0.06288200000000009,-0.29607000000000006,-0.1475489999999993,-0.074394,-0.07019000000000011
324,-0.050998000000000085,-0.13502000000000008,-0.056530999999999894,0.0047290000000000006,-0.18176600000000004,0.002031999999999949,0.039329,-0.3275199999999999,0.01695200000000001,-0.048757000000000106,-0.057540000000000036,-0.09324700000000001,-0.17963500000000002,-0.212418,-0.11012499999999999,0.067173,0.0,-0.234176,-0.055744000000000044,-0.3077940000000001,-0.0571010000000001,-0.31641900000000006,-0.12568799999999927,-0.068263,-0.0643270000000001
325,-0.07204000000000009,-0.1391330000000001,-0.07903299999999991,-0.019231000000000005,-0.18201200000000003,-0.020078000000000054,0.02397,-0.26100699999999993,0.0015870000000000088,-0.0697420000000001,-0.07684300000000002,-0.10935600000000001,-0.18013100000000004,-0.212418,-0.11012499999999999,0.04320299999999999,0.0,-0.235008,-0.07642900000000004,-0.3077940000000001,-0.0769910000000001,-0.29694200000000004,-0.12785599999999928,-0.088062,-0.08414600000000011
326,-0.23844700000000008,-0.17073900000000009,-0.25732699999999986,-0.20921200000000004,-0.18202000000000002,-0.19396900000000009,-0.097683,0.25583500000000015,-0.120117,-0.2356740000000001,-0.22929400000000003,-0.236401,-0.18014800000000003,-0.212418,-0.11012499999999999,-0.147402,0.0,-0.235036,-0.23995800000000006,-0.3077940000000001,-0.2341170000000001,-0.13954100000000003,-0.14172199999999927,-0.24476,-0.24065300000000012
327,-0.3236720000000001,-0.18797000000000008,-0.3477499999999999,-0.30556300000000003,-0.18202000000000002,-0.2789560000000001,-0.165625,0.5407390000000002,-0.18808700000000003,-0.3208660000000001,-0.30796200000000007,-0.299213,-0.18014800000000003,-0.212418,-0.11012499999999999,-0.244267,0.0,-0.235037,-0.32382400000000006,-0.3077940000000001,-0.3147990000000001,-0.05162600000000001,-0.13324999999999929,-0.325406,-0.3204660000000001
328,-0.3128610000000001,-0.1883120000000001,-0.3341189999999999,-0.2910380000000001,-0.18202000000000002,-0.2640880000000001,-0.170501,0.5604180000000002,-0.19296500000000003,-0.3105620000000001,-0.29940500000000003,-0.285864,-0.18014800000000003,-0.212418,-0.11012499999999999,-0.230317,0.0,-0.235037,-0.3134640000000001,-0.3077940000000001,-0.3051020000000001,-0.04531200000000001,-0.10597399999999926,-0.314944,-0.3098900000000001
329,-0.2776480000000001,-0.1864030000000001,-0.2921809999999999,-0.24635100000000001,-0.18202000000000002,-0.2259160000000001,-0.170904,0.5619770000000002,-0.19336800000000004,-0.2764270000000001,-0.26991200000000004,-0.248566,-0.18014800000000003,-0.212418,-0.11012499999999999,-0.187165,0.0,-0.235037,-0.27940300000000007,-0.3077940000000001,-0.2729410000000001,-0.04451300000000001,-0.05176999999999926,-0.279981,-0.2763190000000001
330,-0.2510840000000001,-0.18158800000000008,-0.26115699999999986,-0.21329400000000004,-0.18202000000000002,-0.1976160000000001,-0.170929,0.5620730000000003,-0.19339300000000004,-0.2506440000000001,-0.24740400000000004,-0.220252,-0.18014800000000003,-0.212418,-0.11012499999999999,-0.158074,0.0,-0.235037,-0.25365100000000007,-0.3077940000000001,-0.2485720000000001,-0.037515000000000014,-0.016481999999999265,-0.253419,-0.2507900000000001
331,-0.18901500000000007,-0.13957200000000008,-0.2003599999999999,-0.14851100000000003,-0.18202000000000002,-0.11815200000000006,-0.17093,0.5620750000000002,-0.19339400000000004,-0.1899450000000001,-0.19006400000000004,-0.148155,-0.18014900000000003,-0.212418,-0.11012499999999999,-0.098372,0.0,-0.235037,-0.19232000000000005,-0.3077940000000001,-0.1884100000000001,0.05435,-0.04957799999999926,-0.191937,-0.18601000000000012
332,-0.06076500000000008,-0.046139000000000076,-0.0808469999999999,-0.021164000000000002,-0.18201900000000001,0.05202199999999996,-0.17093,0.5620550000000002,-0.19339400000000004,-0.0642910000000001,-0.06910800000000003,0.003930999999999991,-0.18015000000000003,-0.212418,-0.11012499999999999,0.03622499999999999,0.0,-0.235037,-0.06496300000000005,-0.3077940000000001,-0.0621370000000001,0.26784500000000006,-0.1771289999999993,-0.064995,-0.04970000000000011
333,-0.031065000000000086,-0.020544000000000073,-0.055145999999999896,0.006222000000000001,-0.18201900000000001,0.09200699999999996,-0.17093,0.5619110000000003,-0.19339400000000004,-0.035115000000000104,-0.04029500000000003,0.04015899999999999,-0.18015100000000003,-0.212418,-0.11012499999999999,0.067992,0.0,-0.235037,-0.03527100000000004,-0.3077940000000001,-0.03232100000000011,0.32803800000000005,-0.2226459999999993,-0.03535,-0.017399000000000112
334,-0.022484000000000087,0.002326999999999932,-0.0530649999999999,0.008439000000000002,-0.18202000000000002,0.10330599999999995,-0.17093,0.5612280000000002,-0.19339400000000004,-0.026474000000000105,-0.029796000000000034,0.05335999999999999,-0.18015000000000003,-0.212418,-0.11012499999999999,0.070891,0.0,-0.235037,-0.026165000000000042,-0.3077940000000001,-0.022304000000000105,0.38258900000000007,-0.27465299999999926,-0.025742,-0.006119000000000111
335,-0.012662000000000085,0.034515999999999936,-0.0526569999999999,0.008874000000000002,-0.18202000000000002,0.11601299999999996,-0.17093,0.5601860000000002,-0.19339400000000004,-0.016507000000000105,-0.016977000000000034,0.06947899999999999,-0.18014900000000003,-0.212418,-0.11012499999999999,0.071395,0.0,-0.235037,-0.015548000000000043,-0.3077940000000001,-0.010330000000000103,0.45925000000000005,-0.34821999999999925,-0.014334,0.007505999999999889
336,-0.5184850000000001,-0.09991500000000009,-0.6410909999999999,-0.6181450000000001,-0.18186200000000002,-0.6162030000000001,0.156159,-1.9340410000000001,0.13383100000000003,-0.4964960000000001,-0.43213300000000004,-0.626323,-0.17983000000000002,-0.212415,-0.11012499999999999,-0.557596,0.0,-0.234508,-0.504455,-0.3077940000000001,-0.4746800000000001,-0.4345300000000001,-1.8076569999999994,-0.519521,-0.5192790000000002
337,-0.5083480000000001,-0.10443200000000008,-0.6263419999999998,-0.6024280000000001,-0.18187500000000004,-0.6002740000000001,0.14597,-1.8379330000000003,0.12363800000000003,-0.4871650000000001,-0.42524000000000006,-0.612242,-0.17985400000000004,-0.212416,-0.11012499999999999,-0.541828,0.0,-0.234549,-0.49498200000000003,-0.3077940000000001,-0.46635900000000013,-0.42429700000000004,-1.7164929999999994,-0.509593,-0.5091630000000001
338,-0.42156700000000014,-0.1431020000000001,-0.5000849999999999,-0.4678860000000001,-0.18199500000000002,-0.4639200000000001,0.058777,-1.0153700000000003,0.03640900000000001,-0.4072890000000001,-0.3662250000000001,-0.491709,-0.18009600000000003,-0.212417,-0.11012499999999999,-0.406839,0.0,-0.234951,-0.41388700000000006,-0.3077940000000001,-0.3951240000000001,-0.33674800000000005,-0.9361779999999992,-0.424599,-0.4225660000000001
339,-0.4038890000000001,-0.1509530000000001,-0.4743799999999999,-0.44049400000000005,-0.18201900000000001,-0.4361620000000001,0.041071,-0.848217,0.01869500000000001,-0.3910150000000001,-0.35419500000000004,-0.467174,-0.18014600000000003,-0.212418,-0.11012499999999999,-0.379357,0.0,-0.235033,-0.3973650000000001,-0.3077940000000001,-0.3806080000000001,-0.31897000000000003,-0.7775679999999993,-0.407286,-0.4049280000000001
340,-0.40335300000000013,-0.15110800000000008,-0.4736439999999999,-0.43971200000000005,-0.18199200000000001,-0.4353680000000001,0.040669,-0.844206,0.01829300000000001,-0.3905140000000001,-0.35380400000000006,-0.466469,-0.18009000000000003,-0.212418,-0.11012499999999999,-0.378579,0.0,-0.234939,-0.3968590000000001,-0.3077940000000001,-0.3801510000000001,-0.31851700000000005,-0.7737379999999993,-0.406763,-0.4043950000000001
341,-0.4027650000000001,-0.15066400000000008,-0.4730489999999999,-0.4391860000000001,-0.18045300000000003,-0.4344560000000001,0.039706,-0.838892,0.01732900000000001,-0.3899550000000001,-0.35325300000000004,-0.465264,-0.17698900000000004,-0.212418,-0.11012499999999999,-0.378452,0.0,-0.229737,-0.39626600000000006,-0.3077940000000001,-0.3795190000000001,-0.3148250000000001,-0.7731629999999993,-0.406119,-0.4036820000000001
342,-0.39406400000000014,-0.1319750000000001,-0.4672119999999999,-0.4376860000000001,-0.11348100000000003,-0.4158110000000001,-0.001918,-0.644552,-0.024311999999999997,-0.38199100000000014,-0.34339400000000003,-0.430751,-0.04196700000000002,-0.212418,-0.11012499999999999,-0.394392,0.0,-0.0032440000000000416,-0.3867920000000001,-0.3077940000000001,-0.3674380000000001,-0.15439600000000003,-0.7953139999999992,-0.394307,-0.3889710000000001
343,-0.36328700000000014,-0.06268200000000008,-0.4473389999999999,-0.4340510000000001,0.13541599999999998,-0.3484370000000001,-0.156531,0.07076300000000012,-0.17898900000000004,-0.35390500000000014,-0.30807700000000005,-0.30419,0.45983100000000005,-0.212418,-0.11012499999999999,-0.455577,0.0,0.8384999999999998,-0.3530940000000001,-0.3077940000000001,-0.32397900000000013,0.44172400000000006,-0.8814459999999992,-0.351924,-0.3358170000000001
344,-0.35482000000000014,-0.056276000000000076,-0.4387759999999999,-0.42654300000000006,0.15835199999999997,-0.33519900000000014,-0.170584,0.13853100000000013,-0.19304800000000003,-0.34585100000000013,-0.30010500000000007,-0.2867,0.5060710000000002,-0.212418,-0.11012499999999999,-0.454019,0.0,0.9160639999999998,-0.34454200000000007,-0.3077940000000001,-0.31482900000000014,0.49640300000000004,-0.8734389999999992,-0.342653,-0.32551400000000014
345,-0.3395720000000001,-0.05688100000000008,-0.4203939999999999,-0.4067410000000001,0.15529099999999998,-0.3165570000000001,-0.168298,0.14005700000000013,-0.19076100000000001,-0.33103100000000013,-0.28743500000000005,-0.271984,0.49990000000000007,-0.212418,-0.11012499999999999,-0.433359,0.0,0.9057119999999997,-0.32983900000000005,-0.3077940000000001,-0.3010710000000001,0.48857500000000004,-0.8322929999999992,-0.32825,-0.3111450000000001
346,-0.24045000000000008,-0.08013500000000008,-0.2963069999999999,-0.2673980000000001,0.05424999999999997,-0.2054110000000001,-0.105308,0.0034660000000001027,-0.12774500000000003,-0.2341550000000001,-0.20791100000000004,-0.205463,0.29619300000000004,-0.212418,-0.11012499999999999,-0.267268,0.0,0.5640029999999999,-0.23546400000000006,-0.3077940000000001,-0.2163920000000001,0.24628800000000003,-0.5865859999999993,-0.238293,-0.2250520000000001
347,-0.06811700000000008,-0.12893700000000008,-0.0785809999999999,-0.020526000000000003,-0.15680600000000003,-0.016563000000000057,0.025151,-0.2965519999999999,0.002768000000000009,-0.0654940000000001,-0.07088600000000003,-0.10249300000000001,-0.12931300000000004,-0.212418,-0.11012499999999999,0.035338999999999995,0.0,-0.14976400000000004,-0.07190700000000004,-0.3077940000000001,-0.07123700000000009,-0.25836200000000004,-0.17046199999999928,-0.083482,-0.07855400000000011
348,-0.04819100000000008,-0.13443700000000008,-0.053438999999999896,0.007957000000000002,-0.18082600000000001,0.00531899999999995,0.039918,-0.32970499999999997,0.01754100000000001,-0.04599700000000011,-0.055028000000000035,-0.09040000000000001,-0.17774100000000004,-0.212418,-0.11012499999999999,0.070167,0.0,-0.230999,-0.05298900000000004,-0.3077940000000001,-0.0544280000000001,-0.31569200000000003,-0.12498799999999927,-0.065552,-0.06157200000000011
349,-0.03797700000000008,-0.13445100000000007,-0.041134999999999894,0.021147000000000003,-0.18195100000000003,0.01810899999999995,0.039657,-0.31845299999999993,0.01728100000000001,-0.03611700000000011,-0.046576000000000034,-0.07963500000000001,-0.18000800000000003,-0.212418,-0.11012499999999999,0.083691,0.0,-0.234802,-0.04313700000000004,-0.3077940000000001,-0.0451670000000001,-0.31714500000000007,-0.11255299999999926,-0.055773,-0.05179100000000011
350,-0.024789000000000085,-0.13744900000000007,-0.022730999999999897,0.04076200000000001,-0.18201500000000004,0.03960699999999996,0.021433,-0.21170599999999992,-0.0009509999999999916,-0.024000000000000105,-0.03735900000000004,-0.058362000000000004,-0.18013700000000002,-0.212418,-0.11012499999999999,0.103381,0.0,-0.235018,-0.03073300000000004,-0.3077940000000001,-0.0337590000000001,-0.29366500000000006,-0.07608499999999926,-0.042691,-0.038448000000000114
351,-0.1280630000000001,-0.1617020000000001,-0.1297589999999999,-0.07328200000000001,-0.18202000000000002,-0.05974900000000005,-0.077762,0.20207700000000015,-0.100187,-0.1278570000000001,-0.13440200000000002,-0.127673,-0.18014800000000003,-0.212418,-0.11012499999999999,-0.011033000000000003,0.0,-0.235036,-0.13269200000000006,-0.3077940000000001,-0.1321470000000001,-0.16531700000000002,-0.048568999999999266,-0.139791,-0.1346470000000001
352,-0.18721600000000008,-0.18033700000000008,-0.1873589999999999,-0.13465800000000003,-0.18202000000000002,-0.11169500000000007,-0.15879,0.5156830000000002,-0.18124900000000002,-0.1882420000000001,-0.19246900000000003,-0.157629,-0.18014800000000003,-0.212418,-0.11012499999999999,-0.072667,0.0,-0.235037,-0.19157400000000005,-0.3077940000000001,-0.1894130000000001,-0.060414000000000016,0.006581000000000735,-0.194467,-0.18903800000000012
353,-0.1889210000000001,-0.1822340000000001,-0.18774199999999988,-0.13506600000000002,-0.18202000000000002,-0.11553800000000007,-0.170388,0.5600130000000002,-0.19285200000000002,-0.1903190000000001,-0.19503500000000001,-0.154692,-0.18014800000000003,-0.212418,-0.11012499999999999,-0.073265,0.0,-0.235037,-0.19344100000000006,-0.3077940000000001,-0.19139700000000012,-0.04424900000000001,0.03165000000000073,-0.194774,-0.1905490000000001
354,-0.20561500000000008,-0.1767080000000001,-0.2095619999999999,-0.15831600000000004,-0.18202000000000002,-0.1389160000000001,-0.170916,0.5620250000000002,-0.19338000000000002,-0.2064500000000001,-0.20826100000000003,-0.171041,-0.18014800000000003,-0.212418,-0.11012499999999999,-0.097141,0.0,-0.235037,-0.20940300000000006,-0.3077940000000001,-0.20618100000000011,-0.028327000000000012,0.007192000000000734,-0.209807,-0.20601700000000012
355,-0.1288400000000001,-0.11825000000000008,-0.13789299999999988,-0.08194900000000001,-0.18202000000000002,-0.03918500000000005,-0.170929,0.5620590000000002,-0.19339300000000004,-0.1312340000000001,-0.13590400000000002,-0.08005600000000002,-0.18014800000000003,-0.212418,-0.11012499999999999,-0.021212000000000005,0.0,-0.235037,-0.13318300000000005,-0.3077940000000001,-0.13072000000000011,0.103516,-0.06243999999999927,-0.133393,-0.1245500000000001
356,-0.011959000000000084,-0.03238400000000008,-0.028102999999999895,0.03503800000000001,-0.18202000000000002,0.11446399999999995,-0.17093,0.5617310000000002,-0.19339400000000004,-0.016751000000000103,-0.026022000000000035,0.05810499999999999,-0.18014800000000003,-0.212418,-0.11012499999999999,0.097068,0.0,-0.235037,-0.01721000000000004,-0.3077940000000001,-0.015973000000000105,0.29755100000000007,-0.16818799999999928,-0.017577,-0.000694000000000111
357,-0.0029970000000000855,-0.01531100000000007,-0.023524999999999897,0.03991700000000001,-0.18202000000000002,0.12698499999999996,-0.17093,0.5592060000000002,-0.19339400000000004,-0.007808000000000102,-0.016017000000000035,0.07068599999999998,-0.18014800000000003,-0.212418,-0.11012499999999999,0.102449,0.0,-0.235037,-0.007934000000000043,-0.3077940000000001,-0.006133000000000103,0.33839700000000006,-0.20580599999999927,-0.008186,0.01018399999999989
358,0.0020739999999999145,0.005231999999999932,-0.024991999999999896,0.038353000000000005,-0.18202000000000002,0.13308399999999998,-0.17093,0.5467540000000002,-0.19339400000000004,-0.0025150000000001022,-0.008611000000000035,0.07999699999999998,-0.18014800000000003,-0.212418,-0.11012499999999999,0.100959,0.0,-0.235037,-0.0022660000000000423,-0.3077940000000001,0.0005779999999998975,0.39005600000000007,-0.2560429999999993,-0.002159,0.017413999999999888
359,0.015926999999999913,0.036367999999999935,-0.019811999999999896,0.04387300000000001,-0.18202000000000002,0.14980899999999997,-0.17093,0.5272110000000002,-0.19339400000000004,0.011488999999999897,0.007761999999999966,0.10058499999999998,-0.18014800000000003,-0.212418,-0.11012499999999999,0.106504,0.0,-0.235037,0.012286999999999956,-0.3077940000000001,0.016376999999999895,0.46776700000000004,-0.3250409999999993,0.012899,0.03424999999999989
360,-0.17944900000000008,0.11244399999999995,-0.3485749999999999,-0.30648300000000006,-0.18186300000000002,-0.3283180000000001,0.559048,-3.1810210000000003,0.5368880000000001,-0.1477310000000001,-0.08246700000000003,-0.400744,-0.17983100000000002,-0.212196,-0.11012499999999999,-0.244973,0.0,-0.235031,-0.16273500000000005,-0.3077940000000001,-0.1253850000000001,-0.8404710000000001,-1.7294699999999994,-0.201442,-0.20565500000000012
361,-0.19190600000000008,0.09777899999999995,-0.3555319999999999,-0.31389400000000006,-0.18187200000000003,-0.3342730000000001,0.530208,-3.0510070000000002,0.5080350000000001,-0.1612380000000001,-0.09756300000000002,-0.404401,-0.17984900000000004,-0.212208,-0.11012499999999999,-0.252404,0.0,-0.235031,-0.17576100000000006,-0.3077940000000001,-0.1395590000000001,-0.8114340000000001,-1.6762849999999994,-0.212865,-0.2167120000000001
362,-0.3508910000000001,-0.08974400000000009,-0.4441309999999999,-0.40827100000000005,-0.18198400000000003,-0.4100370000000001,0.161399,-1.3877950000000001,0.13907300000000003,-0.3336650000000001,-0.2903510000000001,-0.450836,-0.18007400000000004,-0.212366,-0.11012499999999999,-0.347043,0.0,-0.235036,-0.34202800000000005,-0.3077940000000001,-0.3205320000000001,-0.44012200000000007,-0.9953349999999992,-0.358644,-0.3578070000000001
363,-0.40064100000000014,-0.14963100000000007,-0.4711889999999999,-0.43709400000000004,-0.18201900000000001,-0.4329320000000001,0.043518,-0.854022,0.02114300000000001,-0.3877440000000001,-0.3510750000000001,-0.464551,-0.18014500000000003,-0.212417,-0.11012499999999999,-0.375946,0.0,-0.235035,-0.39414000000000005,-0.3077940000000001,-0.3773990000000001,-0.32144000000000006,-0.7748349999999993,-0.404216,-0.4018760000000001
364,-0.39905800000000013,-0.1509050000000001,-0.4685689999999999,-0.4343040000000001,-0.18199300000000002,-0.43005300000000013,0.04073,-0.835798,0.01835400000000001,-0.3863450000000001,-0.35018600000000005,-0.461952,-0.18009200000000003,-0.212418,-0.11012499999999999,-0.373154,0.0,-0.234944,-0.39270000000000005,-0.3077940000000001,-0.3762100000000001,-0.31858600000000004,-0.7622959999999992,-0.402641,-0.4002520000000001
365,-0.3924370000000001,-0.15025800000000009,-0.4608099999999999,-0.42613300000000004,-0.18061500000000003,-0.4216610000000001,0.039833,-0.818483,0.01745700000000001,-0.3799340000000001,-0.3445730000000001,-0.454418,-0.17731400000000003,-0.212418,-0.11012499999999999,-0.365317,0.0,-0.230283,-0.38627000000000006,-0.3077940000000001,-0.3700600000000001,-0.31524700000000005,-0.7453209999999992,-0.396211,-0.3937290000000001
366,-0.3759980000000001,-0.13504000000000008,-0.4448659999999999,-0.41298500000000005,-0.12609900000000002,-0.3947990000000001,0.006297,-0.645073,-0.016092999999999996,-0.36437000000000014,-0.32871400000000006,-0.416658,-0.06740600000000002,-0.212418,-0.11012499999999999,-0.366329,0.0,-0.045918000000000035,-0.36951000000000006,-0.3077940000000001,-0.3516800000000001,-0.18510500000000002,-0.7370109999999992,-0.377687,-0.37277100000000013
367,-0.3457870000000001,-0.06698100000000008,-0.4252879999999999,-0.40984200000000004,0.12531499999999998,-0.3274760000000001,-0.148345,0.04644400000000011,-0.17079900000000003,-0.3368240000000001,-0.29393500000000006,-0.290758,0.43946500000000005,-0.212418,-0.11012499999999999,-0.428662,0.0,0.8043369999999997,-0.33636600000000005,-0.3077940000000001,-0.3087300000000001,0.41505500000000006,-0.8202959999999992,-0.336063,-0.3201540000000001
368,-0.3268010000000001,-0.056663000000000074,-0.4051099999999999,-0.39086000000000004,0.16104899999999997,-0.29967700000000014,-0.170297,0.15021000000000015,-0.19276100000000002,-0.31865500000000013,-0.27663600000000005,-0.257342,0.5115100000000001,-0.212418,-0.11012499999999999,-0.418929,0.0,0.9251879999999998,-0.31743200000000005,-0.3077940000000001,-0.28915600000000014,0.5003240000000001,-0.7919919999999993,-0.31604,-0.29850500000000013
369,-0.3100440000000001,-0.05602900000000008,-0.38524599999999987,-0.3696650000000001,0.16063799999999998,-0.27893600000000013,-0.170019,0.15965100000000013,-0.19248300000000002,-0.30239700000000014,-0.26255900000000004,-0.23979,0.5106810000000002,-0.212418,-0.11012499999999999,-0.397562,0.0,0.9237979999999998,-0.30121500000000007,-0.3077940000000001,-0.2738180000000001,0.49931100000000006,-0.7473439999999992,-0.29997,-0.28238000000000013
370,-0.2780970000000001,-0.06244800000000007,-0.34552699999999986,-0.32524800000000004,0.13091699999999998,-0.24283600000000008,-0.151727,0.12217400000000012,-0.17418400000000003,-0.2711980000000001,-0.23679500000000003,-0.217116,0.45076000000000005,-0.212418,-0.11012499999999999,-0.345266,0.0,0.8232819999999997,-0.27074600000000004,-0.3077940000000001,-0.2463290000000001,0.42834800000000006,-0.6684459999999992,-0.270775,-0.25432900000000014
371,-0.12693700000000008,-0.10856500000000008,-0.1537809999999999,-0.10681000000000002,-0.06947400000000002,-0.07914100000000007,-0.028505,-0.1667059999999999,-0.05091,-0.12316200000000009,-0.11711200000000002,-0.132106,0.04675599999999999,-0.212418,-0.11012499999999999,-0.073958,0.0,0.1455839999999999,-0.12750300000000006,-0.3077940000000001,-0.1198790000000001,-0.04996700000000001,-0.31127899999999925,-0.135616,-0.12716900000000012
372,-0.042951000000000086,-0.13187800000000008,-0.047804999999999896,0.013346000000000002,-0.17210800000000004,0.01284299999999995,0.034599,-0.30803299999999995,0.01222100000000001,-0.0409740000000001,-0.05029100000000004,-0.08161900000000001,-0.16016300000000003,-0.212418,-0.11012499999999999,0.073302,0.0,-0.201513,-0.047780000000000045,-0.3077940000000001,-0.0490940000000001,-0.29493700000000006,-0.1272849999999993,-0.060084,-0.05570500000000011
373,0.0033719999999999146,-0.13215000000000007,0.007605000000000102,0.07302300000000002,-0.18112700000000004,0.06925999999999996,0.040041,-0.28746299999999997,0.01766500000000001,0.004020999999999898,-0.011674000000000035,-0.03595500000000001,-0.17834800000000003,-0.212418,-0.11012499999999999,0.135513,0.0,-0.232017,-0.0030740000000000424,-0.3077940000000001,-0.0071700000000001025,-0.31633100000000003,-0.07321899999999927,-0.016038,-0.011849000000000111
374,0.04374699999999992,-0.13099200000000008,0.055812000000000105,0.12445000000000002,-0.18195700000000004,0.11997599999999996,0.038081,-0.2455799999999999,0.01570400000000001,0.0431019999999999,0.022002999999999967,0.007430999999999991,-0.18002000000000004,-0.212418,-0.11012499999999999,0.187314,0.0,-0.234823,0.03595299999999996,-0.3077940000000001,0.029708999999999895,-0.31511500000000003,-0.029383999999999265,0.022753,0.02711599999999989
375,0.050530999999999916,-0.1382760000000001,0.0697490000000001,0.13930500000000004,-0.18201800000000004,0.13986699999999996,-0.000488,-0.08913999999999991,-0.022880999999999995,0.04825299999999989,0.023746999999999966,0.030117999999999992,-0.18014300000000003,-0.212418,-0.11012499999999999,0.20223,0.0,-0.235028,0.04175299999999996,-0.3077940000000001,0.034489999999999896,-0.26530200000000004,0.027657000000000737,0.030022,0.03501399999999989
376,0.04300699999999991,-0.1648380000000001,0.0812910000000001,0.15160300000000002,-0.18202000000000002,0.17001199999999997,-0.134283,0.42256900000000014,-0.15673200000000004,0.0359969999999999,0.0037049999999999657,0.07601099999999998,-0.18014800000000003,-0.212418,-0.11012499999999999,0.214566,0.0,-0.235037,0.031809999999999956,-0.3077940000000001,0.022619999999999897,-0.09202400000000002,0.19529100000000071,0.025487,0.03245199999999989
377,0.02550699999999991,-0.17097400000000007,0.0653440000000001,0.13461100000000004,-0.18202000000000002,0.15749299999999997,-0.168738,0.5538460000000002,-0.19120100000000004,0.017763999999999894,-0.014342000000000035,0.07162699999999998,-0.18014800000000003,-0.212418,-0.11012499999999999,0.197516,0.0,-0.235037,0.014231999999999956,-0.3077940000000001,0.005421999999999897,-0.043954000000000014,0.22182400000000072,0.009669,0.01690199999999989
378,0.0035529999999999147,-0.15016700000000008,0.031854000000000104,0.09892600000000001,-0.18202000000000002,0.12963299999999997,-0.170809,0.5616500000000002,-0.19327300000000003,-0.0033070000000001024,-0.029846000000000036,0.05323399999999999,-0.18014800000000003,-0.212418,-0.11012499999999999,0.161696,0.0,-0.235037,-0.0062930000000000425,-0.3077940000000001,-0.012728000000000102,0.012269999999999993,0.15050700000000072,-0.00965,-0.001389000000000111
379,0.07656199999999992,-0.05245000000000007,0.0850410000000001,0.15559900000000002,-0.18202000000000002,0.22333199999999997,-0.170925,0.5619860000000002,-0.19338900000000003,0.0687939999999999,0.045028999999999965,0.14744,-0.18014800000000003,-0.212418,-0.11012499999999999,0.218529,0.0,-0.235037,0.06766499999999996,-0.3077940000000001,0.0629839999999999,0.23958900000000002,-0.017685999999999265,0.066076,0.08154899999999989
380,0.11773199999999992,-0.00798300000000007,0.11873700000000009,0.19150400000000004,-0.18202000000000002,0.2767,-0.170929,0.5606880000000002,-0.19339400000000004,0.1093199999999999,0.08576299999999998,0.19866,-0.18014800000000003,-0.212418,-0.11012499999999999,0.254576,0.0,-0.235037,0.10900799999999995,-0.3077940000000001,0.1047149999999999,0.34233700000000006,-0.08690399999999926,0.107935,0.12693399999999988
381,0.11401199999999992,0.004004999999999932,0.10973000000000009,0.18190600000000004,-0.18202000000000002,0.271837,-0.17093,0.5473720000000002,-0.19339400000000004,0.1059789999999999,0.08461999999999997,0.197222,-0.18014800000000003,-0.212418,-0.11012499999999999,0.244961,0.0,-0.235037,0.10588399999999996,-0.3077940000000001,0.1026139999999999,0.37453300000000006,-0.12290299999999926,0.104972,0.1245899999999999
382,0.11764299999999991,0.020563999999999933,0.1065960000000001,0.17856700000000003,-0.18202000000000002,0.273151,-0.17093,0.4786500000000002,-0.19339400000000004,0.1102579999999999,0.09129799999999998,0.205619,-0.18014700000000003,-0.212418,-0.11012499999999999,0.241614,0.0,-0.235037,0.11025599999999997,-0.3077940000000001,0.1083919999999999,0.42906600000000006,-0.17234599999999928,0.108937,0.12835399999999988
383,0.1298479999999999,0.03663499999999994,0.11351900000000009,0.18594300000000002,-0.18201900000000001,0.284227,-0.17093,0.3933420000000002,-0.19339400000000004,0.1229699999999999,0.10537199999999997,0.223315,-0.18014500000000003,-0.212418,-0.11012499999999999,0.249013,0.0,-0.235037,0.12296699999999997,-0.3077940000000001,0.1221719999999999,0.48511300000000007,-0.21471899999999927,0.120954,0.13981499999999988
384,-0.09244400000000008,0.16389599999999996,-0.2715339999999999,-0.22534200000000001,-0.17828100000000002,-0.2550690000000001,0.663964,-3.5213380000000005,0.6418470000000001,-0.058212000000000104,0.006901999999999966,-0.344122,-0.17260900000000004,-0.207084,-0.11012499999999999,-0.164514,0.0,-0.235037,-0.07515000000000004,-0.3077930000000001,-0.0360700000000001,-0.9504990000000001,-1.6758769999999994,-0.120136,-0.1256870000000001
385,-0.09557000000000009,0.16066699999999998,-0.2735319999999999,-0.22746100000000002,-0.17831900000000003,-0.2568400000000001,0.657568,-3.4937410000000004,0.6354490000000002,-0.06155900000000011,0.003254999999999966,-0.34531,-0.17268600000000003,-0.207138,-0.11012499999999999,-0.16663,0.0,-0.235037,-0.07838900000000004,-0.3077930000000001,-0.039542000000000105,-0.9440150000000002,-1.6664509999999992,-0.123015,-0.1284850000000001
386,-0.2086610000000001,0.041467999999999935,-0.34450399999999987,-0.30270900000000006,-0.17973700000000004,-0.3192740000000001,0.421307,-2.4693400000000003,0.3990890000000001,-0.18290200000000012,-0.12947100000000003,-0.386656,-0.17554400000000003,-0.20916,-0.11012499999999999,-0.241741,0.0,-0.235037,-0.19572600000000007,-0.3077930000000001,-0.1656050000000001,-0.7044820000000002,-1.3117729999999994,-0.227091,-0.2295360000000001
387,-0.3724730000000001,-0.1430210000000001,-0.4407839999999999,-0.40471700000000005,-0.18193700000000002,-0.4016320000000001,0.054561,-0.855247,0.03219100000000001,-0.3598760000000001,-0.32562700000000006,-0.438422,-0.17998000000000003,-0.212299,-0.11012499999999999,-0.343491,0.0,-0.235036,-0.3665030000000001,-0.3077940000000001,-0.3505280000000001,-0.33265700000000004,-0.7297239999999993,-0.377373,-0.3750630000000001
388,-0.3621140000000001,-0.14914800000000009,-0.4248829999999999,-0.38775300000000007,-0.18200500000000003,-0.3842680000000001,0.040855,-0.76133,0.01847900000000001,-0.3505010000000001,-0.31909300000000007,-0.422923,-0.18011800000000003,-0.212416,-0.11012499999999999,-0.326456,0.0,-0.234989,-0.3569280000000001,-0.3077940000000001,-0.3423250000000001,-0.3187360000000001,-0.6637889999999992,-0.367157,-0.36458800000000013
389,-0.34757700000000014,-0.1484330000000001,-0.40766799999999986,-0.36944200000000005,-0.18153700000000003,-0.3661280000000001,0.040402,-0.729639,0.01802600000000001,-0.3364120000000001,-0.30687500000000006,-0.40732,-0.17917300000000003,-0.212418,-0.11012499999999999,-0.308211,0.0,-0.233402,-0.3428530000000001,-0.3077940000000001,-0.3289840000000001,-0.31745000000000007,-0.6246399999999992,-0.353168,-0.3505040000000001
390,-0.3384580000000001,-0.14380400000000007,-0.3978959999999999,-0.36015300000000006,-0.16561000000000003,-0.3529240000000001,0.030607,-0.672135,0.00822700000000001,-0.32767800000000014,-0.2986130000000001,-0.391728,-0.14706400000000003,-0.212418,-0.11012499999999999,-0.303041,0.0,-0.17954000000000003,-0.3337780000000001,-0.3077940000000001,-0.3196580000000001,-0.27946200000000004,-0.6104909999999992,-0.343611,-0.34021600000000013
391,-0.3190220000000001,-0.08582300000000008,-0.3887329999999999,-0.36559400000000003,0.05015099999999997,-0.3031860000000001,-0.102057,-0.12038599999999992,-0.124493,-0.31033500000000014,-0.27424100000000007,-0.290591,0.2879280000000001,-0.212418,-0.11012499999999999,-0.364699,0.0,0.5501399999999999,-0.31162300000000004,-0.3077940000000001,-0.2887610000000001,0.23534600000000003,-0.6980229999999992,-0.314138,-0.3013540000000001
392,-0.3020680000000001,-0.05625700000000008,-0.3756559999999999,-0.3593100000000001,0.15870399999999998,-0.2692640000000001,-0.168803,0.15857200000000013,-0.19126600000000002,-0.2946470000000001,-0.2559330000000001,-0.232106,0.5067810000000001,-0.212418,-0.11012499999999999,-0.38667,0.0,0.9172549999999998,-0.29352600000000006,-0.3077940000000001,-0.2666310000000001,0.49452500000000005,-0.7227719999999992,-0.292414,-0.2748740000000001
393,-0.29644900000000013,-0.05513400000000008,-0.3692199999999999,-0.35267400000000004,0.16184999999999997,-0.2619220000000001,-0.170737,0.16959700000000014,-0.19320100000000004,-0.2892180000000001,-0.25108500000000006,-0.224982,0.5131230000000001,-0.212418,-0.11012499999999999,-0.380834,0.0,0.9278939999999998,-0.28803600000000007,-0.3077940000000001,-0.2612840000000001,0.5021140000000001,-0.7103699999999992,-0.286858,-0.2691560000000001
394,-0.2857280000000001,-0.05582000000000008,-0.35624899999999987,-0.33853600000000006,0.15734399999999998,-0.24916000000000008,-0.167966,0.16668800000000014,-0.19042900000000001,-0.2787860000000001,-0.24223300000000003,-0.215324,0.5040390000000001,-0.212418,-0.11012499999999999,-0.365478,0.0,0.9126549999999998,-0.27772600000000003,-0.3077940000000001,-0.2517260000000001,0.49139400000000005,-0.6860889999999992,-0.276785,-0.2592310000000001
395,-0.21809900000000007,-0.06837900000000008,-0.2724209999999999,-0.24503900000000003,0.09812799999999998,-0.17230800000000007,-0.131556,0.09248400000000011,-0.15400400000000003,-0.21276800000000012,-0.18755100000000002,-0.165916,0.3846550000000001,-0.212418,-0.11012499999999999,-0.256269,0.0,0.7123949999999999,-0.21316700000000005,-0.3077940000000001,-0.19330500000000012,0.35007000000000005,-0.5354499999999992,-0.214789,-0.19950100000000012
396,-0.05582900000000008,-0.10967200000000009,-0.0685739999999999,-0.014850000000000002,-0.08603400000000003,0.00709299999999995,-0.018324,-0.14998899999999993,-0.040724,-0.0540690000000001,-0.05791800000000003,-0.06308800000000002,0.01336899999999999,-0.212418,-0.11012499999999999,0.022597999999999997,0.0,0.08957999999999995,-0.058916000000000045,-0.3077940000000001,-0.05568300000000011,-0.08949200000000003,-0.1998059999999993,-0.068143,-0.06010700000000011
397,0.03825899999999992,-0.1283060000000001,0.0483450000000001,0.11584100000000001,-0.17269800000000002,0.11353399999999995,0.034864,-0.24232499999999993,0.012486000000000011,0.037804999999999894,0.017985999999999964,0.004088999999999991,-0.16135300000000002,-0.212418,-0.11012499999999999,0.176266,0.0,-0.20351,0.030832999999999958,-0.3077940000000001,0.025329999999999894,-0.29621900000000007,-0.04409099999999926,0.017896,0.022596999999999888
398,0.05605499999999992,-0.13024500000000008,0.0703010000000001,0.13985700000000004,-0.18150300000000003,0.13521199999999997,0.038099,-0.23666099999999993,0.01572200000000001,0.055047999999999896,0.032401999999999966,0.020496999999999994,-0.17910500000000001,-0.212418,-0.11012499999999999,0.20265,0.0,-0.233288,0.04788199999999996,-0.3077940000000001,0.041031999999999895,-0.31441600000000003,-0.018139999999999264,0.03459,0.03902199999999989
399,0.06476699999999992,-0.13690600000000008,0.08604300000000009,0.15666500000000003,-0.18199800000000002,0.15650699999999998,0.003102,-0.09796399999999991,-0.019289999999999998,0.0621959999999999,0.036091999999999964,0.04373199999999999,-0.18010400000000001,-0.212418,-0.11012499999999999,0.219639,0.0,-0.234962,0.055607999999999956,-0.3077940000000001,0.047678999999999895,-0.2699170000000001,0.035218000000000735,0.043617,0.04862799999999989
400,0.07335699999999992,-0.16160800000000008,0.1157840000000001,0.18835700000000002,-0.18202000000000002,0.20541999999999996,-0.125005,0.39335200000000015,-0.14745000000000003,0.0657819999999999,0.030185999999999966,0.10437599999999998,-0.18014800000000003,-0.212418,-0.11012499999999999,0.251435,0.0,-0.235036,0.06137799999999996,-0.3077940000000001,0.0507959999999999,-0.10402700000000002,0.20922600000000072,0.054349,0.06144099999999989
401,0.06855699999999992,-0.16800500000000007,0.1155980000000001,0.18815900000000002,-0.18202000000000002,0.21126499999999998,-0.164615,0.5408920000000003,-0.18707700000000002,0.0596789999999999,0.022313999999999966,0.11552599999999999,-0.18014800000000003,-0.212418,-0.11012499999999999,0.251236,0.0,-0.235037,0.05599799999999996,-0.3077940000000001,0.045069999999999895,-0.048910000000000016,0.2537470000000007,0.050617,0.05841399999999989
402,0.07795899999999992,-0.14073500000000008,0.1176920000000001,0.19039000000000003,-0.18202000000000002,0.22478299999999998,-0.169599,0.5578810000000002,-0.19206300000000004,0.0689939999999999,0.033684999999999965,0.132471,-0.18014800000000003,-0.212418,-0.11012499999999999,0.253474,0.0,-0.235037,0.06596799999999996,-0.3077940000000001,0.0560899999999999,0.024504999999999996,0.2004500000000007,0.061509,0.07131099999999989
403,0.13313099999999992,-0.03551400000000007,0.1469240000000001,0.22153900000000004,-0.18202000000000002,0.295471,-0.170841,0.5617100000000003,-0.19330500000000003,0.1238659999999999,0.09466499999999997,0.209805,-0.18014800000000003,-0.212418,-0.11012499999999999,0.284718,0.0,-0.235037,0.12293099999999996,-0.3077940000000001,0.11619499999999991,0.27390700000000007,-0.0024349999999992654,0.120942,0.13811699999999988
404,0.14892299999999992,-0.0032040000000000688,0.1544620000000001,0.22957100000000003,-0.18202000000000002,0.315654,-0.170928,0.5604510000000003,-0.19339200000000004,0.1396239999999999,0.11248199999999997,0.232254,-0.18014700000000003,-0.212418,-0.11012499999999999,0.292775,0.0,-0.235037,0.13932299999999995,-0.3077940000000001,0.1336299999999999,0.35042100000000004,-0.06505399999999927,0.138058,0.1574749999999999
405,0.15206399999999992,0.009698999999999933,0.1532810000000001,0.22831100000000001,-0.18201200000000003,0.31892,-0.17093,0.5436490000000003,-0.19339400000000004,0.14297399999999988,0.11725899999999997,0.238261,-0.18013000000000004,-0.212418,-0.11012499999999999,0.29151,0.0,-0.235037,0.14287599999999995,-0.3077940000000001,0.13792099999999988,0.38477100000000003,-0.09480899999999927,0.141739,0.1617179999999999
406,0.15782999999999991,0.025794999999999933,0.15240100000000012,0.22736700000000004,-0.18196900000000002,0.321804,-0.17093,0.45523700000000017,-0.19339400000000004,0.14946899999999988,0.12602099999999997,0.249279,-0.18004500000000004,-0.212418,-0.11012499999999999,0.290558,0.0,-0.235037,0.14937799999999996,-0.3077940000000001,0.1458689999999999,0.44198200000000004,-0.14301199999999928,0.147577,0.1669169999999999
407,0.1633749999999999,0.03676499999999994,0.15275700000000011,0.22773800000000002,-0.18192100000000003,0.323674,-0.17093,0.3541730000000002,-0.19339400000000004,0.1557779999999999,0.13410299999999997,0.259441,-0.17994800000000002,-0.212418,-0.11012499999999999,0.290924,0.0,-0.235037,0.15554099999999996,-0.3077940000000001,0.1533089999999999,0.4896130000000001,-0.1822349999999993,0.152785,0.1708799999999999
408,-0.1672180000000001,0.06478699999999994,-0.3023579999999999,-0.27382700000000004,-0.11926700000000003,-0.32819900000000013,0.598064,-3.5701590000000003,0.5759200000000001,-0.13497100000000012,-0.07676300000000003,-0.414303,-0.05363500000000002,-0.12291,-0.11012499999999999,-0.228521,0.0,-0.235037,-0.15242400000000006,-0.3077760000000001,-0.1187940000000001,-0.9572130000000001,-1.1228979999999993,-0.19561,-0.2034180000000001
409,-0.1681380000000001,0.06355599999999995,-0.30281999999999987,-0.2742220000000001,-0.11963100000000003,-0.32826300000000014,0.59483,-3.5534650000000005,0.5726850000000001,-0.1360180000000001,-0.07799200000000003,-0.414131,-0.05436900000000002,-0.12343,-0.11012499999999999,-0.228823,0.0,-0.235037,-0.15340700000000004,-0.3077760000000001,-0.1198980000000001,-0.9535090000000002,-1.1197189999999992,-0.196403,-0.2041500000000001
410,-0.2180950000000001,-0.002475000000000069,-0.32832099999999986,-0.29622600000000004,-0.13913600000000004,-0.3325010000000001,0.421592,-2.6598090000000005,0.39937500000000004,-0.1927080000000001,-0.14438700000000002,-0.405562,-0.09369100000000002,-0.15125,-0.11012499999999999,-0.245814,0.0,-0.235037,-0.20669000000000007,-0.30778100000000014,-0.1796430000000001,-0.7550180000000001,-0.9502769999999993,-0.239521,-0.2439920000000001
411,-0.32659700000000014,-0.14323600000000009,-0.38510899999999987,-0.34572400000000003,-0.18068700000000001,-0.3441090000000001,0.052543,-0.758481,0.03017200000000001,-0.3154940000000001,-0.28757900000000003,-0.389509,-0.17745900000000003,-0.210516,-0.11012499999999999,-0.284641,0.0,-0.235037,-0.32221200000000005,-0.3077930000000001,-0.3088230000000001,-0.3321740000000001,-0.5922269999999992,-0.333372,-0.3308720000000001
412,-0.33147300000000013,-0.14778100000000008,-0.3885989999999999,-0.34909200000000007,-0.18200600000000003,-0.3462420000000001,0.040795,-0.699619,0.018419000000000012,-0.3207810000000001,-0.29333200000000004,-0.390501,-0.18012000000000003,-0.212402,-0.11012499999999999,-0.287676,0.0,-0.235027,-0.32726600000000006,-0.3077940000000001,-0.31423800000000013,-0.31871000000000005,-0.5828219999999992,-0.337725,-0.3350070000000001
413,-0.33219900000000013,-0.14783500000000008,-0.38944099999999987,-0.34999500000000006,-0.18191400000000002,-0.3470970000000001,0.040633,-0.699652,0.01825700000000001,-0.3214920000000001,-0.2939550000000001,-0.391198,-0.17993300000000004,-0.212418,-0.11012499999999999,-0.288606,0.0,-0.234676,-0.32797000000000004,-0.3077940000000001,-0.3149070000000001,-0.31838000000000005,-0.5837129999999993,-0.338415,-0.33569300000000013
414,-0.3320420000000001,-0.14689200000000008,-0.3894509999999999,-0.35031600000000007,-0.17749600000000001,-0.3463680000000001,0.037916,-0.688405,0.01553800000000001,-0.3213760000000001,-0.29369800000000007,-0.389431,-0.17102700000000004,-0.212418,-0.11012499999999999,-0.290078,0.0,-0.219736,-0.32776000000000005,-0.3077940000000001,-0.3145210000000001,-0.30845900000000004,-0.5848559999999993,-0.338056,-0.3351530000000001
415,-0.3180910000000001,-0.11428600000000008,-0.3803029999999999,-0.34982500000000005,-0.04616200000000003,-0.3133430000000001,-0.042838,-0.35108399999999995,-0.065248,-0.3088250000000001,-0.27753700000000003,-0.326202,0.093755,-0.212418,-0.11012499999999999,-0.323794,0.0,0.2244229999999999,-0.3123310000000001,-0.3077940000000001,-0.2940720000000001,-0.002516000000000009,-0.6211939999999992,-0.318227,-0.3097290000000001
416,-0.2953730000000001,-0.06046400000000007,-0.3662449999999999,-0.34883900000000007,0.15241699999999997,-0.2615860000000001,-0.164937,0.15194200000000013,-0.18739800000000004,-0.2881730000000001,-0.25100500000000003,-0.227964,0.49410600000000005,-0.212418,-0.11012499999999999,-0.37453,0.0,0.8959949999999998,-0.28725500000000004,-0.3077940000000001,-0.2611830000000001,0.47192300000000004,-0.6898149999999992,-0.28645,-0.2692830000000001
417,-0.28824300000000014,-0.05576500000000008,-0.3591219999999999,-0.34192100000000003,0.16195399999999996,-0.2516870000000001,-0.170801,0.17564600000000014,-0.19326500000000002,-0.2812820000000001,-0.24434900000000004,-0.216479,0.5133330000000002,-0.212418,-0.11012499999999999,-0.370075,0.0,0.9282469999999998,-0.2801310000000001,-0.3077940000000001,-0.2538660000000001,0.49959800000000004,-0.6875359999999993,-0.279026,-0.2613320000000001
418,-0.2587990000000001,-0.05371300000000007,-0.3245559999999999,-0.30506700000000003,0.16163199999999997,-0.2152370000000001,-0.170603,0.18731700000000015,-0.19306700000000002,-0.2527000000000001,-0.21946600000000002,-0.185298,0.5126840000000001,-0.212418,-0.11012499999999999,-0.333023,0.0,0.9271579999999998,-0.2515990000000001,-0.3077940000000001,-0.22680400000000012,0.5009060000000001,-0.6292849999999992,-0.250718,-0.2328770000000001
419,-0.2057700000000001,-0.052432000000000076,-0.2615569999999999,-0.23756300000000002,0.15630099999999997,-0.15010500000000007,-0.167324,0.20185000000000014,-0.18978700000000004,-0.20121600000000012,-0.17502000000000004,-0.131154,0.5019350000000001,-0.212418,-0.11012499999999999,-0.263922,0.0,0.9091269999999998,-0.20033100000000006,-0.3077940000000001,-0.1784760000000001,0.4888370000000001,-0.5203839999999992,-0.200034,-0.1821860000000001
420,-0.14253300000000008,-0.06544600000000009,-0.1828679999999999,-0.14946800000000002,0.09603899999999997,-0.07882500000000008,-0.130273,0.12875900000000015,-0.15272000000000002,-0.1394490000000001,-0.12406700000000002,-0.08677600000000002,0.38044300000000003,-0.212418,-0.11012499999999999,-0.159859,0.0,0.7053299999999999,-0.14003900000000005,-0.3077940000000001,-0.1241430000000001,0.34508400000000006,-0.39706799999999925,-0.142307,-0.12678700000000012
421,0.013694999999999916,-0.11454500000000008,0.015665000000000102,0.07705600000000001,-0.11647600000000002,0.08974099999999996,0.000305,-0.1552159999999999,-0.022087999999999997,0.013583999999999898,-0.0005810000000000342,-0.0008930000000000086,-0.04800500000000002,-0.212418,-0.11012499999999999,0.122718,0.0,-0.01337300000000004,0.007921999999999957,-0.3077940000000001,0.006216999999999898,-0.16203800000000002,-0.10398799999999926,-0.002883,0.004137999999999889
422,0.07450499999999992,-0.12838700000000008,0.09187100000000009,0.16258200000000003,-0.17783400000000002,0.15847999999999998,0.03602,-0.21933099999999991,0.01364200000000001,0.07292699999999991,0.048075999999999966,0.04130999999999999,-0.17170800000000003,-0.212418,-0.11012499999999999,0.224489,0.0,-0.22088,0.06580499999999996,-0.3077940000000001,0.0581789999999999,-0.30588800000000005,-0.007589999999999266,0.052493,0.05715899999999989
423,0.14568799999999993,-0.13065100000000007,0.1798550000000001,0.25661700000000004,-0.18185900000000002,0.253119,0.015661,-0.09656399999999991,-0.006724999999999992,0.1411609999999999,0.10545999999999997,0.12427899999999999,-0.17982300000000004,-0.212418,-0.11012499999999999,0.319862,0.0,-0.234491,0.13420599999999994,-0.3077940000000001,0.12235499999999991,-0.28594700000000006,0.07615900000000074,0.121109,0.12626899999999988
424,0.17826999999999993,-0.14212400000000008,0.2285110000000001,0.30847300000000005,-0.18201800000000004,0.313254,-0.050298,0.17338100000000015,-0.072712,0.1703209999999999,0.12608999999999998,0.185267,-0.18014300000000003,-0.212418,-0.11012499999999999,0.371921,0.0,-0.235029,0.16443499999999994,-0.3077940000000001,0.1497679999999999,-0.20075900000000002,0.18601500000000074,0.153675,0.1600259999999999
425,0.13426899999999992,-0.1544850000000001,0.1850230000000001,0.26213500000000006,-0.18202000000000002,0.276314,-0.109259,0.3695800000000002,-0.13169800000000004,0.1254699999999999,0.08320999999999998,0.16268,-0.18014800000000003,-0.212418,-0.11012499999999999,0.32544,0.0,-0.235037,0.12070499999999997,-0.3077940000000001,0.1073459999999999,-0.12146300000000003,0.22904300000000072,0.112626,0.1198159999999999
426,0.11247499999999992,-0.1373820000000001,0.1561830000000001,0.23140400000000003,-0.18202000000000002,0.26158,-0.148929,0.49376200000000015,-0.17138400000000004,0.1032099999999999,0.06450799999999997,0.160244,-0.18014800000000003,-0.212418,-0.11012499999999999,0.294614,0.0,-0.235037,0.09971599999999996,-0.3077940000000001,0.0882939999999999,-0.007782000000000009,0.20266200000000073,0.094078,0.1035929999999999
427,0.16133699999999992,-0.045965000000000075,0.18431900000000012,0.26138500000000003,-0.18201800000000004,0.329918,-0.169387,0.5572100000000002,-0.19185000000000002,0.1511179999999999,0.11681999999999997,0.23689,-0.18014300000000003,-0.212418,-0.11012499999999999,0.324687,0.0,-0.235037,0.14985099999999996,-0.3077940000000001,0.1409949999999999,0.24302200000000002,0.039200000000000734,0.147235,0.16370499999999988
428,0.17066199999999992,-0.01638000000000007,0.1851850000000001,0.26230100000000006,-0.18198100000000003,0.342337,-0.170904,0.5605490000000002,-0.19336800000000004,0.16051799999999988,0.12873999999999997,0.252684,-0.18006900000000003,-0.212418,-0.11012499999999999,0.325602,0.0,-0.235037,0.15987699999999994,-0.3077940000000001,0.15224299999999988,0.31594200000000006,-0.020690999999999266,0.15806,0.17658299999999988
429,0.1666769999999999,0.001751999999999932,0.17368500000000012,0.24998300000000004,-0.18156500000000003,0.336381,-0.170929,0.5447100000000002,-0.19339300000000004,0.15702399999999989,0.12830499999999997,0.25215,-0.17922900000000003,-0.212418,-0.11012499999999999,0.313191,0.0,-0.235037,0.15672099999999994,-0.3077940000000001,0.1505049999999999,0.36068500000000003,-0.06567499999999926,0.155359,0.17463699999999988
430,0.1674299999999999,0.026864999999999934,0.16388500000000011,0.23918600000000004,-0.17926900000000004,0.330358,-0.17093,0.4568030000000002,-0.19339400000000004,0.1587809999999999,0.13419099999999998,0.259551,-0.17460200000000003,-0.212418,-0.11012499999999999,0.302062,0.0,-0.235037,0.15869099999999994,-0.3077940000000001,0.15471099999999988,0.42440100000000003,-0.13368699999999928,0.157545,0.1758409999999999
431,0.1728059999999999,0.04367799999999994,0.1622680000000001,0.23705300000000004,-0.17662200000000003,0.328788,-0.17093,0.3554050000000002,-0.19339400000000004,0.16501099999999988,0.14300599999999997,0.270634,-0.16926500000000003,-0.212418,-0.11012499999999999,0.299578,0.0,-0.235037,0.16489799999999993,-0.3077940000000001,0.1625479999999999,0.4681390000000001,-0.18242099999999928,0.163623,0.1799549999999999
432,-0.4644880000000001,-0.3150030000000001,-0.4339609999999999,-0.47206500000000007,0.09916799999999998,-0.6162640000000001,0.329611,-3.6745920000000005,0.30735500000000004,-0.4401950000000001,-0.40764400000000006,-0.687696,0.38643800000000006,0.188651,-0.11012499999999999,-0.484327,0.0,-0.235037,-0.45912700000000006,-0.3061860000000001,-0.4461440000000001,-0.9573780000000001,0.9207540000000007,-0.494209,-0.5100980000000002
433,-0.46194800000000014,-0.3124070000000001,-0.4326799999999999,-0.4695520000000001,0.09484099999999997,-0.6114980000000001,0.325165,-3.6279420000000004,0.30290800000000007,-0.4378800000000001,-0.4054710000000001,-0.682602,0.37772000000000006,0.182479,-0.11012499999999999,-0.480678,0.0,-0.235037,-0.45662100000000005,-0.3062110000000001,-0.4436630000000001,-0.9475490000000001,0.8987380000000008,-0.491328,-0.5069290000000001
434,-0.38531500000000013,-0.23272800000000007,-0.3949609999999999,-0.39407000000000003,-0.03810500000000003,-0.4667680000000001,0.188566,-2.1969380000000003,0.16625200000000004,-0.3680910000000001,-0.33987100000000003,-0.527536,0.109837,-0.007147,-0.11012499999999999,-0.370305,0.0,-0.235037,-0.38097200000000003,-0.3069710000000001,-0.36870000000000014,-0.6455340000000002,0.21912000000000073,-0.404139,-0.41088200000000014
435,-0.3103930000000001,-0.1492930000000001,-0.3619329999999999,-0.32181000000000004,-0.17774600000000002,-0.3216590000000001,0.045089,-0.703594,0.022714000000000012,-0.3001920000000001,-0.27565300000000004,-0.370553,-0.17153600000000002,-0.206322,-0.11012499999999999,-0.261421,0.0,-0.235036,-0.30690700000000004,-0.3077690000000001,-0.29506900000000014,-0.3283110000000001,-0.5072529999999992,-0.317911,-0.3153740000000001
436,-0.3161750000000001,-0.14714500000000008,-0.37045499999999987,-0.32977000000000006,-0.18195700000000004,-0.3272510000000001,0.040743,-0.672445,0.01836800000000001,-0.3059440000000001,-0.28048000000000006,-0.374314,-0.18002000000000004,-0.212344,-0.11012499999999999,-0.268308,0.0,-0.234997,-0.31245800000000007,-0.3077930000000001,-0.3002210000000001,-0.31871000000000005,-0.5472979999999992,-0.323033,-0.3202490000000001
437,-0.3235010000000001,-0.14755300000000007,-0.3790949999999999,-0.33898700000000004,-0.18167500000000003,-0.3362720000000001,0.040486,-0.683655,0.01811000000000001,-0.3130600000000001,-0.2866600000000001,-0.381948,-0.17945200000000003,-0.212417,-0.11012499999999999,-0.277626,0.0,-0.23387,-0.31955300000000003,-0.3077940000000001,-0.3069370000000001,-0.3182960000000001,-0.5635619999999992,-0.330058,-0.3272970000000001
438,-0.3263270000000001,-0.14972600000000008,-0.3813569999999999,-0.34198500000000004,-0.17332700000000004,-0.33860600000000013,0.035352,-0.662393,0.01297400000000001,-0.3159570000000001,-0.2894280000000001,-0.382699,-0.16262200000000002,-0.212418,-0.11012499999999999,-0.282808,0.0,-0.205637,-0.32232900000000003,-0.3077940000000001,-0.3094850000000001,-0.30970700000000007,-0.5579059999999992,-0.332581,-0.3296670000000001
439,-0.3042530000000001,-0.16711600000000007,-0.3434079999999999,-0.31085300000000005,-0.04129900000000003,-0.29328700000000013,-0.045827,-0.23155599999999993,-0.068239,-0.29667900000000014,-0.27473900000000007,-0.321095,0.103558,-0.212418,-0.11012499999999999,-0.28597,0.0,0.2408669999999999,-0.3010280000000001,-0.3077940000000001,-0.2870430000000001,-0.13684700000000002,-0.3737739999999993,-0.307606,-0.3013490000000001
440,-0.27594200000000013,-0.14358300000000007,-0.3114639999999999,-0.2901230000000001,0.14753699999999997,-0.23456600000000008,-0.161936,0.29882300000000017,-0.18439600000000003,-0.27116800000000013,-0.24847200000000003,-0.226373,0.48426700000000006,-0.212417,-0.11012499999999999,-0.314361,0.0,0.8794859999999998,-0.27179600000000004,-0.3077940000000001,-0.2526560000000001,0.23980000000000004,-0.31245499999999926,-0.272433,-0.25918400000000014
441,-0.25787500000000013,-0.08773800000000008,-0.3104909999999999,-0.29009700000000005,0.16187199999999996,-0.2126200000000001,-0.170749,0.24977400000000013,-0.19321300000000002,-0.2525790000000001,-0.22430300000000003,-0.191302,0.5131690000000001,-0.212416,-0.11012499999999999,-0.318069,0.0,0.9279599999999998,-0.2520530000000001,-0.3077940000000001,-0.2296520000000001,0.41051000000000004,-0.4898459999999993,-0.251634,-0.2353430000000001
442,-0.2075420000000001,-0.055601000000000074,-0.2622649999999999,-0.23872800000000002,0.16212499999999996,-0.15141500000000008,-0.170905,0.21921600000000013,-0.19336800000000004,-0.20308000000000012,-0.17705600000000002,-0.131812,0.5136770000000002,-0.212416,-0.11012499999999999,-0.266607,0.0,0.9288129999999998,-0.20213900000000007,-0.3077940000000001,-0.1802510000000001,0.49039600000000005,-0.5071719999999992,-0.20169,-0.1838100000000001
443,-0.17869500000000008,-0.05001200000000008,-0.2297689999999999,-0.20406700000000003,0.16163899999999998,-0.11587800000000006,-0.170606,0.22257200000000013,-0.19307000000000002,-0.17499400000000012,-0.15208700000000003,-0.10057600000000001,0.5126970000000001,-0.212417,-0.11012499999999999,-0.231713,0.0,0.9271749999999997,-0.17404500000000006,-0.3077940000000001,-0.1533540000000001,0.5009280000000002,-0.4704339999999993,-0.173772,-0.15559000000000012
444,-0.1511540000000001,-0.05063600000000008,-0.19675599999999988,-0.16831500000000002,0.15348799999999999,-0.08269500000000007,-0.165595,0.21874500000000013,-0.18805700000000003,-0.14821500000000012,-0.12918100000000002,-0.07443800000000002,0.49626500000000007,-0.212417,-0.11012499999999999,-0.193728,0.0,0.8996149999999998,-0.14749700000000004,-0.3077940000000001,-0.12856600000000012,0.4821770000000001,-0.4271159999999993,-0.147712,-0.12975100000000012
445,-0.04874000000000008,-0.07281800000000008,-0.06904099999999991,-0.025067000000000002,0.05188499999999997,0.03227699999999996,-0.103154,0.0957300000000001,-0.12559000000000003,-0.048158000000000104,-0.04682200000000004,-0.004061000000000009,0.29142400000000007,-0.212418,-0.11012499999999999,-0.023574000000000005,0.0,0.5560039999999999,-0.049917000000000045,-0.3077940000000001,-0.04082100000000011,0.23973600000000003,-0.2578669999999993,-0.054425,-0.04040900000000011
446,0.19560499999999992,-0.11714400000000008,0.23365900000000012,0.31222900000000003,-0.15747200000000003,0.31071,0.024831,-0.11647699999999991,0.002448000000000009,0.1903079999999999,0.15083299999999997,0.176458,-0.13065700000000002,-0.212418,-0.11012499999999999,0.369295,0.0,-0.15201800000000001,0.18339099999999994,-0.3077940000000001,0.17050299999999988,-0.25900900000000004,0.06522800000000073,0.169812,0.1758509999999999
447,0.2841859999999999,-0.11989900000000009,0.3403950000000001,0.42765500000000006,-0.18149600000000002,0.41846,0.03716,-0.09420199999999991,0.01478200000000001,0.2763139999999999,0.22419699999999998,0.262151,-0.17909000000000003,-0.212418,-0.11012499999999999,0.491334,0.0,-0.233262,0.26873099999999994,-0.3077940000000001,0.25017699999999987,-0.3131880000000001,0.1459680000000007,0.253743,0.2591619999999999
448,0.2926399999999999,-0.12078800000000009,0.3513250000000001,0.43933800000000006,-0.18201200000000003,0.430636,0.031619,-0.06774199999999991,0.009239000000000011,0.2843019999999999,0.23068899999999998,0.273258,-0.18013000000000004,-0.212418,-0.11012499999999999,0.503188,0.0,-0.235007,0.2767919999999999,-0.3077940000000001,0.2576799999999999,-0.30682200000000004,0.15991000000000072,0.261951,0.2674789999999999
449,0.2789359999999999,-0.12403300000000009,0.3373080000000001,0.42440300000000003,-0.18202000000000002,0.418204,0.016364,-0.0191289999999999,-0.006021999999999992,0.2704479999999999,0.21765199999999998,0.264972,-0.18014800000000003,-0.212418,-0.11012499999999999,0.488208,0.0,-0.235037,0.26323399999999997,-0.3077940000000001,0.24458299999999988,-0.28616600000000003,0.16902400000000073,0.249106,0.2548449999999999
450,0.2560099999999999,-0.12411800000000009,0.31537900000000013,0.40103500000000003,-0.18201400000000004,0.409761,-0.049753,0.18618500000000013,-0.072166,0.2459469999999999,0.19357899999999997,0.269835,-0.18013500000000002,-0.212418,-0.11012499999999999,0.464768,0.0,-0.235037,0.24020699999999995,-0.3077940000000001,0.2223989999999999,-0.16703600000000002,0.1980610000000007,0.229234,0.23689199999999988
451,0.2795589999999999,-0.10047000000000009,0.3447580000000001,0.4323270000000001,-0.18192800000000003,0.473355,-0.162473,0.5358300000000003,-0.18493300000000001,0.2652219999999999,0.20821199999999998,0.348129,-0.17996200000000004,-0.212418,-0.11012499999999999,0.496145,0.0,-0.235037,0.26231599999999994,-0.3077940000000001,0.2439539999999999,0.086042,0.23297100000000073,0.25684,0.2694549999999999
452,0.2787719999999999,-0.08822900000000009,0.34027000000000013,0.42743600000000004,-0.18122800000000003,0.474253,-0.170773,0.5611530000000002,-0.19323700000000002,0.2643449999999999,0.20870199999999997,0.353155,-0.17855000000000001,-0.212418,-0.11012499999999999,0.491148,0.0,-0.235037,0.26187499999999997,-0.3077940000000001,0.24422299999999988,0.12588400000000002,0.21125100000000072,0.257277,0.2706949999999999
453,0.26904699999999987,-0.052452000000000075,0.31696200000000013,0.40109900000000004,-0.17152000000000003,0.450269,-0.170927,0.5549650000000003,-0.19339100000000004,0.2554609999999999,0.20593299999999998,0.349755,-0.15897800000000004,-0.212418,-0.11012499999999999,0.463465,0.0,-0.235037,0.2537559999999999,-0.3077940000000001,0.2387689999999999,0.14815600000000004,0.13823800000000072,0.252626,0.2642509999999999
454,0.3090909999999999,0.10525599999999995,0.3163740000000001,0.3894310000000001,-0.10016600000000003,0.409102,-0.17093,0.5049540000000002,-0.19339400000000004,0.2968979999999999,0.2637189999999999,0.422415,-0.015124000000000014,-0.212418,-0.11012499999999999,0.442468,0.0,-0.235037,0.2982389999999999,-0.3077940000000001,0.2907129999999999,0.038901,-0.09196999999999926,0.318805,0.3097449999999999
455,0.3773309999999999,0.24698599999999998,0.3555770000000001,0.41960800000000004,-0.025226000000000023,0.39769,-0.17093,0.45218800000000015,-0.19339400000000004,0.3654789999999999,0.34285399999999994,0.521915,0.13596300000000003,-0.212418,-0.11012499999999999,0.462979,0.0,-0.235037,0.36943699999999996,-0.3077940000000001,0.3669469999999999,-0.13749600000000003,-0.26345299999999927,0.411932,0.3794499999999999
456,-0.5387760000000001,-0.4114930000000001,-0.4630899999999999,-0.5205590000000001,0.15457199999999996,-0.6886230000000001,0.261451,-3.6995030000000004,0.23916700000000002,-0.5167280000000001,-0.49132200000000004,-0.756692,0.49091200000000007,0.267675,-0.11012499999999999,-0.548802,0.0,-0.235037,-0.536064,-0.2691530000000001,-0.5284490000000001,-0.9573500000000001,1.4631630000000007,-0.568993,-0.5869410000000002
457,-0.5345490000000002,-0.4068540000000001,-0.4610759999999999,-0.5168020000000001,0.14868499999999998,-0.6818890000000001,0.25759,-3.6459700000000006,0.23530400000000004,-0.5127180000000001,-0.48735400000000006,-0.749651,0.47917400000000004,0.259278,-0.11012499999999999,-0.543474,0.0,-0.235037,-0.53183,-0.2698290000000001,-0.5241510000000001,-0.9461780000000001,1.4287410000000007,-0.564371,-0.5819550000000001
458,-0.4172150000000001,-0.2781830000000001,-0.4050769999999999,-0.4124610000000001,-0.014580000000000025,-0.4949850000000001,0.150513,-2.1612790000000004,0.12818300000000002,-0.4013970000000001,-0.37721000000000005,-0.554265,0.15367600000000003,0.026408,-0.11012499999999999,-0.395577,0.0,-0.235037,-0.41430700000000004,-0.2885720000000001,-0.4048650000000001,-0.6363520000000001,0.47424500000000075,-0.436073,-0.4435600000000001
459,-0.3003780000000001,-0.15067300000000008,-0.3489009999999999,-0.30834400000000006,-0.17633700000000002,-0.3090790000000001,0.044424,-0.689785,0.02204900000000001,-0.2905350000000001,-0.26759000000000005,-0.360062,-0.16881600000000002,-0.204312,-0.11012499999999999,-0.248304,0.0,-0.235033,-0.29730000000000006,-0.3071410000000001,-0.2861420000000001,-0.32938500000000004,-0.4708659999999993,-0.308396,-0.3058760000000001
460,-0.2949910000000001,-0.14622300000000008,-0.3453549999999999,-0.30303900000000006,-0.18187200000000003,-0.30097400000000013,0.040724,-0.6376,0.01834800000000001,-0.2853970000000001,-0.26267100000000004,-0.35191,-0.17985000000000004,-0.212286,-0.11012499999999999,-0.241517,0.0,-0.234847,-0.29195100000000007,-0.3077830000000001,-0.28080300000000014,-0.31873300000000004,-0.5020979999999993,-0.302687,-0.2998150000000001
461,-0.2922770000000001,-0.1467650000000001,-0.3418279999999999,-0.29941300000000004,-0.17974100000000004,-0.2972640000000001,0.039298,-0.627002,0.01692100000000001,-0.2828110000000001,-0.26051700000000005,-0.348445,-0.17555300000000001,-0.212416,-0.11012499999999999,-0.238434,0.0,-0.227334,-0.28934000000000004,-0.3077930000000001,-0.2783170000000001,-0.31678800000000007,-0.4957169999999993,-0.300031,-0.2971070000000001
462,-0.2834290000000001,-0.1657800000000001,-0.3218179999999999,-0.28223700000000007,-0.12093400000000003,-0.2778240000000001,0.003138,-0.4206619999999999,-0.019251999999999995,-0.2754340000000001,-0.2566510000000001,-0.32437,-0.05699200000000002,-0.212415,-0.11012499999999999,-0.236522,0.0,-0.028461000000000035,-0.28125000000000006,-0.3077940000000001,-0.2704430000000001,-0.26970700000000003,-0.37302099999999927,-0.290449,-0.2865550000000001
463,-0.2597430000000001,-0.2400450000000001,-0.2566729999999999,-0.22910800000000003,0.11016199999999997,-0.21522300000000008,-0.138952,0.3790080000000002,-0.16139900000000001,-0.2571740000000001,-0.25062300000000004,-0.24129,0.40891600000000006,-0.212409,-0.11012499999999999,-0.243423,0.0,0.7530529999999998,-0.2601510000000001,-0.3077940000000001,-0.24956100000000012,-0.08210900000000003,0.09421400000000074,-0.263392,-0.25568800000000014
464,-0.25482300000000013,-0.2510810000000001,-0.2447549999999999,-0.21989500000000003,0.15954999999999997,-0.20223400000000008,-0.169307,0.5408510000000002,-0.19175400000000004,-0.25330000000000014,-0.24865700000000002,-0.222689,0.5084870000000001,-0.212381,-0.11012499999999999,-0.247043,0.0,0.9199409999999998,-0.25558800000000004,-0.3077940000000001,-0.24470500000000012,-0.02912900000000001,0.17464700000000072,-0.25749,-0.2487500000000001
465,-0.2415150000000001,-0.2103170000000001,-0.2441459999999999,-0.21946700000000002,0.16220999999999997,-0.18712800000000007,-0.170868,0.4810070000000002,-0.19324200000000002,-0.2395110000000001,-0.23086500000000001,-0.199489,0.5138490000000001,-0.212209,-0.11012499999999999,-0.247291,0.0,0.9281199999999997,-0.24110200000000007,-0.3077940000000001,-0.2280630000000001,0.082245,0.040430000000000736,-0.242482,-0.2317640000000001
466,-0.1741870000000001,-0.08037900000000009,-0.2127049999999999,-0.18599400000000002,0.16237099999999996,-0.10898400000000007,-0.170927,0.2793260000000002,-0.19326100000000002,-0.1713210000000001,-0.15333700000000003,-0.10197700000000001,0.5141750000000002,-0.212116,-0.11012499999999999,-0.213748,0.0,0.9282279999999998,-0.17089200000000004,-0.3077940000000001,-0.15253900000000012,0.42049400000000003,-0.3456229999999993,-0.171058,-0.15423500000000012
467,-0.12291600000000008,-0.04847200000000008,-0.1633279999999999,-0.13332900000000003,0.16218599999999997,-0.046605000000000056,-0.1709,0.24432500000000013,-0.19332000000000002,-0.12091500000000009,-0.10534400000000002,-0.04164600000000001,0.5138000000000001,-0.212316,-0.11012499999999999,-0.16089,0.0,0.9285489999999997,-0.12008200000000004,-0.3077940000000001,-0.1023100000000001,0.49903300000000006,-0.38308199999999926,-0.120234,-0.10184400000000011
468,-0.07759900000000008,-0.045222000000000075,-0.1101959999999999,-0.07663400000000001,0.16127899999999998,0.00946399999999995,-0.170385,0.25574800000000014,-0.19283900000000004,-0.0769180000000001,-0.06702900000000003,0.0062549999999999915,0.5119710000000001,-0.212395,-0.11012499999999999,-0.103791,0.0,0.9258539999999997,-0.07616500000000004,-0.3077940000000001,-0.060656000000000106,0.5006600000000001,-0.32245499999999927,-0.076671,-0.058062000000000114
469,-0.018184000000000086,-0.04970000000000008,-0.0381409999999999,0.0020780000000000004,0.13388899999999998,0.07993399999999996,-0.153632,0.23672400000000013,-0.17608800000000002,-0.019093000000000103,-0.018073000000000033,0.058908999999999996,0.45675200000000005,-0.212414,-0.11012499999999999,-0.017705000000000002,0.0,0.8333159999999997,-0.01906600000000004,-0.3077940000000001,-0.007834000000000103,0.43553500000000006,-0.24027299999999926,-0.020966,-0.0032820000000001112
470,0.24220699999999992,-0.10539400000000008,0.2864140000000001,0.3659200000000001,-0.12166400000000002,0.372594,0.003395,-0.032430999999999904,-0.018995999999999996,0.23528599999999988,0.19142499999999998,0.238886,-0.058465000000000024,-0.212418,-0.11012499999999999,0.413824,0.0,-0.030920000000000034,0.22907599999999995,-0.3077940000000001,0.2154259999999999,-0.17429300000000003,0.08275800000000073,0.216358,0.22413099999999989
471,0.3032449999999999,-0.11822100000000009,0.3624360000000001,0.45108600000000004,-0.18072000000000002,0.441291,0.0397,-0.09289999999999991,0.01732400000000001,0.29490899999999987,0.24056599999999997,0.281384,-0.17752500000000002,-0.212418,-0.11012499999999999,0.514635,0.0,-0.230637,0.2872549999999999,-0.3077940000000001,0.2678119999999999,-0.31524100000000005,0.1551290000000007,0.272031,0.2775159999999999
472,0.3053549999999999,-0.11851700000000008,0.36505900000000013,0.45397200000000004,-0.18199700000000002,0.443846,0.040183,-0.09266699999999992,0.01780700000000001,0.2969529999999999,0.24226299999999998,0.28326,-0.18010100000000004,-0.212418,-0.11012499999999999,0.517862,0.0,-0.234958,0.2892719999999999,-0.3077940000000001,0.2696579999999999,-0.31788800000000006,0.15749900000000072,0.273999,0.2794439999999999
473,0.3060139999999999,-0.11866100000000009,0.3660720000000001,0.45505200000000007,-0.18201900000000001,0.445277,0.038145,-0.08573899999999991,0.01576800000000001,0.29751899999999987,0.24263899999999997,0.284816,-0.18014500000000003,-0.212418,-0.11012499999999999,0.518952,0.0,-0.235036,0.28987699999999994,-0.3077940000000001,0.2702059999999999,-0.31472700000000003,0.15950000000000072,0.274685,0.2801809999999999
474,0.3110169999999999,-0.11909500000000009,0.3766140000000001,0.46626100000000004,-0.18186600000000003,0.467127,-0.01399,0.0768570000000001,-0.036388,0.30057099999999987,0.24286999999999997,0.312808,-0.17983800000000003,-0.212418,-0.11012499999999999,0.530176,0.0,-0.235037,0.29401599999999994,-0.3077940000000001,0.2737449999999999,-0.22472000000000003,0.19769700000000073,0.281116,0.2880929999999999
475,0.3231529999999999,-0.11807500000000008,0.4031990000000001,0.49435200000000007,-0.18032800000000002,0.5251310000000001,-0.159638,0.5273630000000002,-0.18209800000000004,0.3073439999999999,0.24230899999999997,0.389494,-0.17673600000000003,-0.212418,-0.11012499999999999,0.558153,0.0,-0.235037,0.30387999999999993,-0.3077940000000001,0.2821619999999999,0.028319999999999998,0.3001220000000007,0.297614,0.3086279999999999
476,0.3277609999999999,-0.11096700000000008,0.4077320000000001,0.49840100000000004,-0.17528300000000002,0.5296670000000001,-0.170698,0.5613450000000002,-0.19316200000000003,0.31153399999999987,0.24640799999999996,0.400525,-0.16656600000000002,-0.212418,-0.11012499999999999,0.561557,0.0,-0.235037,0.30844299999999997,-0.3077940000000001,0.2868309999999999,0.040174,0.3004570000000007,0.303745,0.3140539999999999
477,0.36412299999999986,-0.03645600000000008,0.4300470000000001,0.5154970000000001,-0.13209700000000002,0.5247790000000001,-0.170925,0.5615580000000002,-0.19338900000000003,0.3478439999999999,0.28793199999999997,0.452857,-0.07949900000000003,-0.212418,-0.11012499999999999,0.573081,0.0,-0.235037,0.3462299999999999,-0.3077940000000001,0.3269979999999999,-0.061218000000000015,0.21814500000000073,0.353557,0.3518539999999999
478,0.5372239999999999,0.33076,0.5310850000000001,0.5921920000000002,0.06802399999999997,0.489198,-0.17093,0.5589770000000002,-0.19339400000000004,0.5209049999999998,0.48744399999999993,0.703717,0.32396300000000006,-0.212418,-0.11012499999999999,0.62395,0.0,-0.235037,0.526565,-0.3077940000000001,0.5193309999999999,-0.5923990000000001,-0.19468799999999928,0.594022,0.5314869999999999
479,0.6091169999999999,0.485858,0.5719900000000001,0.6230960000000001,0.14999399999999996,0.47194,-0.17093,0.5578320000000002,-0.19339400000000004,0.5928169999999999,0.570668,0.80836,0.4892210000000001,-0.212418,-0.11012499999999999,0.644274,0.0,-0.235037,0.601553,-0.3077940000000001,0.5994369999999999,-0.8226710000000002,-0.37034299999999926,0.69459,0.6060399999999999
480,-0.4438430000000001,-0.3172020000000001,-0.3580029999999999,-0.43955800000000006,0.09916899999999997,-0.6029380000000001,0.329615,-3.6505370000000004,0.30735900000000005,-0.4235210000000001,-0.4022200000000001,-0.680879,0.26025700000000007,0.188652,-0.11012499999999999,-0.476174,0.0,-0.235037,-0.44299000000000005,0.340586,-0.4322860000000001,-0.9573830000000001,1.3457940000000006,-0.47643,-0.4924930000000001
481,-0.4416080000000001,-0.3146480000000001,-0.3577999999999999,-0.43750500000000003,0.09497299999999997,-0.5984140000000001,0.325302,-3.6055110000000004,0.30304500000000006,-0.4214460000000001,-0.40012600000000004,-0.675954,0.2536840000000001,0.182664,-0.11012499999999999,-0.472654,0.0,-0.235036,-0.44072300000000003,0.330909,-0.4300130000000001,-0.9478470000000001,1.3182480000000008,-0.473824,-0.4896040000000001
482,-0.3712350000000001,-0.23670600000000008,-0.3489239999999999,-0.37206400000000006,-0.03293000000000003,-0.4577450000000001,0.193876,-2.2302050000000007,0.17156400000000002,-0.3560330000000001,-0.33440200000000003,-0.523482,0.05335199999999999,0.000212,-0.11012499999999999,-0.362544,0.0,-0.235023,-0.3694390000000001,0.03599099999999997,-0.3586600000000001,-0.6572630000000002,0.4829850000000007,-0.392229,-0.3993820000000001
483,-0.28118900000000013,-0.1484360000000001,-0.3261529999999999,-0.28475300000000003,-0.17697800000000002,-0.2859390000000001,0.045867,-0.665908,0.02349300000000001,-0.27189600000000014,-0.25130800000000003,-0.340357,-0.17225600000000002,-0.205246,-0.11012499999999999,-0.224886,0.0,-0.235018,-0.27871000000000007,-0.29617100000000013,-0.2684090000000001,-0.33002700000000007,-0.4380039999999993,-0.289973,-0.2873640000000001
484,-0.2581970000000001,-0.1445180000000001,-0.3018099999999999,-0.25665200000000005,-0.18182700000000002,-0.2553330000000001,0.040699,-0.583066,0.01832400000000001,-0.24970500000000012,-0.23172200000000004,-0.312984,-0.17979300000000004,-0.212315,-0.11012499999999999,-0.195003,0.0,-0.234639,-0.25632900000000003,-0.3076220000000001,-0.24706300000000012,-0.31867000000000006,-0.4333869999999993,-0.267342,-0.26431100000000013
485,-0.23356800000000008,-0.1445710000000001,-0.27209899999999987,-0.22522700000000004,-0.17819400000000002,-0.2242270000000001,0.038356,-0.534741,0.01598900000000001,-0.22589100000000012,-0.21122900000000003,-0.285972,-0.17243500000000003,-0.212395,-0.11012499999999999,-0.16442,0.0,-0.222205,-0.23251300000000005,-0.3077900000000001,-0.2244930000000001,-0.31557300000000005,-0.38238499999999925,-0.24361,-0.2404120000000001
486,-0.22298400000000007,-0.1687220000000001,-0.2474579999999999,-0.20422700000000002,-0.10401300000000002,-0.20046100000000008,-0.007193,-0.2744249999999999,-0.029515999999999997,-0.21714700000000012,-0.20686000000000002,-0.256276,-0.022879000000000017,-0.212248,-0.11012499999999999,-0.162663,0.0,0.02796999999999995,-0.22287400000000004,-0.3077930000000001,-0.2151140000000001,-0.2566220000000001,-0.22641299999999928,-0.232094,-0.2276820000000001
487,-0.2475990000000001,-0.2432590000000001,-0.2405409999999999,-0.21247400000000002,0.11716999999999997,-0.19918600000000009,-0.143126,0.42186100000000015,-0.16543900000000003,-0.24556700000000012,-0.24107300000000004,-0.227066,0.42304600000000003,-0.212096,-0.11012499999999999,-0.228534,0.0,0.7752649999999998,-0.24851200000000007,-0.3077930000000001,-0.23863200000000012,-0.08054900000000002,0.13640800000000072,-0.251692,-0.2438950000000001
488,-0.2533700000000001,-0.2571990000000001,-0.24047299999999988,-0.21553900000000004,0.16029799999999997,-0.2003030000000001,-0.169425,0.5535630000000002,-0.19153100000000003,-0.2520310000000001,-0.24845800000000004,-0.222377,0.5099940000000001,-0.211589,-0.11012499999999999,-0.242796,0.0,0.9187159999999998,-0.2544330000000001,-0.3077940000000001,-0.24406800000000012,-0.044814000000000014,0.20316000000000073,-0.256436,-0.24795400000000012
489,-0.2446500000000001,-0.2478410000000001,-0.2323589999999999,-0.20812200000000003,0.16567699999999996,-0.19041200000000008,-0.170859,0.5453290000000002,-0.19109200000000004,-0.2433860000000001,-0.23968900000000004,-0.210588,0.5208390000000002,-0.207244,-0.11012499999999999,-0.23636,0.0,0.9163019999999997,-0.24566300000000005,-0.3077940000000001,-0.23519000000000012,-0.01446600000000001,0.18786200000000072,-0.247607,-0.23852400000000012
490,-0.1382150000000001,-0.12843700000000008,-0.1474519999999999,-0.12005700000000001,0.17265699999999998,-0.06514000000000007,-0.170928,0.37546700000000016,-0.18693400000000002,-0.1375110000000001,-0.13135700000000003,-0.07433900000000002,0.5349120000000002,-0.197442,-0.11012499999999999,-0.148947,0.0,0.8934269999999997,-0.13816800000000007,-0.3077940000000001,-0.1255200000000001,0.2966460000000001,-0.08417699999999927,-0.139515,-0.12454500000000011
491,-0.04522300000000008,-0.04773200000000007,-0.0692149999999999,-0.034087000000000006,0.16515499999999997,0.04905899999999996,-0.170927,0.27409700000000015,-0.19151400000000002,-0.04560100000000011,-0.04048800000000004,0.03991499999999999,0.5197860000000001,-0.208065,-0.11012499999999999,-0.061727000000000004,0.0,0.9184299999999997,-0.04501300000000004,-0.3077940000000001,-0.031543000000000106,0.4940010000000001,-0.25428699999999926,-0.045861,-0.02719100000000011
492,-0.023434000000000087,-0.042932000000000074,-0.0458229999999999,-0.008218000000000001,0.16195599999999996,0.07663799999999996,-0.170802,0.2750810000000002,-0.19297300000000003,-0.024390000000000103,-0.021529000000000034,0.06368699999999998,0.5133370000000002,-0.211738,-0.11012499999999999,-0.03528100000000001,0.0,0.9250299999999998,-0.02374200000000004,-0.3077940000000001,-0.011037000000000102,0.5013670000000001,-0.24271799999999927,-0.024654,-0.005798000000000111
493,0.0006859999999999145,-0.04557900000000008,-0.016352999999999895,0.024291000000000004,0.14787399999999998,0.10560299999999996,-0.164289,0.26861900000000016,-0.18671100000000002,-0.0009630000000001024,-0.0019020000000000343,0.08490399999999998,0.48494600000000004,-0.212325,-0.11012499999999999,0.0009429999999999958,0.0,0.8801879999999997,-0.0006250000000000427,-0.3077940000000001,0.010227999999999897,0.47146200000000005,-0.21399999999999927,-0.002106,0.016292999999999887
494,0.20651499999999992,-0.09265700000000009,0.24129700000000012,0.31371600000000005,-0.06309500000000003,0.336995,-0.038362,0.05319100000000011,-0.060769,0.20003899999999988,0.16299399999999997,0.225326,0.059614999999999994,-0.212413,-0.11012499999999999,0.346204,0.0,0.16713299999999992,0.19531199999999996,-0.3077940000000001,0.1860359999999999,-0.02706900000000001,0.03338900000000074,0.185117,0.1953559999999999
495,0.3099169999999999,-0.11757400000000008,0.3703610000000001,0.45938500000000004,-0.17865300000000003,0.45013,0.037367,-0.08472199999999992,0.01499000000000001,0.3013269999999999,0.24614699999999998,0.28964,-0.17335900000000004,-0.212418,-0.11012499999999999,0.522422,0.0,-0.223649,0.29372599999999993,-0.3077940000000001,0.27401599999999987,-0.30893300000000007,0.15772000000000072,0.278564,0.2841839999999999
496,0.32071899999999987,-0.11774200000000008,0.3831940000000001,0.4732930000000001,-0.18196000000000004,0.462823,0.040447,-0.08779599999999992,0.01807100000000001,0.31186799999999987,0.25521799999999994,0.299408,-0.18002500000000002,-0.212418,-0.11012499999999999,0.537233,0.0,-0.234832,0.3041539999999999,-0.3077940000000001,0.2837589999999999,-0.31817200000000007,0.1640110000000007,0.288754,0.2942619999999999
497,0.3438259999999999,-0.11666700000000009,0.4106190000000001,0.5025160000000001,-0.18199400000000002,0.491768,0.039466,-0.07564699999999992,0.01708900000000001,0.3342479999999999,0.27457899999999996,0.324274,-0.18009600000000003,-0.212418,-0.11012499999999999,0.566559,0.0,-0.235034,0.32651099999999994,-0.3077940000000001,0.3049249999999999,-0.31653800000000004,0.17500600000000072,0.310983,0.31661299999999987
498,0.3820069999999999,-0.11348900000000009,0.4590950000000001,0.5537850000000001,-0.17950700000000003,0.5501490000000001,-0.002352,0.06660900000000011,-0.024745999999999997,0.36986999999999987,0.30380999999999997,0.383248,-0.17508000000000004,-0.212418,-0.11012499999999999,0.617662,0.0,-0.235037,0.36298199999999997,-0.3077940000000001,0.3392809999999999,-0.24734500000000004,0.21911200000000072,0.349388,0.35598999999999986
499,0.3663339999999999,-0.09307400000000009,0.4488100000000001,0.5385850000000001,-0.15210800000000002,0.5580270000000002,-0.151758,0.5085540000000002,-0.17421400000000004,0.3498469999999999,0.28283699999999995,0.436265,-0.11984300000000003,-0.212418,-0.11012499999999999,0.598847,0.0,-0.235037,0.34661899999999995,-0.3077940000000001,0.32413199999999986,-0.022492000000000012,0.29292600000000074,0.343933,0.3505389999999999
500,0.4061509999999999,-0.038928000000000074,0.4855470000000001,0.5690690000000002,-0.09613000000000002,0.5738730000000001,-0.170292,0.5603940000000002,-0.19275600000000004,0.3886079999999999,0.3230839999999999,0.496719,-0.006986000000000014,-0.212418,-0.11012499999999999,0.622135,0.0,-0.235037,0.3868039999999999,-0.3077940000000001,0.36531799999999987,-0.06478800000000003,0.2679060000000007,0.393902,0.3919729999999999
501,0.5257599999999999,0.14260999999999996,0.5804050000000001,0.6496080000000001,0.03660299999999997,0.5964590000000001,-0.170912,0.5620150000000003,-0.19337600000000002,0.5071619999999999,0.45041699999999996,0.657152,0.26061400000000007,-0.212417,-0.11012499999999999,0.685635,0.0,-0.235037,0.508867,-0.3077940000000001,0.4916109999999999,-0.3204080000000001,0.10263700000000074,0.545579,0.5136979999999999
502,0.6284579999999999,0.438253,0.6135850000000002,0.6655650000000001,0.16196299999999997,0.5242490000000001,-0.170929,0.5620120000000002,-0.19339300000000004,0.6108959999999999,0.580016,0.820114,0.5133500000000001,-0.212416,-0.11012499999999999,0.685315,0.0,-0.235037,0.618576,-0.3077940000000001,0.6127769999999999,-0.7586310000000002,-0.26959499999999925,0.704023,0.6229029999999999
503,0.6269389999999999,0.501905,0.5896570000000001,0.6394560000000001,0.16592199999999996,0.480785,-0.17093,0.5619970000000002,-0.19339300000000004,0.6102979999999999,0.587949,0.830088,0.5213330000000002,-0.212416,-0.11012499999999999,0.65861,0.0,-0.235037,0.619338,-0.3077940000000001,0.6171769999999999,-0.8581410000000002,-0.3758579999999993,0.715421,0.6235869999999999
504,-0.07415100000000008,0.05485699999999994,0.0392960000000001,-0.12747600000000003,-0.11925900000000003,-0.2680670000000001,0.598365,-3.4625260000000004,0.5762210000000001,-0.0597580000000001,-0.05213200000000003,-0.383494,-0.6209550000000001,-0.122909,-0.11012499999999999,-0.191645,0.0,-0.235031,-0.07959900000000004,2.6001830000000004,-0.056255000000000104,-0.9575180000000001,0.7876990000000008,-0.115421,-0.12402900000000011
505,-0.07494900000000008,0.054019999999999936,0.037863000000000105,-0.12807400000000002,-0.11938500000000003,-0.26809500000000014,0.59614,-3.4510160000000005,0.5739960000000001,-0.0605770000000001,-0.05290300000000003,-0.383281,-0.6190160000000001,-0.123275,-0.11012499999999999,-0.191749,0.0,-0.23492,-0.08036500000000005,2.5886060000000004,-0.05707700000000011,-0.9549610000000001,0.7826900000000008,-0.116088,-0.1246470000000001
506,-0.11525700000000008,0.009213999999999934,-0.0371899999999999,-0.15611900000000004,-0.13140500000000002,-0.2645980000000001,0.472337,-2.8091690000000002,0.45014100000000007,-0.10222200000000009,-0.09232500000000003,-0.367066,-0.5183870000000002,-0.143296,-0.11012499999999999,-0.191966,0.0,-0.233216,-0.11907300000000004,1.9433910000000003,-0.0989720000000001,-0.8129910000000001,0.5121720000000007,-0.149279,-0.15520800000000012
507,-0.2248890000000001,-0.1362200000000001,-0.2577099999999999,-0.21866000000000002,-0.17767400000000003,-0.22321900000000008,0.061972,-0.652847,0.03960800000000001,-0.2169690000000001,-0.20277000000000003,-0.287884,-0.19413600000000003,-0.209145,-0.11012499999999999,-0.161778,0.0,-0.233298,-0.22414200000000006,-0.19646400000000008,-0.2157180000000001,-0.34284300000000006,-0.33978199999999925,-0.236287,-0.2335410000000001
508,-0.2102380000000001,-0.14228100000000007,-0.2449829999999999,-0.19625800000000002,-0.18141400000000002,-0.19598700000000008,0.040965,-0.514761,0.018624000000000012,-0.2031800000000001,-0.19137200000000001,-0.26239,-0.17949500000000002,-0.212306,-0.11012499999999999,-0.134518,0.0,-0.2344,-0.20990000000000006,-0.3058450000000001,-0.20308300000000012,-0.31887000000000004,-0.3457409999999993,-0.221285,-0.2180450000000001
509,-0.19907100000000008,-0.14275400000000008,-0.2312429999999999,-0.18178200000000003,-0.17888900000000002,-0.1817600000000001,0.039127,-0.48965299999999995,0.017042000000000012,-0.1924020000000001,-0.18216400000000002,-0.249836,-0.17389300000000002,-0.211741,-0.11012499999999999,-0.120595,0.0,-0.2278,-0.19911600000000004,-0.30763800000000013,-0.19289600000000012,-0.31656100000000004,-0.32041599999999926,-0.210525,-0.2071990000000001
510,-0.19874200000000009,-0.1571150000000001,-0.22293599999999988,-0.17672900000000002,-0.13591200000000003,-0.1763760000000001,0.014365,-0.36064499999999994,-0.006010999999999992,-0.1929070000000001,-0.18450400000000003,-0.239621,-0.08719800000000003,-0.207755,-0.11012499999999999,-0.126361,0.0,-0.10123600000000002,-0.19919400000000007,-0.30777500000000013,-0.19300500000000012,-0.28449800000000003,-0.23924899999999927,-0.209638,-0.20568500000000012
511,-0.2303910000000001,-0.22976500000000008,-0.2238069999999999,-0.19426200000000002,0.07947099999999997,-0.18686000000000008,-0.114926,0.28091600000000017,-0.13220600000000002,-0.22791800000000012,-0.22419300000000003,-0.220825,0.34704000000000007,-0.200451,-0.11012499999999999,-0.199383,0.0,0.5925499999999999,-0.23166300000000006,-0.3077930000000001,-0.22331300000000012,-0.11589600000000003,0.10081400000000074,-0.236463,-0.22930800000000012
512,-0.23978500000000008,-0.2553690000000001,-0.2203369999999999,-0.19831600000000002,0.16959999999999997,-0.18766500000000008,-0.167256,0.5385260000000002,-0.18147000000000002,-0.2387060000000001,-0.23687300000000003,-0.208962,0.5287480000000001,-0.19329,-0.11012499999999999,-0.226272,0.0,0.8634009999999998,-0.24140500000000006,-0.3077930000000001,-0.2322590000000001,-0.036232000000000014,0.23663400000000073,-0.243921,-0.2351410000000001
513,-0.18488900000000008,-0.24086500000000008,-0.14167499999999988,-0.13206100000000004,0.22444999999999998,-0.13298900000000008,-0.170775,0.5323330000000002,-0.15477000000000002,-0.1850580000000001,-0.18919500000000003,-0.147144,0.6393300000000001,-0.123218,-0.11012499999999999,-0.167701,0.0,0.7166069999999999,-0.18838900000000006,-0.3077940000000001,-0.1831290000000001,0.046294,0.3574640000000007,-0.192071,-0.1809950000000001
514,-0.027214000000000085,-0.1609500000000001,0.0501400000000001,0.04101500000000001,0.314262,0.03452799999999996,-0.170927,0.42113300000000015,-0.099798,-0.030080000000000103,-0.04535200000000004,0.03379999999999999,0.8203990000000001,0.004605,-0.11012499999999999,-0.005814000000000004,0.0,0.4141989999999998,-0.03400600000000004,-0.3077940000000001,-0.035526000000000106,0.31557700000000005,0.4601280000000007,-0.039903,-0.02243000000000011
515,0.004221999999999915,-0.06953800000000009,0.019418000000000105,0.040470000000000006,0.22125899999999998,0.09547999999999995,-0.170929,0.30936400000000014,-0.15636200000000003,0.0020539999999998975,-0.0033750000000000342,0.08658099999999999,0.6328980000000001,-0.126549,-0.11012499999999999,0.005887999999999996,0.0,0.7216239999999999,0.0011569999999999573,-0.3077940000000001,0.008027999999999898,0.47732700000000006,0.0038420000000007346,-0.001687,0.01758899999999989
516,0.009411999999999915,-0.04876500000000008,-0.0006679999999998975,0.03731700000000001,0.16208799999999998,0.11557999999999996,-0.170884,0.29074900000000015,-0.18738500000000002,0.0072789999999998975,0.004472999999999967,0.09642499999999998,0.5136040000000001,-0.198587,-0.11012499999999999,0.011560999999999997,0.0,0.8631269999999998,0.007535999999999958,-0.3077940000000001,0.017402999999999894,0.48457200000000006,-0.17195899999999928,0.006022,0.024785999999999888
517,0.11375999999999992,-0.06131500000000008,0.1267510000000001,0.17999200000000004,0.09801599999999998,0.250219,-0.168749,0.3263550000000002,-0.19051700000000002,0.1077499999999999,0.08756199999999997,0.199763,0.3844290000000001,-0.210803,-0.11012499999999999,0.17025,0.0,0.7043679999999999,0.10731799999999996,-0.3077940000000001,0.1093849999999999,0.3959230000000001,-0.09018699999999927,0.104587,0.12185099999999989
518,0.3962789999999999,-0.10754500000000008,0.48178300000000013,0.5711860000000001,-0.08061100000000003,0.5991480000000001,-0.124192,0.3370710000000002,-0.14660200000000004,0.38066299999999986,0.31204299999999996,0.458341,0.02430199999999999,-0.212337,-0.11012499999999999,0.609037,0.0,0.10754099999999993,0.37683799999999995,-0.3077940000000001,0.3553709999999999,0.056039,0.21017100000000072,0.368379,0.3802139999999999
519,0.44147199999999986,-0.11885000000000008,0.5320740000000002,0.6315440000000001,-0.17646000000000003,0.6256590000000001,-0.004445,0.06818600000000011,-0.026839999999999996,0.42742799999999986,0.35273599999999994,0.445879,-0.16893800000000003,-0.212417,-0.11012499999999999,0.69454,0.0,-0.216235,0.4203219999999999,-0.3077940000000001,0.39327099999999987,-0.2512960000000001,0.24776300000000073,0.405822,0.41274499999999986
520,0.4783099999999999,-0.11138500000000008,0.5703970000000002,0.6727650000000001,-0.18193000000000004,0.6597240000000001,0.035651,-0.0147529999999999,0.01327300000000001,0.4645629999999999,0.38728599999999996,0.468015,-0.17996600000000001,-0.212418,-0.11012499999999999,0.737313,0.0,-0.234738,0.45663299999999996,-0.3077940000000001,0.4280829999999999,-0.3118890000000001,0.23787500000000072,0.440224,0.4464819999999999
521,0.5574199999999999,-0.10673900000000008,0.6633270000000001,0.7717680000000001,-0.18185600000000002,0.7564980000000001,0.039852,0.006077000000000103,0.01747600000000001,0.5414609999999999,0.45428199999999996,0.55002,-0.17981700000000003,-0.212418,-0.11012499999999999,0.836623,0.0,-0.235034,0.533312,-0.3077940000000001,0.5007889999999999,-0.31749800000000006,0.26950000000000074,0.516164,0.5226679999999999
522,0.6082799999999999,-0.09582100000000009,0.7225990000000001,0.8333490000000001,-0.17167000000000002,0.8163560000000001,0.028822,0.056016000000000114,0.006441000000000009,0.5905459999999999,0.49758399999999997,0.610328,-0.15928000000000003,-0.212418,-0.11012499999999999,0.897068,0.0,-0.235037,0.582717,-0.3077940000000001,0.5480429999999998,-0.31047800000000003,0.29090300000000074,0.567212,0.5727159999999999
523,0.6503649999999999,0.08754599999999994,0.7440550000000001,0.8229800000000002,0.04309799999999997,0.7683690000000001,-0.097726,0.3806860000000002,-0.12016,0.6297259999999999,0.552002,0.745993,0.27370900000000004,-0.212418,-0.11012499999999999,0.858697,0.0,-0.235037,0.62834,-0.3077940000000001,0.6017769999999999,-0.34884600000000004,0.21508600000000072,0.650639,0.6275329999999999
524,0.7981219999999999,0.326829,0.8741740000000001,0.9199820000000001,0.312251,0.7971100000000001,-0.168033,0.5550580000000003,-0.19049400000000002,0.7741029999999999,0.707432,0.978782,0.8163440000000001,-0.212414,-0.11012499999999999,0.920944,0.0,-0.235037,0.778838,-0.3077940000000001,0.7583769999999999,-0.5548920000000002,0.09568300000000074,0.844488,0.7828289999999999
525,0.8700449999999998,0.431608,0.9334640000000001,0.9701680000000001,0.396188,0.8138380000000001,-0.170861,0.5619220000000003,-0.19331200000000004,0.8452509999999999,0.783231,1.075591,0.9855680000000001,-0.212389,-0.11012499999999999,0.960351,0.0,-0.235037,0.852055,-0.3077940000000001,0.8338959999999999,-0.6970550000000001,0.008013000000000733,0.934942,0.8560319999999999
526,0.7888689999999999,0.486145,0.8079500000000001,0.8479350000000001,0.321758,0.6822720000000001,-0.170928,0.5620610000000003,-0.19333500000000003,0.7672239999999999,0.722516,0.999286,0.8355120000000001,-0.212285,-0.11012499999999999,0.847425,0.0,-0.235037,0.775435,-0.3077940000000001,0.7643539999999999,-0.7993630000000002,-0.1714999999999993,0.867922,0.7794639999999999
527,0.6651429999999999,0.503476,0.6392790000000002,0.6866520000000002,0.20249699999999998,0.5248050000000001,-0.17093,0.5620540000000003,-0.19329100000000002,0.6473949999999999,0.620456,0.870961,0.5950720000000002,-0.212179,-0.11012499999999999,0.701167,0.0,-0.235037,0.65635,-0.3077940000000001,0.6523739999999999,-0.8530340000000001,-0.3371149999999993,0.752477,0.6605299999999998
528,0.025948999999999913,0.15073299999999998,0.14504600000000012,-0.04363000000000001,-0.17811400000000002,-0.17714000000000008,0.670976,-3.4034720000000003,0.6488620000000002,0.03851799999999989,0.042453999999999964,-0.303147,-0.8587170000000001,-0.207083,-0.11012499999999999,-0.114779,0.0,-0.234896,0.01945199999999996,3.2102630000000003,0.0450109999999999,-0.9575570000000001,0.6260330000000007,-0.017109,-0.024112000000000113
529,0.026006999999999912,0.14951699999999998,0.14518100000000012,-0.04350400000000001,-0.17496200000000003,-0.17694900000000008,0.670659,-3.3998370000000007,0.6485450000000001,0.038554999999999895,0.042439999999999964,-0.302996,-0.8536170000000001,-0.207098,-0.11012499999999999,-0.114791,0.0,-0.232223,0.01949099999999996,3.2085230000000005,0.0449699999999999,-0.9572240000000001,0.6264370000000008,-0.017046,-0.02398100000000011
530,0.01690699999999991,0.11470199999999994,0.1307710000000001,-0.047663000000000004,-0.11814100000000002,-0.17406600000000008,0.637299,-3.2071340000000004,0.6151720000000002,0.028809999999999895,0.03210499999999997,-0.298266,-0.7316540000000001,-0.207602,-0.11012499999999999,-0.115621,0.0,-0.18388400000000002,0.010342999999999956,3.0228600000000005,0.03352299999999989,-0.9232120000000001,0.5914760000000008,-0.024661,-0.02991800000000011
531,-0.1451900000000001,-0.1289540000000001,-0.1403209999999999,-0.14445100000000002,-0.043986000000000025,-0.17154100000000008,0.168246,-0.989968,0.14600900000000003,-0.13813900000000012,-0.13152200000000003,-0.254769,-0.11034100000000002,-0.211673,-0.11012499999999999,-0.118435,0.0,-0.11888800000000001,-0.14750900000000006,0.40593,-0.1405090000000001,-0.44741600000000004,-0.09295299999999926,-0.163574,-0.15963900000000011
532,-0.18764000000000008,-0.14508700000000008,-0.2145379999999999,-0.17016600000000004,-0.15537500000000004,-0.1731910000000001,0.051445,-0.523418,0.029895000000000012,-0.1811620000000001,-0.17222000000000004,-0.243879,-0.15116100000000002,-0.210509,-0.11012499999999999,-0.11274,0.0,-0.214667,-0.18817400000000006,-0.24285600000000007,-0.1825040000000001,-0.32918000000000003,-0.2855859999999993,-0.200068,-0.1964530000000001
533,-0.1844870000000001,-0.1487070000000001,-0.2076259999999999,-0.16126600000000002,-0.15807300000000002,-0.1659690000000001,0.035595,-0.46331999999999995,0.019328000000000012,-0.1783980000000001,-0.17089700000000002,-0.233793,-0.13516100000000003,-0.198247,-0.11012499999999999,-0.103893,0.0,-0.229522,-0.18531200000000006,-0.2993460000000001,-0.18037600000000012,-0.31156400000000006,-0.25497999999999926,-0.196993,-0.1934690000000001
534,-0.15107700000000007,-0.18616100000000008,-0.1334969999999999,-0.10358600000000001,-0.047754000000000026,-0.12980100000000008,-0.004425,-0.28718199999999994,0.010240000000000011,-0.1472480000000001,-0.14952600000000002,-0.185657,0.09018,-0.126484,-0.11012499999999999,-0.0685,0.0,-0.189383,-0.15470800000000007,-0.30686000000000013,-0.15431100000000011,-0.25996400000000003,0.03688700000000074,-0.166717,-0.1622420000000001
535,-0.09394900000000009,-0.2752310000000001,0.010478000000000102,0.0026400000000000004,0.22946899999999998,-0.06263900000000007,-0.114141,0.21547100000000013,-0.038387,-0.0953450000000001,-0.11743900000000003,-0.08701300000000001,0.6494330000000001,0.015275,-0.11012499999999999,-0.021245000000000003,0.0,0.07679699999999995,-0.10316800000000004,-0.30775000000000013,-0.11082700000000009,-0.10812400000000003,0.6873920000000008,-0.11429,-0.10679200000000011
536,-0.07339400000000008,-0.2649070000000001,0.044406000000000105,0.024108000000000004,0.339176,-0.031533000000000054,-0.166274,0.4659440000000002,-0.075195,-0.0764890000000001,-0.10007400000000002,-0.037478000000000004,0.8706280000000001,0.05086,-0.11012499999999999,-0.025039000000000002,0.0,0.2791119999999999,-0.08295500000000004,-0.3077930000000001,-0.09013700000000009,0.071896,0.7928180000000008,-0.091572,-0.07951000000000011
537,0.04259599999999992,-0.2001340000000001,0.1965670000000001,0.15140300000000004,0.444844,0.08590899999999996,-0.170838,0.45301400000000014,-0.019324999999999995,0.037305999999999895,0.005474999999999966,0.09765999999999998,1.0836640000000002,0.191001,-0.11012499999999999,0.087921,0.0,-0.028076000000000035,0.03026299999999996,-0.3077940000000001,0.016891999999999897,0.3142670000000001,0.9385540000000008,0.020204,0.03932199999999989
538,0.09497999999999991,-0.17802400000000007,0.26650600000000013,0.21140400000000004,0.486434,0.13886999999999997,-0.170929,0.43101100000000014,0.006155000000000009,0.0886799999999999,0.052280999999999966,0.15656,1.1675120000000003,0.250325,-0.11012499999999999,0.142685,0.0,-0.16859700000000002,0.08119099999999996,-0.3077940000000001,0.0646949999999999,0.40012800000000004,1.0148850000000007,0.070168,0.09167899999999989
539,0.09423399999999992,-0.1542900000000001,0.23893300000000012,0.19926500000000003,0.43298,0.15072599999999997,-0.170929,0.4064940000000002,-0.023604999999999998,0.0882509999999999,0.055770999999999966,0.160949,1.0597450000000002,0.181502,-0.11012499999999999,0.138115,0.0,-0.022136000000000038,0.08196599999999996,-0.3077940000000001,0.0690049999999999,0.41984000000000005,0.8302660000000007,0.07234,0.09358199999999989
540,0.2077559999999999,-0.10720300000000009,0.2917340000000001,0.32532400000000006,0.16176199999999996,0.344932,-0.170919,0.39804000000000017,-0.13547300000000004,0.1979179999999999,0.15636299999999997,0.287423,0.5129470000000002,-0.077588,-0.11012499999999999,0.311489,0.0,0.2908289999999999,0.19474999999999995,-0.3077940000000001,0.1838069999999999,0.32802200000000004,0.32684000000000074,0.188454,0.2058719999999999
541,0.5374089999999999,-0.1254810000000001,0.6639730000000001,0.7659860000000001,-0.11013800000000003,0.7889810000000002,-0.170603,0.5082620000000002,-0.18995100000000004,0.5152789999999999,0.42215699999999995,0.621455,-0.03522700000000002,-0.204974,-0.11012499999999999,0.812762,0.0,-0.026204000000000036,0.511451,-0.3077940000000001,0.4796759999999999,0.060061,0.3709240000000007,0.503233,0.5152969999999999
542,0.6463499999999999,-0.1393580000000001,0.7985270000000001,0.9151160000000002,-0.17198500000000003,0.9276810000000001,-0.165783,0.5403520000000003,-0.18817800000000004,0.6202619999999999,0.508961,0.728037,-0.15991500000000003,-0.212228,-0.11012499999999999,0.977832,0.0,-0.201834,0.615588,-0.3077940000000001,0.5754899999999998,-0.035401000000000016,0.4659530000000007,0.605899,0.6164249999999999
543,0.6546229999999998,-0.13085200000000008,0.8008560000000001,0.9182690000000001,-0.18104400000000004,0.9215990000000001,-0.109015,0.4043720000000002,-0.13145200000000004,0.6302549999999999,0.520907,0.712893,-0.17818000000000003,-0.212412,-0.11012499999999999,0.983343,0.0,-0.231745,0.624495,-0.3077940000000001,0.5844849999999999,-0.12216400000000002,0.43206800000000073,0.612438,0.6218199999999999
544,0.6504259999999998,-0.10720400000000008,0.7772230000000001,0.8931540000000001,-0.18199600000000002,0.8797600000000001,0.013784,0.10341200000000011,-0.008603999999999994,0.6307209999999999,0.52989,0.658938,-0.18009800000000004,-0.212418,-0.11012499999999999,0.958399,0.0,-0.234965,0.622851,-0.3077940000000001,0.5851329999999999,-0.28236100000000003,0.33020300000000075,0.606007,0.6133829999999999
545,0.6583669999999999,-0.10224400000000008,0.7830100000000001,0.8992880000000001,-0.18179700000000001,0.8822720000000001,0.03785,0.04844100000000011,0.015473000000000011,0.6393129999999999,0.539019,0.65763,-0.17969800000000002,-0.212418,-0.11012499999999999,0.964529,0.0,-0.235036,0.631012,-0.3077940000000001,0.5932959999999999,-0.31454800000000005,0.31423200000000073,0.613189,0.6201589999999999
546,0.6854629999999999,-0.09065500000000008,0.8129750000000001,0.9293800000000001,-0.16992200000000002,0.9088300000000001,0.035903,0.05758500000000011,0.013525000000000011,0.6656849999999999,0.563283,0.689173,-0.15575700000000003,-0.212418,-0.11012499999999999,0.993167,0.0,-0.235037,0.657593,-0.3077940000000001,0.6191029999999998,-0.32479800000000003,0.3121000000000007,0.641452,0.6468209999999999
547,0.8819379999999999,0.18160599999999996,0.9971360000000001,1.0776070000000002,0.14032699999999998,0.9828130000000002,-0.063445,0.30975700000000017,-0.085861,0.8567859999999999,0.762397,0.99232,0.46973100000000007,-0.212411,-0.11012499999999999,1.101445,0.0,-0.235037,0.855988,-0.3077940000000001,0.8228179999999999,-0.5236960000000002,0.18855300000000072,0.889687,0.8519949999999998
548,0.9788239999999999,0.469934,1.059114,1.0919740000000002,0.474232,0.9183400000000002,-0.164998,0.5505970000000002,-0.18741800000000003,0.9515109999999999,0.88081,1.195168,1.1429130000000003,-0.212323,-0.11012499999999999,1.072362,0.0,-0.235037,0.958679,-0.3077940000000001,0.9371689999999999,-0.7479530000000001,0.035948000000000736,1.046739,0.9619689999999999
549,0.9713819999999999,0.490672,1.045741,1.0745440000000002,0.494474,0.8949750000000001,-0.170551,0.5615110000000002,-0.19270600000000002,0.9444139999999999,0.877393,1.193823,1.1837220000000002,-0.2117,-0.11012499999999999,1.052186,0.0,-0.235037,0.952155,-0.3077940000000001,0.9322429999999999,-0.7693600000000002,0.017163000000000737,1.044253,0.9558629999999999
550,0.9493669999999998,0.489019,1.016697,1.0479690000000002,0.4642,0.8692560000000001,-0.170891,0.5616320000000002,-0.19130800000000003,0.9230319999999999,0.858447,1.170181,1.1226870000000002,-0.207672,-0.11012499999999999,1.029103,0.0,-0.235037,0.930782,-0.3077940000000001,0.9117649999999999,-0.7768360000000001,-0.017160999999999264,1.022839,0.9344019999999998
551,0.8680629999999999,0.47131,0.9120530000000001,0.9544310000000001,0.340803,0.7826040000000001,-0.170927,0.5604390000000002,-0.18504800000000002,0.8439339999999999,0.786768,1.080074,0.8739090000000002,-0.193072,-0.11012499999999999,0.950014,0.0,-0.235037,0.851449,-0.3077940000000001,0.8350529999999999,-0.7896790000000001,-0.13430099999999928,0.941247,0.8546609999999999
552,0.03587899999999992,0.07961799999999994,0.1259180000000001,-0.045985000000000005,-0.17908200000000002,-0.16395700000000007,0.675387,-3.2627130000000006,0.6532760000000001,0.044617999999999894,0.048283999999999966,-0.29816,-0.8692170000000001,-0.212196,-0.11012499999999999,-0.11011,0.0,-0.232684,0.040072999999999956,3.2473240000000003,0.045895999999999895,-0.9575600000000001,0.4403800000000007,0.001922,-0.011759000000000111
553,0.03858499999999992,0.06504899999999994,0.1322700000000001,-0.042376000000000004,-0.12805200000000003,-0.16098800000000008,0.675328,-3.2329120000000002,0.6532170000000002,0.047151999999999895,0.049926999999999964,-0.296063,-0.7919990000000001,-0.212204,-0.11012499999999999,-0.110103,0.0,-0.189535,0.04201299999999996,3.2470140000000005,0.047406999999999894,-0.9574930000000001,0.4622190000000007,0.004095,-0.00832200000000011
554,0.06663999999999992,-0.09642600000000008,0.19946700000000012,-0.0036840000000000006,0.431981,-0.1284770000000001,0.670122,-2.8859200000000005,0.6480110000000001,0.0733039999999999,0.06634299999999997,-0.272657,0.060420999999999996,-0.212291,-0.11012499999999999,-0.110048,0.0,0.2840049999999999,0.06162799999999996,3.2180850000000003,0.0623149999999999,-0.9521730000000002,0.6964930000000008,0.026471,0.02804099999999989
555,0.07116999999999991,-0.2726400000000001,0.22964000000000012,0.021158000000000003,0.966833,-0.09804200000000007,0.602066,-2.2789710000000003,0.5801890000000001,0.0757779999999999,0.06001799999999997,-0.244447,0.9435870000000001,-0.211791,-0.11012499999999999,-0.109749,0.0,0.7355509999999998,0.05764199999999996,2.8385600000000006,0.053803999999999894,-0.8835090000000001,0.8477270000000008,0.02775,0.04435399999999989
556,-0.037516000000000084,-0.23173500000000008,0.047120000000000106,-0.04920700000000001,0.503995,-0.12027400000000008,0.337179,-1.4032530000000003,0.32324500000000006,-0.0327120000000001,-0.040131000000000035,-0.229622,0.5376480000000001,-0.193129,-0.11012499999999999,-0.099607,0.0,0.3221219999999999,-0.046253000000000044,1.3997600000000001,-0.047209000000000105,-0.6145950000000001,0.40529900000000074,-0.067769,-0.05614400000000011
557,-0.08317600000000008,-0.2346560000000001,-0.0036399999999998977,-0.014820000000000002,0.16434699999999997,-0.07857600000000006,0.01626,-0.32393099999999997,0.06749600000000003,-0.0817620000000001,-0.09741800000000003,-0.13113,0.41047800000000007,-0.041704,-0.11012499999999999,-0.016569000000000004,0.0,-0.14412100000000003,-0.09132800000000005,-0.03180500000000005,-0.0975630000000001,-0.27279800000000004,0.4456890000000007,-0.106136,-0.09962100000000011
558,0.007464999999999915,-0.3290200000000001,0.1960710000000001,0.15538200000000002,0.382816,0.030698999999999952,-0.129795,0.24727200000000013,0.01972500000000001,0.0025179999999998975,-0.041249000000000036,0.017102999999999993,0.9540090000000001,0.186336,-0.11012499999999999,0.10809,0.0,-0.227319,-0.008346000000000043,-0.2960020000000001,-0.028624000000000104,-0.09689800000000003,1.2193990000000006,-0.02389,-0.016102000000000113
559,0.04330299999999992,-0.3599420000000001,0.27058500000000013,0.21418800000000002,0.483223,0.06863899999999996,-0.164852,0.39571100000000015,0.01615200000000001,0.036256999999999893,-0.016835000000000034,0.06642799999999999,1.1609400000000003,0.259375,-0.11012499999999999,0.147156,0.0,-0.222781,0.02479199999999996,-0.3075430000000001,-3.8000000000102486e-05,-0.04346500000000001,1.4888660000000007,0.008736,0.017548999999999888
560,0.06053999999999991,-0.3159460000000001,0.2779500000000001,0.21965600000000002,0.497044,0.09050099999999996,-0.17032,0.4207440000000002,0.01381800000000001,0.053472999999999896,0.0037369999999999656,0.09519899999999999,1.1889010000000002,0.266651,-0.11012499999999999,0.149695,0.0,-0.210283,0.04295999999999996,-0.3077900000000001,0.019785999999999897,0.079716,1.3975580000000007,0.028132,0.04039799999999989
561,0.09888399999999992,-0.20205800000000007,0.2856420000000001,0.22607500000000003,0.502838,0.13869299999999998,-0.170916,0.42760200000000015,0.01622800000000001,0.0922119999999999,0.051981999999999966,0.156177,1.2005840000000003,0.273703,-0.11012499999999999,0.155254,0.0,-0.223736,0.08392299999999996,-0.3077930000000001,0.0651439999999999,0.35569600000000007,1.1229040000000006,0.071824,0.09210899999999989
562,0.10849499999999991,-0.18011500000000008,0.2901860000000001,0.23028100000000004,0.504087,0.15051899999999996,-0.170929,0.42956200000000017,0.01731400000000001,0.1018269999999999,0.06308299999999997,0.170143,1.2031030000000003,0.276891,-0.11012499999999999,0.159322,0.0,-0.231597,0.09393999999999995,-0.3077940000000001,0.0758169999999999,0.40866600000000003,1.0743270000000007,0.082328,0.10418799999999989
563,0.12167199999999992,-0.1754690000000001,0.3004440000000001,0.24562600000000004,0.483204,0.17014799999999997,-0.17093,0.42830700000000016,0.01005500000000001,0.1146019999999999,0.07458099999999997,0.1846,1.1610010000000002,0.264562,-0.11012499999999999,0.178205,0.0,-0.222412,0.10688599999999995,-0.3077940000000001,0.0885589999999999,0.40555100000000005,1.0442080000000007,0.095414,0.11703599999999989
564,0.3784659999999999,-0.15113000000000007,0.5396140000000001,0.5708360000000001,0.14920399999999998,0.5428540000000001,-0.170928,0.4733470000000002,-0.095535,0.3622089999999999,0.28815799999999997,0.453142,0.48762800000000006,0.0331,-0.11012499999999999,0.567839,0.0,-0.190892,0.35617899999999997,-0.3077940000000001,0.32791199999999987,0.20776700000000003,0.7297290000000007,0.345762,0.3617579999999999
565,0.6501169999999998,-0.1412740000000001,0.8067770000000001,0.9214480000000002,-0.16626900000000003,0.9318020000000001,-0.170858,0.5516310000000002,-0.18960400000000002,0.6237669999999998,0.511407,0.733809,-0.14839200000000002,-0.198571,-0.11012499999999999,0.982994,0.0,-0.222644,0.619013,-0.3077940000000001,0.5782929999999998,-0.02492900000000001,0.4928710000000007,0.609273,0.6199189999999999
566,0.6728439999999999,-0.14164800000000008,0.8316890000000001,0.9510540000000001,-0.18129300000000004,0.9622050000000001,-0.169515,0.5574560000000002,-0.19191000000000003,0.6456959999999999,0.530054,0.756542,-0.17868100000000003,-0.21154,-0.11012499999999999,1.016243,0.0,-0.233336,0.640935,-0.3077940000000001,0.5989439999999999,-0.04312700000000001,0.48974000000000073,0.631104,0.6415329999999999
567,0.7056279999999999,-0.13290400000000008,0.8660780000000001,0.9878250000000001,-0.18196200000000004,0.9967030000000001,-0.148246,0.5063060000000003,-0.17070000000000002,0.6783149999999999,0.560216,0.783165,-0.18003100000000002,-0.212337,-0.11012499999999999,1.053346,0.0,-0.234851,0.673197,-0.3077940000000001,0.6300579999999999,-0.06403200000000003,0.47470200000000073,0.662381,0.6728269999999998
568,0.7447859999999998,-0.10764000000000008,0.8958050000000001,1.0195100000000001,-0.18201600000000004,1.0156040000000002,-0.048697,0.2631530000000002,-0.07111,0.7200409999999999,0.603918,0.785218,-0.18013900000000002,-0.212415,-0.11012499999999999,1.08515,0.0,-0.23503,0.713223,-0.3077940000000001,0.6700239999999998,-0.18351500000000004,0.3944640000000007,0.698318,0.7076099999999999
569,0.7564409999999999,-0.09849600000000008,0.9014010000000001,1.0254440000000002,-0.18182600000000002,1.0113790000000003,0.013189,0.11837300000000012,-0.009197999999999993,0.7335929999999999,0.619565,0.772008,-0.17975500000000003,-0.212418,-0.11012499999999999,1.091078,0.0,-0.235037,0.725615,-0.3077940000000001,0.6826829999999999,-0.27276200000000006,0.3478630000000007,0.708122,0.7161899999999999
570,1.045501,-0.07615600000000008,1.240032,1.3847940000000003,-0.17226600000000003,1.3588850000000001,0.029375,0.1213740000000001,0.00699500000000001,1.014685,0.865308,1.072395,-0.16048300000000001,-0.212417,-0.11012499999999999,1.450291,0.0,-0.235037,1.006005,-0.3077940000000001,0.9489009999999999,-0.3107750000000001,0.3727930000000007,0.987063,0.9945019999999999
571,1.70354,0.10534999999999994,1.990124,2.1565280000000002,0.005609999999999974,2.0749340000000003,-0.018221,0.3179770000000002,-0.04059,1.653637,1.43895,1.81896,0.19813100000000003,-0.212344,-0.11012499999999999,2.201233,0.0,-0.235037,1.647909,-0.3077940000000001,1.56598,-0.44089500000000004,0.3776580000000007,1.652989,1.6377989999999998
572,1.301646,0.395702,1.457841,1.5325180000000003,0.372144,1.3750370000000003,-0.129969,0.5133630000000002,-0.15172200000000002,1.264554,1.141026,1.503741,0.9370950000000001,-0.21081,-0.11012499999999999,1.527422,0.0,-0.235037,1.268471,-0.3077940000000001,1.225207,-0.6836150000000001,0.13720700000000072,1.336697,1.268042
573,1.072754,0.461117,1.177355,1.2151960000000002,0.485219,1.0366020000000002,-0.164857,0.5542370000000002,-0.18131100000000003,1.042552,0.958122,1.292303,1.1650620000000003,-0.198486,-0.11012499999999999,1.19327,0.0,-0.235037,1.049149,-0.3077940000000001,1.02192,-0.7411350000000001,0.06628000000000074,1.13496,1.0517339999999997
574,1.25747,0.360512,1.442771,1.4902130000000002,0.498655,1.3053880000000002,-0.170234,0.5539010000000002,-0.15479200000000004,1.220541,1.097892,1.470901,1.1921500000000003,-0.12452,-0.11012499999999999,1.460632,0.0,-0.235037,1.224001,-0.3077940000000001,1.180066,-0.6440160000000001,0.2038940000000007,1.29376,1.2241659999999999
575,1.881856,0.051056999999999936,2.317244,2.4077790000000006,0.489339,2.2140440000000003,-0.170888,0.5374940000000002,-0.068026,1.822852,1.575235,2.07144,1.1733690000000003,0.078186,-0.11012499999999999,2.363732,0.0,-0.235037,1.816363,-0.3077940000000001,1.718299,-0.34706300000000007,0.6216130000000007,1.833627,1.8084479999999998
576,0.05035299999999992,-0.20361300000000007,0.0320540000000001,-0.07321000000000001,-0.16957800000000003,-0.1354760000000001,0.675623,-2.7570680000000003,0.6535110000000001,0.045381999999999895,0.04887499999999997,-0.297542,-0.8552600000000001,-0.212376,-0.11007499999999999,-0.109909,0.0,-0.224514,0.09417699999999996,3.2488960000000002,0.026780999999999895,-0.9575090000000002,-0.20800699999999928,0.050326,0.01168299999999989
577,0.05900499999999992,-0.21949600000000008,0.07102800000000009,-0.05491900000000001,0.030423999999999975,-0.1279270000000001,0.675612,-2.7147000000000006,0.6535000000000001,0.055365999999999894,0.055365999999999964,-0.289376,-0.5528370000000001,-0.212382,-0.11008199999999999,-0.109909,0.0,-0.05541900000000003,0.09399699999999996,3.2488760000000005,0.0356429999999999,-0.9575120000000001,-0.026451999999999264,0.051895,0.02189099999999989
578,0.09653599999999991,-0.2884820000000001,0.2402760000000001,0.024517000000000004,0.899259,-0.09513700000000007,0.675413,-2.5301080000000002,0.6533030000000001,0.0986849999999999,0.08350899999999997,-0.253884,0.7610980000000002,-0.212404,-0.11011399999999999,-0.109906,0.0,0.6791509999999998,0.09314999999999996,3.2479540000000005,0.0740899999999999,-0.9573730000000001,0.7622380000000007,0.058653,0.06618599999999988
579,0.10782299999999992,-0.3101150000000001,0.2930590000000001,0.04943100000000001,1.172578,-0.08479700000000007,0.673568,-2.4656510000000003,0.6515700000000001,0.1118139999999999,0.09184999999999997,-0.242416,1.1764470000000002,-0.212145,-0.11012299999999998,-0.109761,0.0,0.9099219999999998,0.09225299999999996,3.2383080000000004,0.0857139999999999,-0.9555010000000002,1.0107720000000007,0.060228,0.07966799999999989
580,0.10245999999999991,-0.3106210000000001,0.2884580000000001,0.05272700000000001,1.149961,-0.08090400000000007,0.64012,-2.3505730000000002,0.6240870000000001,0.10627299999999991,0.08544299999999998,-0.232698,1.1820660000000003,-0.19825,-0.11011799999999998,-0.102164,0.0,0.8743649999999997,0.08627599999999996,3.0844150000000004,0.0801209999999999,-0.9201130000000001,1.0216420000000006,0.055148,0.07476299999999989
581,0.060992999999999915,-0.33886100000000013,0.2683850000000001,0.14657400000000004,0.720051,0.00723399999999995,0.143343,-0.660902,0.24639900000000003,0.058307999999999895,0.018342999999999967,-0.05310200000000001,1.1401310000000002,0.078436,-0.11010399999999998,0.04938599999999999,0.0,0.1829639999999999,0.04362999999999996,0.9694470000000001,0.026284999999999895,-0.38572700000000004,1.2824660000000008,0.021874,0.034479999999999886
582,0.050438999999999914,-0.3677550000000001,0.2852220000000001,0.22398500000000002,0.50632,0.07294799999999996,-0.159462,0.37887400000000016,0.02518800000000001,0.0431649999999999,-0.011600000000000034,0.07014599999999999,1.1925610000000002,0.267848,-0.11012099999999998,0.153185,0.0,-0.222338,0.03135399999999996,-0.2692500000000001,0.005660999999999898,-0.05614300000000001,1.5385070000000007,0.014812,0.02362199999999989
583,0.05344099999999992,-0.3661200000000001,0.2898850000000001,0.22959900000000003,0.505407,0.07854799999999997,-0.170452,0.41444200000000014,0.01840500000000001,0.0459599999999999,-0.009361000000000034,0.07879999999999998,1.2054890000000003,0.277593,-0.11012499999999999,0.158516,0.0,-0.234576,0.034271999999999955,-0.3070890000000001,0.008281999999999897,-0.03258100000000001,1.5496140000000007,0.017916,0.02688699999999989
584,0.06519099999999992,-0.3287120000000001,0.2904470000000001,0.23008100000000004,0.506049,0.09268699999999996,-0.170893,0.3957760000000002,0.01821900000000001,0.058016999999999895,0.006168999999999966,0.09856199999999998,1.2070530000000002,0.278211,-0.11012499999999999,0.158858,0.0,-0.234527,0.04701299999999996,-0.3077830000000001,0.022756999999999895,0.062095,1.4512770000000006,0.031345,0.042507999999999886
585,0.09970599999999992,-0.21608600000000008,0.2914160000000001,0.23132200000000003,0.504611,0.13625999999999996,-0.170928,0.3748980000000002,0.01775500000000001,0.0932059999999999,0.051522999999999965,0.155607,1.2041590000000002,0.278343,-0.11012499999999999,0.160283,0.0,-0.23466,0.08439099999999995,-0.3077930000000001,0.0650709999999999,0.3345250000000001,1.1584420000000006,0.071235,0.08964499999999989
586,0.11983399999999991,-0.17614200000000008,0.3000510000000001,0.24300500000000003,0.488554,0.16449599999999998,-0.17093,0.39402400000000015,0.01283700000000001,0.1131059999999999,0.07350899999999998,0.183252,1.1717870000000001,0.278307,-0.11012499999999999,0.174105,0.0,-0.23489,0.10515599999999996,-0.3077940000000001,0.0869629999999999,0.41718500000000003,1.0548200000000008,0.09315,0.11419799999999988
587,0.18977599999999992,-0.14956300000000008,0.36056700000000014,0.32520200000000005,0.377618,0.263007,-0.17093,0.36578000000000016,-0.021315999999999998,0.1812409999999999,0.13471299999999997,0.260208,0.9481300000000001,0.271332,-0.11012499999999999,0.271627,0.0,-0.23453,0.17374799999999996,-0.3077940000000001,0.1538999999999999,0.42415300000000006,0.9413500000000008,0.161738,0.1810719999999999
588,0.4510909999999999,-0.09460500000000008,0.5991970000000001,0.6463730000000001,0.009103999999999973,0.6340300000000001,-0.170929,0.31520600000000015,-0.13472800000000001,0.4345779999999999,0.35708999999999996,0.539815,0.20517400000000002,0.143848,-0.11012499999999999,0.653392,0.0,-0.233742,0.42850799999999994,-0.3077940000000001,0.4000999999999999,0.3287050000000001,0.5954700000000008,0.416512,0.4291699999999999
589,0.6416359999999999,-0.11933700000000008,0.7945640000000002,0.9028190000000001,-0.17183300000000004,0.9135990000000002,-0.170909,0.47770300000000016,-0.19028600000000004,0.6166109999999999,0.508313,0.729947,-0.15961000000000003,-0.118642,-0.11012499999999999,0.958191,0.0,-0.234528,0.611653,-0.3077940000000001,0.5725999999999999,0.061543,0.4772450000000007,0.601178,0.6114529999999999
590,0.7095109999999999,-0.1316160000000001,0.8730960000000001,0.9942990000000002,-0.18180200000000002,1.0068990000000002,-0.170484,0.5489900000000002,-0.19288700000000003,0.6814579999999999,0.562144,0.797405,-0.17970800000000003,-0.199707,-0.11012499999999999,1.05867,0.0,-0.234963,0.676723,-0.3077940000000001,0.6333209999999999,-0.01637900000000001,0.4891220000000007,0.666678,0.6775999999999999
591,0.8486869999999999,-0.11270700000000008,1.032112,1.1646790000000002,-0.18201700000000004,1.1796050000000002,-0.165817,0.5487130000000002,-0.18827900000000003,0.8166789999999999,0.681189,0.944608,-0.18014100000000002,-0.211453,-0.11012499999999999,1.230679,0.0,-0.235031,0.811944,-0.3077940000000001,0.7621609999999999,9.899999999999147e-05,0.4954750000000007,0.801187,0.8136789999999999
592,0.9711319999999999,-0.09359400000000008,1.170613,1.3123310000000001,-0.18202000000000002,1.3261160000000003,-0.146958,0.5058180000000002,-0.16941200000000003,0.9362789999999999,0.787499,1.068256,-0.18014700000000003,-0.212389,-0.11012499999999999,1.378872,0.0,-0.235037,0.931202,-0.3077940000000001,0.8760389999999999,-0.0012330000000000086,0.49011100000000074,0.919065,0.9324699999999999
593,1.186459,-0.08006500000000008,1.419662,1.5777010000000002,-0.18196800000000002,1.5770430000000002,-0.093414,0.41222200000000014,-0.115845,1.147048,0.973121,1.2732,-0.18004200000000004,-0.212417,-0.11012499999999999,1.645056,0.0,-0.235037,1.140497,-0.3077940000000001,1.074825,-0.08740200000000002,0.48394900000000074,1.124441,1.1374179999999998
594,2.18366,-0.030311000000000074,2.590116,2.8245890000000005,-0.18008000000000002,2.7821430000000005,0.007391,0.3246200000000002,-0.014997999999999992,2.117907,1.819972,2.284433,-0.17623500000000003,-0.212416,-0.11012499999999999,2.895544,0.0,-0.235037,2.107396,-0.3077940000000001,1.991442,-0.2635970000000001,0.5626560000000008,2.079636,2.093696
595,2.658636,0.009774999999999935,3.145755,3.4139130000000004,-0.16245700000000002,3.3512400000000007,0.032003,0.33431000000000016,0.00968900000000001,2.579774,2.224131,2.77953,-0.14070600000000003,-0.212265,-0.11012499999999999,3.484377,0.0,-0.235037,2.56822,-0.3077940000000001,2.429161,-0.32861700000000005,0.6025460000000008,2.538773,2.551238
596,2.4641,0.10146699999999995,2.896595,3.1305690000000004,-0.050571000000000026,3.0450070000000005,-0.002875,0.37866600000000017,-0.022201999999999996,2.391402,2.073634,2.608833,0.084864,-0.205307,-0.11012499999999999,3.184952,0.0,-0.235037,2.38303,-0.3077940000000001,2.259712,-0.40162800000000004,0.5178920000000008,2.374109,2.369575
597,1.951804,0.19936699999999996,2.308226,2.4399520000000003,0.299717,2.2853600000000003,-0.11499,0.4905430000000002,-0.081499,1.893395,1.656256,2.143611,0.7910760000000001,-0.082724,-0.11012499999999999,2.435392,0.0,-0.235037,1.889954,-0.3077940000000001,1.798529,-0.46144300000000005,0.4537090000000007,1.917676,1.8837889999999997
598,2.272792,-0.09469700000000009,2.845474,2.9634760000000004,0.486184,2.7663070000000003,-0.167854,0.5258590000000002,-0.022331999999999998,2.200567,1.881158,2.454483,1.1670090000000002,0.177102,-0.11012499999999999,2.912522,0.0,-0.235037,2.189013,-0.3077940000000001,2.060228,-0.18900100000000003,0.8594580000000008,2.17928,2.177217
599,2.488817,-0.2303600000000001,3.162171,3.2915250000000005,0.504285,3.0883930000000004,-0.170861,0.5218990000000002,0.01151400000000001,2.408587,2.042298,2.658692,1.2035020000000003,0.262558,-0.11012499999999999,3.231423,0.0,-0.235037,2.392919,-0.3077940000000001,2.243631,-0.06838100000000003,1.0351810000000006,2.361908,2.377627
600,0.055835999999999913,-0.2763210000000001,0.008016000000000103,-0.08010300000000001,-0.16378900000000002,-0.12702200000000008,0.678633,-2.6224140000000005,0.6565230000000001,0.0473079999999999,0.051084999999999964,-0.296364,-0.8482500000000001,-0.209841,-0.10678499999999999,-0.109849,0.0,-0.219336,0.11034499999999996,3.2477650000000002,0.023520999999999896,-0.9542060000000001,-0.38205499999999926,0.064874,0.019654999999999888
601,0.06503199999999992,-0.28244200000000014,0.057803000000000104,-0.05749100000000001,0.06951499999999997,-0.11963000000000007,0.678109,-2.5959240000000006,0.6559980000000001,0.058675999999999895,0.05831099999999997,-0.286999,-0.49517500000000003,-0.210283,-0.10735899999999998,-0.109859,0.0,-0.022133000000000038,0.10735999999999996,3.2479640000000005,0.0344639999999999,-0.9547820000000001,-0.13947499999999927,0.064216,0.030245999999999888
602,0.09941699999999992,-0.3053240000000001,0.24395600000000012,0.027057000000000005,0.941816,-0.09198600000000007,0.676137,-2.4968530000000007,0.6540270000000001,0.1011779999999999,0.08532799999999997,-0.251981,0.8249380000000001,-0.211905,-0.10949699999999998,-0.109893,0.0,0.7151869999999999,0.09619999999999995,3.2486680000000003,0.0753789999999999,-0.9569180000000002,0.7675230000000007,0.061756,0.0698449999999999
603,0.10878699999999991,-0.3115480000000001,0.2946860000000001,0.05015200000000001,1.179198,-0.08441100000000007,0.675376,-2.4691420000000006,0.6533070000000001,0.1127559999999999,0.09267799999999997,-0.242335,1.1844160000000001,-0.212004,-0.11003099999999999,-0.109825,0.0,0.9157219999999998,0.09316199999999995,3.2478840000000004,0.0865209999999999,-0.9572040000000002,1.0146940000000007,0.061095,0.08063199999999988
604,0.10884399999999991,-0.31241000000000013,0.2978620000000001,0.05368800000000001,1.185488,-0.08211300000000007,0.665797,-2.4352310000000004,0.6460050000000002,0.1128199999999999,0.09208499999999997,-0.237992,1.2053620000000003,-0.204913,-0.10970199999999998,-0.106747,0.0,0.9147649999999998,0.09243099999999996,3.2075300000000007,0.0864169999999999,-0.9465380000000001,1.0354670000000006,0.060704,0.0807669999999999
605,0.08846799999999992,-0.3333460000000001,0.2960600000000001,0.12003900000000002,0.930977,-0.022607000000000054,0.354206,-1.3733730000000002,0.4117680000000001,0.0881699999999999,0.054345999999999964,-0.11987700000000001,1.2022920000000001,-0.017555,-0.10816999999999999,-0.007561000000000004,0.0,0.4865849999999998,0.07095299999999996,1.8972730000000002,0.057392999999999895,-0.6083360000000001,1.2315020000000008,0.045022,0.06068899999999989
606,0.055344999999999915,-0.3657430000000001,0.2912450000000001,0.22535700000000003,0.525424,0.07387799999999996,-0.146467,0.3322820000000002,0.03648100000000001,0.04817599999999989,-0.0063490000000000334,0.06984299999999999,1.2058310000000003,0.267226,-0.10945499999999998,0.151353,0.0,-0.201552,0.03619699999999996,-0.20547900000000008,0.010674999999999898,-0.06078500000000001,1.5400080000000007,0.019393,0.02853399999999989
607,0.06033599999999992,-0.3461810000000001,0.2907800000000001,0.23024800000000004,0.506585,0.08600899999999996,-0.170504,0.39016700000000015,0.01861500000000001,0.053103999999999894,-0.00029900000000003416,0.09022299999999998,1.2074180000000003,0.278624,-0.11004199999999999,0.158919,0.0,-0.234468,0.04172599999999996,-0.3060660000000001,0.016742999999999897,0.020971999999999998,1.4957480000000007,0.025571,0.03546499999999989
608,0.08604999999999992,-0.2649110000000001,0.2908410000000001,0.23044800000000001,0.506116,0.11493099999999996,-0.170924,0.3020990000000002,0.01826500000000001,0.0798209999999999,0.034405999999999964,0.134082,1.2071820000000002,0.278584,-0.11011899999999998,0.159202,0.0,-0.235025,0.06977199999999996,-0.3077760000000001,0.0489519999999999,0.23359600000000003,1.2702410000000006,0.054576,0.0683479999999999
609,0.11406099999999991,-0.1850340000000001,0.2938840000000001,0.23459300000000002,0.500202,0.14794699999999997,-0.170929,0.22910600000000014,0.01648600000000001,0.1086189999999999,0.07047999999999997,0.179443,1.1952690000000001,0.278759,-0.11012499999999999,0.164115,0.0,-0.235034,0.09992199999999996,-0.3077930000000001,0.08293199999999991,0.43546900000000005,1.0497610000000006,0.085819,0.10351899999999989
610,0.1728409999999999,-0.14756300000000008,0.3408810000000001,0.29852700000000004,0.410524,0.23118899999999998,-0.17093,0.22678900000000013,-0.011029999999999993,0.1659609999999999,0.12373699999999997,0.246406,1.0144720000000003,0.27902,-0.11012499999999999,0.239901,0.0,-0.235035,0.15799899999999995,-0.3077940000000001,0.14025799999999988,0.4757930000000001,0.9250310000000008,0.144503,0.16226099999999988
611,0.4027749999999999,-0.06183800000000007,0.5412960000000001,0.5711020000000001,0.029864999999999975,0.5568130000000001,-0.17093,0.16134800000000013,-0.12814600000000004,0.3897639999999999,0.32390899999999995,0.498095,0.24703200000000003,0.277448,-0.11012499999999999,0.563036,0.0,-0.235032,0.38326699999999997,-0.3077940000000001,0.3596069999999999,0.48712400000000006,0.5697640000000008,0.369905,0.38188899999999987
612,0.5200009999999999,-0.022894000000000074,0.6447090000000001,0.7110710000000001,-0.15555800000000003,0.7222470000000001,-0.17093,0.1204710000000001,-0.18524100000000002,0.5038309999999999,0.42558399999999996,0.625936,-0.12679800000000002,0.26339,-0.11012499999999999,0.728869,0.0,-0.23503,0.49801199999999995,-0.3077940000000001,0.4712089999999999,0.48451500000000003,0.3948140000000007,0.484578,0.49345299999999986
613,0.5840479999999999,-0.03479200000000007,0.7155370000000001,0.7978840000000001,-0.17957800000000002,0.8141590000000001,-0.170928,0.20495100000000013,-0.19264000000000003,0.5647889999999999,0.47591199999999995,0.689217,-0.17522300000000002,0.164768,-0.11012499999999999,0.828083,0.0,-0.235032,0.559374,-0.3077940000000001,0.5285189999999999,0.39521400000000007,0.3910280000000007,0.546713,0.5561769999999999
614,0.8267679999999998,-0.06257200000000009,0.9953440000000001,1.1183730000000003,-0.18194500000000002,1.1450200000000001,-0.170868,0.4737430000000002,-0.19330900000000004,0.7968619999999998,0.670859,0.934304,-0.17999500000000002,-0.119423,-0.11012499999999999,1.175817,0.0,-0.235036,0.792575,-0.3077940000000001,0.7469029999999999,0.17332400000000003,0.44329200000000074,0.782005,0.7960369999999999
615,0.9949749999999999,-0.06850500000000008,1.192647,1.3354950000000003,-0.18202000000000002,1.3627760000000002,-0.170462,0.5571960000000002,-0.19292600000000001,0.9589669999999999,0.80928,1.108133,-0.18014700000000003,-0.208325,-0.11012499999999999,1.401737,0.0,-0.235037,0.954818,-0.3077940000000001,0.8996929999999999,0.099853,0.47951100000000074,0.944144,0.9599069999999998
616,1.04327,-0.07739000000000008,1.253173,1.4002970000000001,-0.18202000000000002,1.4220140000000001,-0.167553,0.5565810000000002,-0.19001600000000002,1.005725,0.848482,1.155878,-0.18014800000000003,-0.212309,-0.11012499999999999,1.467103,0.0,-0.235037,1.001222,-0.3077940000000001,0.9429909999999999,0.06606,0.4996270000000007,0.989816,1.0050149999999998
617,1.334842,-0.07000800000000008,1.597247,1.7669340000000002,-0.18201700000000004,1.7723240000000002,-0.13084,0.5145290000000002,-0.15328700000000003,1.289744,1.095601,1.447088,-0.18014100000000002,-0.212414,-0.11012499999999999,1.834879,0.0,-0.235037,1.283778,-0.3077940000000001,1.210469,-0.014441000000000011,0.5269230000000008,1.268383,1.2832689999999998
618,2.448678,-0.016493000000000074,2.903421,3.1587150000000004,-0.18190400000000004,3.1123920000000003,0.001629,0.37273500000000015,-0.020762999999999997,2.37481,2.042666,2.567502,-0.17991400000000002,-0.212415,-0.11012499999999999,3.230938,0.0,-0.235037,2.363954,-0.3077940000000001,2.23447,-0.25261600000000006,0.6049060000000008,2.334549,2.34989
619,2.77172,0.021668999999999935,3.274861,3.5543200000000006,-0.18079500000000004,3.4923060000000006,0.034242,0.3395980000000002,0.01193200000000001,2.689621,2.320171,2.899096,-0.17767800000000003,-0.212258,-0.11012499999999999,3.627604,0.0,-0.235037,2.677949,-0.3077940000000001,2.533417,-0.3234000000000001,0.6154520000000008,2.647621,2.661017
620,2.832162,0.16602399999999998,3.300783,3.5788570000000006,-0.16464300000000004,3.5037930000000004,0.010668,0.36484300000000014,-0.008392999999999992,2.749441,2.389791,2.99916,-0.14511400000000002,-0.204704,-0.11012499999999999,3.649424,0.0,-0.235037,2.741102,-0.3077940000000001,2.601254,-0.37149800000000005,0.5447680000000008,2.730023,2.729285
621,2.84743,0.400204,3.284731,3.5153340000000006,0.05962499999999997,3.3749730000000002,-0.102273,0.47432500000000016,-0.056026,2.764748,2.430889,3.110847,0.3070300000000001,-0.053157,-0.11012499999999999,3.54266,0.0,-0.235037,2.762524,-0.3077940000000001,2.632937,-0.39003100000000007,0.5124880000000008,2.792471,2.762619
622,2.620861,-0.04643200000000008,3.240258,3.3926360000000004,0.415368,3.1970880000000004,-0.167603,0.5229000000000003,-0.008350999999999994,2.538786,2.177917,2.827483,1.0242370000000003,0.208938,-0.11012499999999999,3.349322,0.0,-0.235037,2.52701,-0.3077940000000001,2.381467,-0.14106600000000002,0.9138290000000008,2.515032,2.517007
623,2.54683,-0.2242280000000001,3.228841,3.3637580000000002,0.493539,3.1607880000000006,-0.17086,0.5213840000000002,0.014139000000000011,2.464937,2.091497,2.720553,1.1818370000000002,0.268645,-0.11012499999999999,3.304722,0.0,-0.235037,2.449186,-0.3077940000000001,2.296989,-0.05927700000000002,1.0461020000000008,2.417575,2.43414
624,0.1471069999999999,-0.11147100000000008,0.0684270000000001,-0.05639500000000001,0.010321999999999974,-0.07797600000000007,0.841162,-2.6453480000000003,0.8191200000000001,0.1443169999999999,0.16581499999999996,-0.238467,-0.6788480000000001,-0.07274,0.07091000000000001,-0.106719,0.0,-0.056892000000000026,0.20671199999999995,3.1856840000000006,0.1274209999999999,-0.7757630000000001,-0.4307129999999993,0.156006,0.1159309999999999
625,0.1406719999999999,-0.14569500000000007,0.1076130000000001,-0.037958000000000006,0.21250699999999997,-0.07899700000000007,0.812888,-2.6150840000000004,0.7908330000000001,0.13906099999999988,0.15341599999999997,-0.239033,-0.35680700000000004,-0.096534,0.040014000000000015,-0.107258,0.0,0.11139899999999993,0.18729899999999994,3.1964520000000003,0.12056599999999991,-0.8067800000000002,-0.18125799999999928,0.1398,0.11002799999999989
626,0.11662399999999992,-0.2743250000000001,0.2552520000000001,0.031609000000000005,0.972622,-0.08273200000000007,0.706343,-2.5007910000000004,0.6842450000000001,0.11944199999999991,0.10691099999999998,-0.240894,0.8539400000000001,-0.184526,-0.07588799999999998,-0.109139,0.0,0.7440869999999999,0.11443099999999996,3.2361150000000003,0.0949159999999999,-0.9228790000000001,0.7572290000000008,0.079013,0.0879549999999999
627,0.11140199999999992,-0.3087640000000001,0.2979560000000001,0.05265100000000001,1.177932,-0.08282100000000008,0.675315,-2.4651020000000003,0.6532190000000001,0.1154089999999999,0.09531999999999997,-0.238981,1.1812790000000002,-0.195202,-0.10497099999999998,-0.108317,0.0,0.9148969999999997,0.09579899999999995,3.2392560000000006,0.0890719999999999,-0.9496380000000001,1.0166710000000008,0.063857,0.08307999999999989
628,0.12087099999999992,-0.3052100000000001,0.3170100000000001,0.06901800000000001,1.166642,-0.07545600000000006,0.657121,-2.4211620000000003,0.6358490000000001,0.12472899999999991,0.10265499999999997,-0.22009,1.1693300000000002,-0.09611,-0.08723999999999998,-0.097593,0.0,0.9028979999999998,0.10418499999999996,3.1709500000000004,0.0970829999999999,-0.9113030000000001,1.0512780000000006,0.073716,0.09115399999999989
629,0.16493599999999992,-0.2831090000000001,0.4034890000000001,0.17456300000000002,0.943123,-0.013219000000000054,0.450331,-1.7900620000000003,0.46342900000000004,0.1659679999999999,0.13079699999999997,-0.07482700000000002,1.0008200000000003,0.503301,0.01626800000000002,-0.0027320000000000044,0.0,0.6191939999999999,0.14640699999999995,2.3024760000000004,0.13032299999999988,-0.5679710000000001,1.2261650000000006,0.124845,0.1278919999999999
630,0.10766399999999991,-0.3179190000000001,0.3595490000000001,0.26699800000000007,0.506309,0.09226199999999996,-0.117459,0.15562900000000013,0.045066000000000016,0.1011329999999999,0.046167999999999966,0.12046299999999999,1.0761000000000003,0.619603,-0.02974999999999998,0.164702,0.0,-0.16151900000000002,0.08827899999999995,-0.08314800000000006,0.061284999999999895,0.046891,1.5067000000000006,0.075069,0.0765069999999999
631,0.08931099999999992,-0.2646850000000001,0.2967430000000001,0.23441300000000004,0.502743,0.11528499999999996,-0.170297,0.29243500000000017,0.01762500000000001,0.0831009999999999,0.03723399999999997,0.137305,1.1955300000000002,0.311067,-0.10310799999999999,0.160867,0.0,-0.234168,0.07291399999999996,-0.3051390000000001,0.051757999999999894,0.23494500000000001,1.2787380000000006,0.057967,0.07075699999999989
632,0.11175199999999992,-0.1847650000000001,0.2912280000000001,0.23087800000000003,0.504398,0.14312799999999998,-0.170927,0.20583900000000013,0.01818300000000001,0.1065729999999999,0.06905399999999998,0.177649,1.2036010000000001,0.281685,-0.10989799999999998,0.159583,0.0,-0.235033,0.09778799999999996,-0.3077820000000001,0.08110099999999991,0.43791900000000006,1.0490190000000006,0.08345,0.10082699999999989
633,0.12429199999999992,-0.15671500000000008,0.2949490000000001,0.23612700000000003,0.494565,0.15846699999999997,-0.17093,0.18013400000000013,0.01606600000000001,0.1193049999999999,0.08386599999999997,0.196275,1.1839030000000001,0.284868,-0.11012099999999998,0.16583,0.0,-0.235037,0.11097599999999996,-0.3077930000000001,0.09546199999999991,0.49271200000000004,0.9748310000000008,0.096994,0.11555799999999988
634,0.19718899999999992,-0.11827700000000008,0.3554290000000001,0.31851500000000005,0.374667,0.260767,-0.17093,0.16198900000000013,-0.019105999999999998,0.19042899999999988,0.14889399999999997,0.278037,0.9421810000000002,0.292747,-0.11012499999999999,0.263367,0.0,-0.235037,0.18275699999999995,-0.3077940000000001,0.16589699999999988,0.5005140000000001,0.8460770000000007,0.169142,0.1867049999999999
635,0.45354699999999987,-0.03130700000000008,0.5817380000000001,0.6262110000000001,-0.05258800000000003,0.6257240000000001,-0.17093,0.1112000000000001,-0.15169800000000003,0.4396469999999999,0.37040799999999996,0.55656,0.080798,0.287042,-0.11012499999999999,0.628178,0.0,-0.235037,0.43353299999999995,-0.3077940000000001,0.4094369999999999,0.5019550000000002,0.4685590000000007,0.420087,0.4309559999999999
636,0.5304279999999999,-0.01308100000000007,0.6524310000000001,0.7211150000000001,-0.17354200000000003,0.7355050000000001,-0.17093,0.10081200000000011,-0.19047500000000003,0.5142229999999999,0.43574999999999997,0.63872,-0.16305500000000003,0.275896,-0.11012499999999999,0.740144,0.0,-0.235037,0.508472,-0.3077940000000001,0.4817899999999999,0.5012870000000001,0.3706620000000007,0.494937,0.5035709999999999
637,0.6026119999999999,-0.00589000000000007,0.7308810000000001,0.8108490000000002,-0.18157500000000001,0.8327480000000002,-0.17093,0.16002100000000014,-0.19322000000000003,0.5836599999999998,0.49613299999999994,0.714642,-0.17925000000000002,0.212545,-0.11012499999999999,0.836986,0.0,-0.235037,0.578397,-0.3077940000000001,0.5482559999999999,0.48280200000000006,0.3646640000000007,0.565523,0.5758669999999999
638,0.9244079999999999,0.021372999999999934,1.084765,1.2117060000000002,-0.18201200000000003,1.2648300000000001,-0.170927,0.45232900000000015,-0.19338800000000003,0.8929099999999999,0.764654,1.052269,-0.18013100000000004,-0.094069,-0.11012499999999999,1.267132,0.0,-0.235037,0.889903,-0.3077940000000001,0.8438619999999999,0.37594900000000003,0.36614600000000075,0.880355,0.8997129999999999
639,1.033123,0.005180999999999932,1.212839,1.3566490000000002,-0.18202000000000002,1.4109100000000003,-0.170877,0.5546610000000002,-0.19334100000000004,0.9969829999999998,0.85167,1.161653,-0.18014800000000003,-0.203651,-0.11012499999999999,1.42253,0.0,-0.235037,0.994251,-0.3077940000000001,0.9413559999999999,0.27545700000000006,0.39743800000000074,0.985236,1.006005
640,1.050222,-0.02947600000000007,1.244855,1.3913710000000001,-0.18202000000000002,1.4311850000000002,-0.16944,0.5597570000000002,-0.19190300000000002,1.013059,0.860998,1.172617,-0.18014800000000003,-0.211502,-0.11012499999999999,1.458075,0.0,-0.235037,1.009581,-0.3077940000000001,0.9537499999999999,0.17960500000000001,0.4431110000000007,0.999676,1.0179519999999997
641,1.315991,-0.03900900000000008,1.564352,1.7318750000000003,-0.18202000000000002,1.7453450000000001,-0.138603,0.5268350000000003,-0.16105400000000003,1.271626,1.083729,1.436286,-0.18014800000000003,-0.212302,-0.11012499999999999,1.799702,0.0,-0.235037,1.266535,-0.3077940000000001,1.195976,0.035809,0.4943700000000007,1.253865,1.2688029999999997
642,2.450696,0.025190999999999936,2.891787,3.1463340000000004,-0.18201200000000003,3.0980880000000006,-0.006857,0.38438400000000017,-0.029250999999999996,2.377045,2.049702,2.580857,-0.18013100000000004,-0.212412,-0.11012499999999999,3.218533,0.0,-0.235037,2.367249,-0.3077940000000001,2.239953,-0.2622610000000001,0.5775870000000007,2.343551,2.354918
643,2.831231,0.17452299999999998,3.293915,3.5747750000000003,-0.18177700000000002,3.5030930000000002,0.011776,0.3643140000000002,-0.010549999999999993,2.748626,2.390094,2.998952,-0.17965700000000004,-0.212276,-0.11012499999999999,3.648253,0.0,-0.235037,2.740509,-0.3077940000000001,2.601246,-0.37254000000000004,0.5346500000000007,2.730005,2.729055
644,3.073332,0.71606,3.400308,3.6868550000000004,-0.17560300000000004,3.5790740000000003,-0.066362,0.4485330000000002,-0.086867,2.988069,2.664141,3.385047,-0.16720900000000002,-0.207975,-0.11012499999999999,3.759481,0.0,-0.235037,2.992388,-0.3077940000000001,2.870092,-0.5426530000000002,0.26074700000000073,3.051593,3.000183
645,3.225259,1.1178550000000003,3.459102,3.7354460000000005,-0.10859200000000002,3.5870280000000005,-0.148447,0.5333410000000002,-0.14841000000000001,3.138387,2.843445,3.654113,-0.03211000000000002,-0.160264,-0.11012499999999999,3.795139,0.0,-0.235037,3.152168,-0.3077940000000001,3.043375,-0.6489340000000001,0.08370100000000073,3.26622,3.175441
646,2.968853,0.608633,3.380398,3.5960310000000004,0.15606699999999998,3.4187980000000002,-0.169027,0.5396710000000002,-0.087565,2.883626,2.558592,3.306886,0.5014640000000001,0.028561,-0.11012499999999999,3.603584,0.0,-0.235037,2.886247,-0.3077940000000001,2.760605,-0.41244400000000003,0.4680600000000007,2.946387,2.895551
647,2.667486,-0.01439500000000007,3.285365,3.4405230000000007,0.414499,3.2430520000000005,-0.170868,0.5260930000000003,-0.009879999999999993,2.584335,2.221188,2.883625,1.0224850000000003,0.212968,-0.11012499999999999,3.397102,0.0,-0.235037,2.573143,-0.3077940000000001,2.426816,-0.14211300000000002,0.9084970000000008,2.564397,2.564298
648,2.647856,4.543086000000001,1.769796,0.6070580000000001,4.788609,1.2566730000000002,5.305582,-3.5006380000000004,5.285399000000001,2.808771,3.317142,1.35169,3.9678690000000003,3.693209,4.951913,-0.020753000000000004,0.0,4.401572999999999,2.829792,1.4804130000000002,2.990036,4.125799000000001,-1.4784329999999994,2.63781,2.75015
649,2.405358,4.079074000000001,1.629361,0.5541890000000002,4.444719,1.1286250000000002,4.862779,-3.4014520000000004,4.842411000000001,2.551281,3.009089,1.199642,3.7034990000000003,3.321436,4.468334,-0.029120000000000004,0.0,4.069327999999999,2.568328,1.6485920000000003,2.712689,3.6404530000000004,-1.2383319999999993,2.391667,2.495168
650,0.8953369999999999,1.1804200000000002,0.7623460000000001,0.23350100000000001,2.278663,0.332295,2.083619,-2.7597010000000006,2.0620940000000005,0.9473509999999999,1.087879,0.260713,2.0273520000000005,1.064068,1.45679,-0.074743,0.0,1.9784039999999996,0.939486,2.6625810000000003,0.9837379999999999,0.6296520000000001,0.2753580000000007,0.8595,0.9060579999999999
651,0.2347509999999999,-0.17336300000000007,0.4520320000000001,0.17200200000000002,1.103106,-0.006702000000000052,0.665952,-2.2560420000000003,0.6438420000000001,0.2405449999999999,0.21985799999999997,-0.07741700000000001,1.0175560000000001,0.609104,0.13635100000000003,-0.03481200000000001,0.0,0.8598659999999998,0.22022599999999995,2.7988890000000004,0.2095099999999999,-0.5819630000000001,1.1093810000000006,0.194362,0.19837099999999988
652,0.43695499999999987,-0.11755600000000008,0.8356290000000001,0.5206050000000001,0.508724,0.13640599999999997,0.254806,-1.4757110000000002,0.23268100000000003,0.4353999999999999,0.37025899999999995,0.330157,0.16970800000000003,2.976912,0.528128,0.20371,0.0,0.3487649999999999,0.4123859999999999,1.4692090000000002,0.3717409999999999,0.23104300000000003,1.5733070000000007,0.419457,0.36268699999999987
653,0.6779309999999998,0.022207999999999933,1.23448,0.8710080000000001,-0.012119000000000026,0.300846,-0.071097,-0.708232,-0.091193,0.6718949999999999,0.572573,0.757708,-0.6057300000000001,5.352416,0.998447,0.439715,0.0,-0.09778100000000002,0.647084,0.11152799999999997,0.5800949999999999,1.1206100000000003,1.9842990000000007,0.683493,0.5691669999999999
654,0.6584449999999998,0.019521999999999935,1.205801,0.8697290000000001,-0.06518000000000003,0.315393,-0.157824,-0.40583899999999995,-0.15080400000000002,0.6513969999999999,0.551303,0.777048,-0.5526180000000002,5.25095,0.965543,0.458038,0.0,-0.217016,0.628077,-0.2527290000000001,0.5610209999999999,1.2138750000000003,1.9840300000000006,0.664622,0.5534939999999999
655,0.2219099999999999,-0.1281490000000001,0.4668230000000001,0.35450100000000007,0.385946,0.18266599999999997,-0.17059,0.0883880000000001,-0.015723999999999995,0.2165009999999999,0.16836899999999996,0.302344,0.8519560000000002,1.245671,0.09602000000000001,0.218229,0.0,-0.23457,0.20522499999999994,-0.3063650000000001,0.1795149999999999,0.5963830000000001,1.1967970000000008,0.201012,0.19459799999999988
656,0.13965199999999992,-0.10527300000000009,0.2976090000000001,0.23760500000000004,0.471427,0.17207199999999997,-0.170928,0.16256900000000013,0.01740700000000001,0.1351829999999999,0.10396799999999998,0.22155,1.1346130000000003,0.346506,-0.10527799999999998,0.164869,0.0,-0.235036,0.12754899999999994,-0.3077890000000001,0.11375199999999991,0.49703200000000003,0.8978800000000008,0.114879,0.1354449999999999
657,0.17234999999999992,-0.00905000000000007,0.3007990000000001,0.24563700000000002,0.418593,0.21121599999999996,-0.17093,0.13546900000000014,0.01626100000000001,0.1685439999999999,0.14473699999999998,0.272811,1.0306940000000002,0.3945,-0.11004199999999999,0.175256,0.0,-0.235037,0.16245599999999993,-0.3077930000000001,0.1521789999999999,0.5017680000000001,0.7244740000000007,0.151569,0.17721999999999988
658,0.2745199999999999,0.15793699999999997,0.3542170000000001,0.31995200000000007,0.250804,0.341046,-0.17093,0.08438200000000011,-0.011362999999999993,0.2703759999999999,0.25239799999999996,0.40818,0.6924620000000001,0.505334,-0.11012399999999999,0.26153,0.0,-0.235037,0.26687799999999995,-0.3077940000000001,0.26029999999999986,0.5027490000000001,0.3966030000000007,0.259189,0.29063099999999986
659,0.4715609999999999,0.14034599999999997,0.5520710000000001,0.5872320000000001,-0.07595900000000003,0.6312000000000001,-0.17093,0.06730000000000011,-0.12823500000000002,0.46032299999999987,0.41030099999999997,0.606721,0.033679999999999995,0.429089,-0.11012499999999999,0.579152,0.0,-0.235037,0.4567649999999999,-0.3077940000000001,0.44039499999999987,0.5028160000000002,0.22264500000000073,0.447222,0.4682519999999999
660,0.5552069999999999,0.019217999999999933,0.6724630000000001,0.7410180000000001,-0.17495800000000003,0.7633460000000001,-0.17093,0.10102100000000011,-0.18535600000000002,0.5388039999999998,0.46108299999999997,0.670571,-0.16590900000000003,0.297387,-0.11012499999999999,0.758331,0.0,-0.235037,0.533513,-0.3077940000000001,0.5071279999999999,0.5013080000000001,0.3322830000000007,0.520603,0.5313639999999998
661,0.7486169999999999,0.011630999999999935,0.8964960000000001,0.9908940000000002,-0.18177800000000002,1.0188200000000003,-0.17093,0.22397300000000014,-0.19277800000000003,0.7249709999999999,0.619875,0.870231,-0.17966000000000001,0.166733,-0.11012499999999999,1.021796,0.0,-0.235037,0.720051,-0.3077940000000001,0.6830119999999998,0.48057700000000003,0.37532700000000074,0.707207,0.7199629999999999
662,1.024441,0.04576699999999994,1.196786,1.3304220000000002,-0.18201900000000001,1.3883310000000002,-0.170929,0.4651290000000002,-0.19338200000000003,0.9902999999999998,0.851727,1.161752,-0.18014400000000003,-0.085677,-0.11012499999999999,1.38545,0.0,-0.235037,0.98745,-0.3077940000000001,0.9374379999999999,0.42701100000000003,0.36565900000000073,0.977549,0.9985019999999999
663,1.054661,0.05054099999999994,1.224787,1.3671840000000002,-0.18202000000000002,1.4347880000000002,-0.170921,0.5369470000000002,-0.19338500000000003,1.018763,0.876485,1.192877,-0.18014800000000003,-0.175232,-0.11012499999999999,1.430502,0.0,-0.235037,1.016687,-0.3077940000000001,0.9652809999999998,0.39136400000000005,0.3520760000000007,1.008366,1.0314449999999997
664,1.075056,0.056697999999999936,1.245136,1.3908400000000003,-0.18202000000000002,1.4513930000000002,-0.170521,0.5539860000000002,-0.19298500000000002,1.038377,0.894105,1.21482,-0.18014800000000003,-0.200766,-0.11012499999999999,1.456563,0.0,-0.235037,1.036584,-0.3077940000000001,0.9843829999999999,0.32117700000000005,0.3518570000000007,1.031058,1.051117
665,1.426009,0.24773899999999996,1.596731,1.7662060000000002,-0.18202000000000002,1.7668420000000002,-0.158802,0.5474360000000003,-0.18126100000000003,1.381523,1.215216,1.612345,-0.18014800000000003,-0.210105,-0.11012499999999999,1.833939,0.0,-0.235037,1.382616,-0.3077940000000001,1.322205,-0.02949300000000001,0.2686650000000007,1.403998,1.394953
666,2.273846,0.552394,2.501066,2.7299940000000005,-0.18201900000000001,2.6404080000000003,-0.103597,0.4891480000000002,-0.12603300000000003,2.20948,1.970628,2.532837,-0.18014500000000003,-0.21233,-0.11012499999999999,2.800903,0.0,-0.235037,2.213456,-0.3077940000000001,2.124733,-0.5201510000000001,0.16568600000000072,2.267982,2.220553
667,2.853247,0.771081,3.117657,3.3869930000000004,-0.18193100000000004,3.2754410000000003,-0.09018,0.47468000000000016,-0.112584,2.774612,2.486526,3.174378,-0.17996900000000002,-0.212354,-0.11012499999999999,3.459919,0.0,-0.235037,2.781278,-0.3077940000000001,2.673795,-0.5961550000000001,0.16111400000000073,2.853413,2.792003
668,3.276959,1.2696260000000001,3.454494,3.7456230000000006,-0.18056100000000003,3.6040080000000003,-0.146462,0.5355090000000002,-0.16846800000000003,3.19025,2.907506,3.733607,-0.17720500000000003,-0.211378,-0.11012499999999999,3.819387,0.0,-0.235037,3.207476,-0.3077940000000001,3.104955,-0.7206290000000001,-0.034219999999999265,3.338482,3.235126
669,3.373553,1.4135160000000002,3.52305,3.8164750000000005,-0.17008400000000004,3.6641650000000006,-0.167261,0.5573870000000002,-0.18605300000000002,3.285198,3.007368,3.870221,-0.15608300000000003,-0.203907,-0.11012499999999999,3.888411,0.0,-0.235037,3.305585,-0.3077940000000001,3.205782,-0.7544280000000001,-0.09158899999999927,3.45446,3.33842
670,3.433315,1.3674950000000001,3.622189,3.9092610000000003,-0.10885000000000003,3.7488750000000004,-0.170518,0.5572240000000003,-0.17047800000000002,3.342731,3.05125,3.927127,-0.03263000000000002,-0.160236,-0.11012499999999999,3.969521,0.0,-0.235037,3.361684,-0.3077940000000001,3.255653,-0.6964930000000001,-0.009227999999999266,3.50412,3.393602
671,3.559508,1.1937650000000002,3.862871,4.132925000000001,0.04740999999999997,3.9554340000000003,-0.170906,0.5482350000000002,-0.122806,3.463543,3.133781,4.031104,0.28240300000000007,-0.048796,-0.11012499999999999,4.163349,0.0,-0.235037,3.47755,-0.3077940000000001,3.353915,-0.5315650000000001,0.22908400000000073,3.596372,3.505119
672,5.175381,9.247732000000001,3.489467,1.2776410000000002,9.618073,2.6055950000000005,9.817825,-4.365501000000001,9.799520000000001,5.501766,6.502225,2.95888,8.664350000000002,7.499498,9.885202,0.066134,0.0,8.907790999999998,5.480926,-0.2431240000000001,5.883331,9.079866000000003,-2.536851999999999,5.14616,5.412568
673,5.15378,9.206515000000001,3.476215,1.2728320000000002,9.580834,2.5941770000000006,9.777755,-4.3562140000000005,9.759434000000002,5.478763,6.474749,2.945624,8.630921000000003,7.469508,9.842574,0.065708,0.0,8.872591999999997,5.457921,-0.22990200000000008,5.858519,9.037646000000002,-2.520808999999999,5.124509,5.389768
674,4.518279,7.9488460000000005,3.121564,1.1727740000000002,8.35453,2.2631750000000004,8.491407,-3.9646810000000006,8.472549000000003,4.799179,5.651829,2.594427,7.485909000000001,6.873167,8.587589,0.085285,0.0,7.7206519999999985,4.778032,-0.005805000000000044,5.118981,7.8528210000000005,-1.9666109999999994,4.49069,4.712253
675,0.9927959999999999,0.658771,1.398924,0.9055420000000001,0.643002,0.461149,0.608169,-0.970422,0.5860290000000001,1.009572,0.985203,0.915601,0.01128499999999999,5.552278,1.619449,0.417006,0.0,0.5212849999999999,0.984894,0.09149099999999998,0.9496629999999999,1.6779250000000003,1.6792820000000006,0.996391,0.9068899999999999
676,0.7533409999999999,0.07021199999999994,1.354961,0.9732750000000001,-0.15184600000000004,0.348966,-0.15019,-0.521708,-0.17264300000000002,0.7463369999999999,0.637979,0.881974,-0.8313340000000001,6.055504,1.144366,0.506108,0.0,-0.209058,0.720871,-0.2438220000000001,0.6465829999999999,1.3772750000000002,2.0974120000000007,0.765575,0.6344599999999999
677,0.7609519999999999,0.07108599999999994,1.370316,0.9875580000000002,-0.17847700000000002,0.354514,-0.168799,-0.48870499999999995,-0.19123000000000004,0.7535869999999999,0.643229,0.898463,-0.8685560000000001,6.152887,1.159125,0.516035,0.0,-0.232125,0.728042,-0.2990000000000001,0.6524129999999999,1.4096960000000003,2.116723000000001,0.77416,0.6404529999999999
678,0.7593049999999999,0.07130499999999994,1.367213,0.9858060000000001,-0.17838500000000002,0.354639,-0.170647,-0.48121099999999994,-0.19201800000000002,0.7519299999999999,0.641799,0.897646,-0.8633700000000001,6.137544,1.155437,0.515631,0.0,-0.234648,0.72647,-0.30660700000000013,0.6510119999999999,1.4099080000000002,2.112473000000001,0.772468,0.6392229999999999
679,0.6368979999999999,0.09726499999999995,1.120861,0.8161060000000001,-0.06251700000000003,0.336321,-0.1709,-0.34918699999999997,-0.14335200000000003,0.6307199999999998,0.544202,0.775067,-0.46922700000000006,4.839246,0.861772,0.438532,0.0,-0.234997,0.610434,-0.3076700000000001,0.5516859999999999,1.1982930000000003,1.7171950000000007,0.644193,0.5500079999999999
680,0.3477999999999999,0.468746,0.3599000000000001,0.30321100000000006,0.14893299999999998,0.383508,-0.170929,-0.018124999999999898,0.009931000000000011,0.34763699999999986,0.35788499999999995,0.540815,0.45976500000000003,0.981296,-0.060027999999999984,0.216309,0.0,-0.235037,0.34799399999999997,-0.3077930000000001,0.3518729999999999,0.5381990000000001,-0.010909999999999266,0.349469,0.3918589999999999
681,0.42979499999999987,0.783401,0.3324420000000001,0.29719700000000004,0.0025309999999999742,0.493915,-0.17093,-0.08094799999999992,0.01760500000000001,0.4322029999999999,0.47046199999999994,0.682365,0.19164400000000004,0.996164,-0.10961199999999999,0.22624,0.0,-0.235037,0.43814999999999993,-0.3077940000000001,0.4556499999999999,0.5032350000000001,-0.5976519999999992,0.444145,0.5080289999999998
682,0.4942839999999999,0.954545,0.3477620000000001,0.32010500000000003,-0.10210800000000003,0.5682780000000001,-0.17093,-0.12828199999999992,0.01277600000000001,0.4977219999999999,0.548045,0.779915,-0.01904000000000002,1.120662,-0.11012099999999998,0.251461,0.0,-0.235037,0.506286,-0.3077940000000001,0.5294019999999999,0.5029160000000001,-0.8928699999999993,0.515836,0.5876269999999999
683,0.5352399999999999,0.870621,0.41326400000000013,0.40452400000000005,-0.15548700000000001,0.6360370000000001,-0.17093,-0.10962199999999991,-0.021339999999999998,0.5357109999999999,0.569298,0.806637,-0.12665400000000002,1.038355,-0.11012499999999999,0.350607,0.0,-0.235037,0.543037,-0.3077940000000001,0.5600449999999999,0.5028770000000001,-0.8090529999999992,0.550292,0.6152709999999999
684,0.7325309999999999,0.302784,0.8044620000000001,0.8642850000000001,-0.17865600000000004,0.9520790000000001,-0.17093,0.07262100000000012,-0.13588900000000004,0.7160019999999999,0.65044,0.908662,-0.17336600000000002,0.52963,-0.11012499999999999,0.861254,0.0,-0.235037,0.714507,-0.3077940000000001,0.6927789999999999,0.5009120000000001,-0.0026409999999992655,0.706816,0.7357009999999999
685,1.092893,0.03512199999999994,1.304893,1.4222900000000003,-0.18196200000000004,1.4402780000000002,-0.17093,0.26297000000000015,-0.19072900000000004,1.059498,0.911086,1.236388,-0.18003100000000002,0.215893,-0.11012499999999999,1.450058,0.0,-0.235037,1.05368,-0.3077940000000001,0.9993669999999999,0.48890200000000006,0.45158700000000074,1.037687,1.0514889999999997
686,1.153614,0.03545099999999994,1.368709,1.4995460000000003,-0.18202000000000002,1.5287970000000002,-0.17093,0.3578470000000002,-0.19335000000000002,1.117211,0.960382,1.29837,-0.18014700000000003,0.096287,-0.11012499999999999,1.538481,0.0,-0.235037,1.112227,-0.3077940000000001,1.054729,0.46820200000000006,0.4500240000000007,1.097687,1.1140059999999998
687,1.122823,0.05204699999999994,1.31672,1.4538470000000001,-0.18202000000000002,1.5009050000000002,-0.170929,0.44216500000000014,-0.19339200000000004,1.086329,0.935458,1.267031,-0.18014800000000003,-0.029133,-0.11012499999999999,1.504093,0.0,-0.235037,1.082849,-0.3077940000000001,1.02791,0.43514400000000003,0.39890300000000073,1.071968,1.0909809999999998
688,1.238974,0.18667799999999998,1.400363,1.5514070000000002,-0.18202000000000002,1.5848500000000003,-0.170881,0.5135520000000002,-0.19334600000000002,1.199675,1.050341,1.411456,-0.18014800000000003,-0.13821,-0.11012499999999999,1.611912,0.0,-0.235037,1.199649,-0.3077940000000001,1.145945,0.23852400000000004,0.2874080000000007,1.208821,1.2135259999999999
689,1.921511,0.756616,2.0122,2.2085390000000005,-0.18202000000000002,2.1193860000000004,-0.170246,0.5566910000000003,-0.19270900000000002,1.868486,1.701045,2.229288,-0.18014800000000003,-0.205306,-0.11012499999999999,2.277198,0.0,-0.235037,1.879173,-0.3077940000000001,1.82053,-0.5337060000000001,-0.04694099999999926,1.967697,1.8978989999999998
690,2.147348,0.926073,2.222427,2.4330850000000006,-0.18202000000000002,2.3061080000000005,-0.168661,0.5595160000000002,-0.19112400000000002,2.08972,1.913897,2.496077,-0.18014800000000003,-0.212259,-0.11012499999999999,2.503071,0.0,-0.235037,2.103388,-0.3077940000000001,2.042059,-0.7550060000000001,-0.13777299999999928,2.214757,2.12293
691,2.377252,1.0108120000000003,2.468013,2.6947810000000003,-0.18201500000000004,2.5624440000000006,-0.165837,0.5565620000000002,-0.18829700000000002,2.313846,2.118119,2.751357,-0.18013700000000002,-0.212411,-0.11012499999999999,2.765588,0.0,-0.235037,2.328592,-0.3077940000000001,2.2597,-0.7632620000000001,-0.1287879999999993,2.446252,2.350091
692,3.168905,1.3545730000000002,3.296345,3.5773760000000006,-0.18183700000000003,3.4297110000000006,-0.167854,0.5587360000000002,-0.19026000000000004,3.085918,2.827926,3.644912,-0.17977900000000002,-0.212287,-0.11012499999999999,3.65087,0.0,-0.235037,3.105723,-0.3077940000000001,3.013667,-0.7681600000000001,-0.11903399999999927,3.251122,3.136975
693,3.52481,1.5508730000000002,3.654333,3.9585580000000005,-0.18053800000000003,3.8034920000000003,-0.170474,0.5614930000000002,-0.19248200000000001,3.433537,3.152914,4.054932,-0.17716000000000004,-0.211361,-0.11012499999999999,4.032974,0.0,-0.235037,3.456533,-0.3077940000000001,3.356408,-0.7724460000000001,-0.13509699999999927,3.619206,3.493864
694,4.058098,1.8990130000000003,4.171861,4.509012000000001,-0.17577600000000002,4.344412000000001,-0.170894,0.5616620000000002,-0.19143800000000002,3.955282,3.647919,4.677555,-0.16756000000000001,-0.207965,-0.11012499999999999,4.584195,0.0,-0.235037,3.984113,-0.3077940000000001,3.87497,-0.7683010000000001,-0.17967599999999928,4.177858,4.032862
695,4.570607,2.2343130000000007,4.668957,5.037710000000001,-0.17109200000000002,4.864098000000001,-0.170928,0.5614170000000003,-0.19003100000000003,4.456721,4.123769,5.275888,-0.15811500000000003,-0.204624,-0.11012499999999999,5.11361,0.0,-0.235037,4.491166,-0.3077940000000001,4.373401,-0.7634050000000001,-0.2224499999999993,4.714785,4.550927
696,5.268449,9.420966000000002,3.552789,1.3023330000000002,9.795902,2.6552650000000004,9.983974,-4.397347000000001,9.965738000000002,5.600927,6.619505,3.018059,8.837283000000001,7.639652,10.066854,0.069333,0.0,9.073716999999998,5.578545,-0.30658800000000014,5.989867,9.262283000000002,-2.575823999999999,5.238522,5.510603
697,5.26561,9.415143000000002,3.551361,1.3020730000000003,9.789815,2.6538080000000006,9.977739,-4.395062000000001,9.959501000000001,5.597878,6.615762,3.016666,8.831411000000001,7.638287,10.061244,0.069567,0.0,9.068029999999998,5.575494,-0.3063360000000001,5.986519,9.257251000000002,-2.572990999999999,5.235705,5.507545
698,4.920105,8.699543000000002,3.383228,1.2769500000000003,9.028413,2.4773320000000005,9.202104,-4.098328000000001,9.183543000000002,5.226391,6.158024,2.853262,8.091326000000002,7.517463,9.378477,0.103034,0.0,8.357532999999998,5.203771,-0.3017590000000001,5.577627,8.653953000000001,-2.215270999999999,4.893431,5.134404
699,1.102289,0.778965,1.535694,1.0114960000000002,0.576543,0.5287260000000001,0.599821,-0.78472,0.5776780000000001,1.12065,1.09575,1.059034,-0.13406100000000004,6.266273,1.833668,0.482268,0.0,0.47237799999999985,1.095343,-0.2995750000000001,1.056571,2.0043460000000004,1.7616000000000007,1.112236,1.009229
700,0.7649239999999999,0.07708599999999995,1.373976,0.9898510000000001,-0.17604300000000003,0.356751,-0.165032,-0.48673099999999997,-0.18749400000000002,0.7577199999999998,0.64778,0.902183,-0.8679860000000001,6.16823,1.166928,0.517185,0.0,-0.229501,0.732165,-0.3066010000000001,0.6566449999999999,1.4192570000000002,2.1166110000000007,0.778246,0.6444099999999999
701,0.7626359999999999,0.07206699999999995,1.373082,0.9899460000000001,-0.18191800000000002,0.355616,-0.170853,-0.48400399999999993,-0.19331600000000002,0.7552419999999999,0.644656,0.901349,-0.8739100000000001,6.16923,1.162398,0.51761,0.0,-0.234949,0.729684,-0.3076320000000001,0.6538769999999999,1.4156290000000002,2.119488000000001,0.776,0.6418969999999999
702,0.7623939999999999,0.07258299999999994,1.372333,0.9894600000000001,-0.18186900000000003,0.355728,-0.170924,-0.4836079999999999,-0.19322700000000004,0.7550059999999998,0.644524,0.901221,-0.8732250000000001,6.165585,1.161459,0.517416,0.0,-0.23503,0.729471,-0.3077720000000001,0.6537289999999999,1.4150050000000003,2.117505000000001,0.775761,0.6417999999999999
703,0.7396549999999998,0.14948499999999998,1.284974,0.9319230000000001,-0.17500700000000002,0.37334,-0.170929,-0.45408399999999993,-0.17534000000000002,0.7332289999999999,0.636651,0.891323,-0.8007420000000001,5.740929,1.053918,0.493795,0.0,-0.235036,0.710612,-0.3077910000000001,0.6433489999999998,1.3378630000000002,1.8598630000000007,0.75385,0.6374389999999999
704,0.5409579999999999,1.0010760000000003,0.4179740000000001,0.36437300000000006,-0.15173300000000003,0.5796320000000001,-0.17093,-0.18325299999999992,0.002963000000000009,0.5447739999999999,0.593397,0.836938,-0.16940600000000003,1.57313,-0.017840999999999982,0.264264,0.0,-0.235037,0.552535,-0.3077930000000001,0.5727459999999999,0.5691030000000001,-0.8502599999999992,0.567167,0.6297719999999999
705,0.5362809999999999,1.1111910000000003,0.3455340000000001,0.31853100000000006,-0.16964800000000002,0.6108480000000001,-0.17093,-0.17029499999999992,0.01816300000000001,0.5412589999999999,0.605189,0.851765,-0.15558100000000002,1.245161,-0.10943499999999999,0.247334,0.0,-0.235037,0.552184,-0.3077940000000001,0.5811719999999999,0.5034120000000001,-1.1443479999999993,0.565165,0.6448639999999999
706,0.5411789999999999,1.1245780000000003,0.3463730000000001,0.3201220000000001,-0.17742200000000002,0.6167620000000001,-0.17093,-0.1736379999999999,0.01793500000000001,0.5462349999999999,0.611138,0.859246,-0.17087900000000003,1.252014,-0.11012099999999998,0.249293,0.0,-0.235037,0.557374,-0.3077940000000001,0.5868289999999999,0.5029200000000001,-1.1680739999999994,0.570604,0.6510079999999999
707,0.5550309999999999,1.0999740000000002,0.3694460000000001,0.34687500000000004,-0.18036700000000003,0.6372680000000001,-0.17093,-0.1652919999999999,0.01227000000000001,0.5591879999999999,0.619062,0.869208,-0.17681500000000003,1.229886,-0.11012499999999999,0.278532,0.0,-0.235037,0.569932,-0.3077940000000001,0.5974329999999999,0.5029100000000001,-1.1330239999999994,0.582461,0.6612429999999999
708,0.8780299999999999,0.551201,0.9091810000000001,0.9597100000000001,-0.18172100000000002,1.1038840000000003,-0.17093,0.03782800000000011,-0.092201,0.8618039999999999,0.808249,1.107085,-0.17954400000000004,0.744759,-0.11012499999999999,0.937729,0.0,-0.235037,0.863566,-0.3077940000000001,0.8464379999999999,0.5024320000000001,-0.2969849999999993,0.860344,0.9048639999999999
709,1.214555,0.039669999999999934,1.454084,1.5761990000000001,-0.18201600000000004,1.5839480000000001,-0.17093,0.24187900000000015,-0.18973300000000004,1.178143,1.014065,1.36587,-0.18014000000000002,0.281478,-0.11012499999999999,1.59846,0.0,-0.235037,1.17152,-0.3077940000000001,1.110894,0.5003050000000001,0.4919050000000007,1.153473,1.1663349999999997
710,1.223812,0.023387999999999933,1.467807,1.5939160000000003,-0.18202000000000002,1.6000750000000001,-0.17093,0.26554400000000017,-0.19332800000000003,1.186557,1.0191,1.3722,-0.18014800000000003,0.241471,-0.11012499999999999,1.619885,0.0,-0.235037,1.179884,-0.3077940000000001,1.117962,0.49559200000000003,0.5126540000000008,1.161827,1.1741509999999997
711,1.217445,0.040987999999999934,1.44965,1.5790930000000003,-0.18202000000000002,1.5913360000000003,-0.17093,0.30387600000000015,-0.19339300000000004,1.180038,1.015565,1.367755,-0.18014800000000003,0.182939,-0.11012499999999999,1.610361,0.0,-0.235037,1.174253,-0.3077940000000001,1.113647,0.46754900000000005,0.48229300000000075,1.159317,1.171526
712,1.539588,0.383581,1.699539,1.8613830000000002,-0.18202000000000002,1.8297100000000002,-0.170927,0.43919600000000014,-0.19339100000000004,1.494934,1.330978,1.764342,-0.18014800000000003,-0.024253,-0.11012499999999999,1.91244,0.0,-0.235037,1.497266,-0.3077940000000001,1.438399,-0.00854600000000001,0.21999300000000072,1.53203,1.506046
713,2.09432,0.901148,2.168449,2.3749180000000005,-0.18202000000000002,2.2531280000000002,-0.170914,0.5564620000000002,-0.19337900000000002,2.037979,1.866001,2.437053,-0.18014800000000003,-0.203846,-0.11012499999999999,2.443957,0.0,-0.235037,2.051246,-0.3077940000000001,1.991369,-0.7182330000000001,-0.12750299999999928,2.159553,2.070564
714,2.141917,0.94185,2.210507,2.4203830000000006,-0.18202000000000002,2.2906220000000004,-0.170887,0.5619220000000003,-0.19335100000000002,2.084595,1.911467,2.494205,-0.18014800000000003,-0.212254,-0.11012499999999999,2.490329,0.0,-0.235037,2.09866,-0.3077940000000001,2.038492,-0.7726660000000001,-0.15228299999999928,2.212637,2.11853
715,2.17972,0.958069,2.250103,2.4625870000000005,-0.18202000000000002,2.3318540000000003,-0.170816,0.5619510000000002,-0.19328000000000004,2.121464,1.945344,2.536763,-0.18014800000000003,-0.212415,-0.11012499999999999,2.532679,0.0,-0.235037,2.135765,-0.3077940000000001,2.07448,-0.7746570000000002,-0.15216099999999927,2.251087,2.156054
716,2.712981,1.1951830000000003,2.80597,3.0548910000000005,-0.18200900000000003,2.9145390000000004,-0.170741,0.5618710000000002,-0.19320200000000004,2.641658,2.424373,3.139036,-0.18012600000000004,-0.21241,-0.11012499999999999,3.126808,0.0,-0.235037,2.659456,-0.3077940000000001,2.582894,-0.7745800000000002,-0.14694099999999927,2.793802,2.686571
717,3.996252,1.8802000000000003,4.103228,4.4371670000000005,-0.18191000000000002,4.274258000000001,-0.170895,0.5620320000000002,-0.19332500000000002,3.895036,3.593524,4.609161,-0.17992500000000003,-0.212339,-0.11012499999999999,4.513327,0.0,-0.235037,3.923681,-0.3077940000000001,3.81684,-0.7748100000000001,-0.18943499999999927,4.116289,3.971858
718,4.601673,2.2731120000000002,4.690595,5.063019000000001,-0.18181700000000003,4.889908000000001,-0.170928,0.5620620000000002,-0.19333000000000003,4.487308,4.155111,5.315296,-0.17973800000000004,-0.212273,-0.11012499999999999,5.141091,0.0,-0.235037,4.522549,-0.3077940000000001,4.405376,-0.7747830000000001,-0.24286299999999927,4.750212,4.583489
719,4.743812,2.3680570000000003,4.827541,5.208937000000001,-0.18179400000000004,5.033450000000001,-0.17093,0.5620620000000002,-0.19332400000000002,4.626396,4.287346,5.481564,-0.17969100000000002,-0.212256,-0.11012499999999999,5.287455,0.0,-0.235037,4.663244,-0.3077940000000001,4.543798,-0.7747600000000001,-0.25669399999999926,4.899429,4.72729
