,1. SOM1,2. SOM2,3. SOM3,4. SOM4,5. SOM5,6. SOM6,7. SOM7,8. SOM8,9. SOM9,10. SOM10,11. SOM11,12. SOM12,13. SOM13,14. SOM14,15. SOM15,16. SOM16,17. SOM17,18. SOM18,19. SOM19,20. SOM20,21. SOM21,22. SOM22,23. SOM23,24. SOM24,25. SOM25
0,-0.6344510000000001,-0.4600170000000001,-0.5977199999999999,-0.6619600000000001,-0.524312,-0.7566650000000001,-0.17093,-1.4761240000000002,-0.19339300000000004,-0.6417910000000001,-0.63639,-0.709347,-0.8702370000000001,-0.212417,-0.11012499999999999,-0.736227,0.0,-0.235037,-0.606528,3.2489250000000003,-0.6500740000000002,-0.046266000000000015,2.0779270000000007,-0.608937,-0.6501580000000001
1,-0.6217260000000001,-0.4524040000000001,-0.5838109999999999,-0.6493800000000001,-0.524459,-0.7401100000000002,-0.17093,-1.2826560000000002,-0.19338700000000003,-0.6310170000000002,-0.627979,-0.698772,-0.8705320000000001,-0.212396,-0.11012499999999999,-0.719331,0.0,-0.235037,-0.59337,3.2487930000000005,-0.6384760000000002,-0.07209300000000003,2.0576090000000007,-0.595163,-0.6328490000000001
2,-0.5421690000000001,-0.4046610000000001,-0.4968619999999999,-0.5707350000000001,-0.525377,-0.6366490000000001,-0.17093,-0.07282899999999992,-0.19334500000000002,-0.5636560000000002,-0.575381,-0.632637,-0.8723850000000001,-0.211555,-0.11012499999999999,-0.613752,0.0,-0.235037,-0.511111,3.2453960000000004,-0.5659530000000002,-0.23381500000000002,1.9302110000000006,-0.509041,-0.5246040000000001
3,-0.5049250000000001,-0.3783730000000001,-0.4564299999999999,-0.5341800000000001,-0.525831,-0.5894370000000001,-0.17093,0.5006660000000003,-0.19332600000000003,-0.5319570000000001,-0.55033,-0.601138,-0.8733000000000001,-0.191383,-0.11012499999999999,-0.565871,0.0,-0.235037,-0.47280300000000003,3.1721490000000006,-0.5315690000000001,-0.31636600000000004,1.8603120000000006,-0.468546,-0.4732500000000001
4,-0.5243300000000001,-0.3338830000000001,-0.48152299999999987,-0.5570680000000001,-0.525913,-0.6320690000000001,-0.17093,0.30745700000000015,-0.19334500000000002,-0.5460470000000001,-0.557049,-0.609587,-0.8734700000000001,0.090308,-0.11012499999999999,-0.613615,0.0,-0.235037,-0.49570800000000004,2.1513800000000005,-0.5430800000000001,-0.37453100000000006,1.7450740000000007,-0.487012,-0.4899570000000001
5,-0.5699390000000001,-0.24572600000000008,-0.5393629999999999,-0.6097300000000001,-0.525616,-0.7271250000000001,-0.17093,-0.17523599999999992,-0.19338700000000003,-0.5798340000000001,-0.574609,-0.631666,-0.8732100000000002,0.669658,-0.11012499999999999,-0.719294,0.0,-0.235037,-0.548741,0.048705999999999965,-0.5719270000000001,-0.48308700000000004,1.5166020000000007,-0.531189,-0.5320860000000001
6,-0.5771010000000001,-0.23220900000000008,-0.5481369999999999,-0.6178630000000002,-0.521289,-0.7415000000000002,-0.17093,-0.24690099999999993,-0.19339300000000004,-0.5850720000000001,-0.57731,-0.635062,-0.8717440000000001,0.755409,-0.11012499999999999,-0.735048,0.0,-0.235037,-0.55733,-0.28832000000000013,-0.5764330000000001,-0.5000690000000001,1.4844180000000007,-0.538451,-0.5389930000000002
7,-0.5732730000000001,-0.2368830000000001,-0.5376799999999999,-0.6138990000000001,-0.454699,-0.7282250000000001,-0.17093,-0.1698099999999999,-0.19339400000000004,-0.5811490000000001,-0.574713,-0.631797,-0.8683830000000001,0.663181,-0.11012499999999999,-0.718422,0.0,-0.235037,-0.557184,-0.30691600000000013,-0.5732210000000001,-0.48505200000000004,1.5765120000000006,-0.539336,-0.5384760000000001
8,-0.5451360000000001,-0.2642910000000001,-0.4673929999999999,-0.5875360000000001,-0.04804900000000003,-0.6410380000000001,-0.17093,0.3145600000000002,-0.19339400000000004,-0.5535470000000001,-0.55643,-0.608808,-0.8688060000000001,0.0837,-0.11012499999999999,-0.612568,0.0,-0.235037,-0.551055,-0.30777900000000014,-0.5499510000000001,-0.37297100000000005,2.1693260000000008,-0.539586,-0.5291520000000001
9,-0.5272120000000001,-0.2633410000000001,-0.4327179999999999,-0.5748940000000001,0.14879399999999998,-0.5936180000000001,-0.17093,0.5467290000000002,-0.19339400000000004,-0.5359170000000001,-0.542206,-0.590924,-0.8730510000000001,-0.194057,-0.11012499999999999,-0.56156,0.0,-0.235037,-0.543441,-0.3077930000000001,-0.5335440000000001,-0.28473800000000005,2.368304000000001,-0.534656,-0.5184630000000001
10,-0.5124020000000001,-0.21688100000000007,-0.43037399999999987,-0.5740760000000001,0.16167799999999996,-0.5728400000000001,-0.17093,0.5616660000000002,-0.19339400000000004,-0.5209220000000001,-0.523293,-0.567143,-0.8737650000000001,-0.211927,-0.11012499999999999,-0.558238,0.0,-0.235037,-0.52815,-0.3077940000000001,-0.5157230000000002,-0.16872800000000002,2.058622000000001,-0.518368,-0.4985690000000001
11,-0.5004230000000001,-0.17633700000000008,-0.43040099999999987,-0.5739190000000001,0.16158599999999998,-0.5572010000000001,-0.17093,0.5620710000000002,-0.19339400000000004,-0.5087380000000001,-0.50745,-0.547223,-0.8728960000000001,-0.212412,-0.11012499999999999,-0.55808,0.0,-0.235037,-0.515158,-0.3077940000000001,-0.5010010000000001,-0.07223300000000003,1.7734340000000006,-0.504367,-0.48178500000000013
12,-0.4963070000000001,-0.16695600000000008,-0.4329579999999999,-0.5700130000000001,0.14895299999999997,-0.5506590000000001,-0.17093,0.5620760000000002,-0.19339400000000004,-0.5040410000000001,-0.501001,-0.539115,-0.8474180000000001,-0.212418,-0.11012499999999999,-0.555815,0.0,-0.235037,-0.510163,-0.3077940000000001,-0.4956710000000001,-0.04869000000000001,1.6340770000000007,-0.49938,-0.4771240000000001
13,-0.4734530000000001,-0.17290000000000008,-0.4641459999999999,-0.5072590000000001,-0.03398700000000003,-0.5039120000000001,-0.17093,0.5620760000000002,-0.19339400000000004,-0.4735720000000001,-0.45853600000000005,-0.485721,-0.4785960000000001,-0.212418,-0.11012499999999999,-0.516694,0.0,-0.235037,-0.47826100000000005,-0.3077940000000001,-0.4651980000000001,-0.045004000000000016,0.6182800000000008,-0.471235,-0.4634820000000001
14,-0.4489430000000001,-0.1782910000000001,-0.4799529999999999,-0.44960800000000006,-0.17596800000000004,-0.4592460000000001,-0.17093,0.5620760000000002,-0.19339400000000004,-0.4433690000000001,-0.4200360000000001,-0.437313,-0.19235000000000002,-0.212418,-0.11012499999999999,-0.477348,0.0,-0.235037,-0.4469810000000001,-0.3077940000000001,-0.43543700000000013,-0.04476400000000001,-0.14656499999999928,-0.442952,-0.4465020000000001
15,-0.4407050000000001,-0.17819000000000007,-0.47208099999999986,-0.43810400000000005,-0.18190500000000004,-0.44842700000000013,-0.17093,0.5620760000000002,-0.19339400000000004,-0.43510900000000013,-0.41235900000000003,-0.427659,-0.18038000000000004,-0.212418,-0.11012499999999999,-0.466563,0.0,-0.235037,-0.4386900000000001,-0.3077940000000001,-0.4275780000000001,-0.04476200000000002,-0.16334399999999927,-0.434842,-0.4388320000000001
16,-0.4252960000000001,-0.1774890000000001,-0.4538859999999999,-0.41865700000000006,-0.18201900000000001,-0.4292960000000001,-0.17093,0.5620760000000002,-0.19339400000000004,-0.4201560000000001,-0.39938200000000007,-0.411343,-0.18015100000000003,-0.212418,-0.11012499999999999,-0.447049,0.0,-0.235037,-0.42376500000000006,-0.3077940000000001,-0.4134420000000001,-0.04476200000000002,-0.13342999999999927,-0.420038,-0.4239690000000001
17,-0.4103860000000001,-0.17680300000000007,-0.4362449999999999,-0.39985800000000005,-0.18202000000000002,-0.4107980000000001,-0.17093,0.5620760000000002,-0.19339400000000004,-0.4056920000000001,-0.3868400000000001,-0.395572,-0.18014800000000003,-0.212418,-0.11012499999999999,-0.428181,0.0,-0.235037,-0.40932900000000005,-0.3077940000000001,-0.3997690000000001,-0.04476200000000002,-0.10445199999999927,-0.405716,-0.4095830000000001
18,-0.3943910000000001,-0.1761310000000001,-0.4173729999999999,-0.37974900000000006,-0.18202000000000002,-0.3908620000000001,-0.17093,0.5620760000000002,-0.19339400000000004,-0.3901750000000001,-0.37336400000000003,-0.378629,-0.18014800000000003,-0.212418,-0.11012499999999999,-0.407643,0.0,-0.235037,-0.3938380000000001,-0.3077940000000001,-0.3850820000000001,-0.04476200000000002,-0.07809599999999926,-0.390362,-0.3941280000000001
19,-0.3484150000000001,-0.17447800000000008,-0.36335299999999987,-0.32218800000000003,-0.18202000000000002,-0.3330740000000001,-0.17093,0.5620760000000002,-0.19339400000000004,-0.3455600000000001,-0.3345350000000001,-0.329807,-0.18014800000000003,-0.212418,-0.11012499999999999,-0.347323,0.0,-0.235037,-0.34928300000000007,-0.3077940000000001,-0.3427730000000001,-0.04476200000000002,-0.008563999999999267,-0.346285,-0.3496050000000001
20,-0.3355370000000001,-0.1748020000000001,-0.3488689999999999,-0.30675500000000006,-0.18202000000000002,-0.3155100000000001,-0.17093,0.5620760000000002,-0.19339400000000004,-0.3330390000000001,-0.32339700000000005,-0.315803,-0.18014800000000003,-0.212418,-0.11012499999999999,-0.326773,0.0,-0.235037,-0.33673400000000003,-0.3077940000000001,-0.3306660000000001,-0.04476200000000002,0.0032450000000007347,-0.334104,-0.3368530000000001
21,-0.3261380000000001,-0.1772940000000001,-0.3401439999999999,-0.29745800000000006,-0.18202000000000002,-0.2998010000000001,-0.17093,0.5620760000000002,-0.19339400000000004,-0.3238290000000001,-0.31451900000000005,-0.304639,-0.18014800000000003,-0.212418,-0.11012499999999999,-0.301353,0.0,-0.235037,-0.3273730000000001,-0.3077940000000001,-0.3211020000000001,-0.044759000000000014,-0.010735999999999267,-0.325467,-0.3268060000000001
22,-0.2818500000000001,-0.18318600000000007,-0.2942259999999999,-0.24853000000000003,-0.18202000000000002,-0.23780700000000007,-0.17093,0.5620760000000002,-0.19339400000000004,-0.2806170000000001,-0.2746350000000001,-0.25449,-0.18014800000000003,-0.212418,-0.11012499999999999,-0.208755,0.0,-0.235037,-0.28378900000000007,-0.3077940000000001,-0.2779520000000001,-0.04470700000000001,-0.022012999999999266,-0.283175,-0.2816780000000001
23,-0.2522660000000001,-0.18268500000000007,-0.2599759999999999,-0.21203400000000003,-0.18202000000000002,-0.20192400000000008,-0.17093,0.5620760000000002,-0.19339400000000004,-0.2518890000000001,-0.24944400000000003,-0.222816,-0.18014800000000003,-0.212418,-0.11012499999999999,-0.167202,0.0,-0.235037,-0.25506500000000004,-0.3077940000000001,-0.2505390000000001,-0.04457000000000001,0.008087000000000734,-0.254447,-0.2529580000000001
24,-0.2386800000000001,-0.17497000000000007,-0.2381489999999999,-0.18877700000000003,-0.18202000000000002,-0.1920000000000001,-0.170927,0.5620680000000002,-0.19339100000000004,-0.23893200000000012,-0.24034900000000003,-0.211382,-0.18014800000000003,-0.212418,-0.11012499999999999,-0.182546,0.0,-0.235037,-0.24253800000000006,-0.3077940000000001,-0.2403390000000001,-0.04451500000000001,0.08271800000000074,-0.241037,-0.24201700000000012
25,-0.23043300000000008,-0.16967500000000008,-0.2243919999999999,-0.17411800000000002,-0.18202000000000002,-0.1864250000000001,-0.170733,0.5614670000000003,-0.19319700000000004,-0.23108100000000012,-0.23502600000000004,-0.204792,-0.18014800000000003,-0.212418,-0.11012499999999999,-0.194782,0.0,-0.235037,-0.23498800000000006,-0.3077940000000001,-0.2343480000000001,-0.044879000000000016,0.1326210000000007,-0.23292,-0.2355710000000001
26,-0.19948400000000008,-0.1660840000000001,-0.1892889999999999,-0.13671500000000003,-0.18202000000000002,-0.15044500000000008,-0.160136,0.5285890000000002,-0.18259500000000004,-0.2006700000000001,-0.20794800000000002,-0.176376,-0.18014800000000003,-0.212418,-0.11012499999999999,-0.157856,0.0,-0.235037,-0.20482400000000006,-0.3077940000000001,-0.2056100000000001,-0.058678000000000015,0.14506500000000072,-0.203573,-0.2060680000000001
27,0.16923699999999992,-0.13176300000000007,0.2157750000000001,0.2949030000000001,-0.18202000000000002,0.284295,-0.01546,0.07974700000000011,-0.03786,0.1627229999999999,0.12073299999999997,0.16002,-0.18014800000000003,-0.212418,-0.11012499999999999,0.336356,0.0,-0.235037,0.15602499999999994,-0.3077940000000001,0.14147899999999988,-0.24593000000000004,0.15613300000000072,0.145236,0.1486269999999999
28,0.30112299999999986,-0.11893000000000008,0.3603730000000001,0.44898000000000005,-0.18202000000000002,0.438878,0.038642,-0.08809899999999991,0.016265000000000012,0.2927869999999999,0.23850999999999997,0.27936,-0.18014800000000003,-0.212418,-0.11012499999999999,0.51232,0.0,-0.235037,0.28513499999999997,-0.3077940000000001,0.26568599999999987,-0.3159410000000001,0.1573190000000007,0.269986,0.2753779999999999
29,0.3050569999999999,-0.11846700000000009,0.3646550000000001,0.45354300000000003,-0.18202000000000002,0.44336,0.040568,-0.09407499999999992,0.01819200000000001,0.2966779999999999,0.24204899999999996,0.282786,-0.18014800000000003,-0.212418,-0.11012499999999999,0.517428,0.0,-0.235037,0.28899099999999994,-0.3077940000000001,0.2693959999999999,-0.31843400000000005,0.15705200000000072,0.273705,0.27914099999999986
30,-0.6265430000000001,-0.4649180000000001,-0.5812079999999998,-0.6493830000000002,-0.491738,-0.7498450000000001,-0.17093,-1.4383230000000002,-0.19337400000000002,-0.6342800000000001,-0.630806,-0.702326,-0.8045660000000001,-0.212372,-0.11012499999999999,-0.732094,0.0,-0.235031,-0.599829,3.2485980000000003,-0.6433740000000001,-0.04607400000000001,2.1887280000000007,-0.601804,-0.6400490000000001
31,-0.6156740000000002,-0.4573550000000001,-0.5699679999999999,-0.6390920000000001,-0.493138,-0.7353980000000001,-0.17093,-1.2627440000000003,-0.19304100000000002,-0.6251200000000001,-0.623561,-0.693216,-0.8073900000000002,-0.211593,-0.11012499999999999,-0.717124,0.0,-0.235031,-0.588491,3.2429730000000005,-0.6333640000000001,-0.06878700000000003,2.160785000000001,-0.58995,-0.6251540000000001
32,-0.5438230000000001,-0.4072240000000001,-0.4956829999999999,-0.5710740000000001,-0.502417,-0.6399390000000001,-0.17093,-0.10183899999999992,-0.19083500000000003,-0.5645640000000001,-0.575653,-0.632979,-0.8260950000000001,-0.205768,-0.11012499999999999,-0.618214,0.0,-0.235035,-0.513543,3.2033430000000003,-0.5671780000000001,-0.21917300000000003,1.9756660000000006,-0.511587,-0.5266710000000001
33,-0.5076210000000001,-0.3780020000000001,-0.4586209999999999,-0.5371080000000001,-0.507627,-0.5929940000000001,-0.17093,0.49092300000000016,-0.18975400000000003,-0.5339020000000001,-0.551104,-0.602112,-0.8365980000000001,-0.1835,-0.11012499999999999,-0.569806,0.0,-0.235037,-0.4759570000000001,3.1133520000000003,-0.5334020000000002,-0.30196900000000004,1.8707580000000006,-0.47191,-0.4763790000000001
34,-0.5262120000000001,-0.3341310000000001,-0.4831569999999999,-0.5589580000000001,-0.51235,-0.6341110000000001,-0.17093,0.3058500000000002,-0.19075600000000004,-0.5473980000000002,-0.557578,-0.610252,-0.8461260000000002,0.091786,-0.11012499999999999,-0.615657,0.0,-0.235037,-0.49792800000000004,2.1148900000000004,-0.5443650000000001,-0.36483000000000004,1.7501360000000006,-0.489454,-0.4923030000000001
35,-0.5710560000000001,-0.2490920000000001,-0.5407049999999999,-0.6091630000000001,-0.516661,-0.7263510000000001,-0.17093,-0.15938399999999991,-0.19301400000000002,-0.5805400000000001,-0.575012,-0.632173,-0.8551480000000001,0.650647,-0.11012499999999999,-0.716989,0.0,-0.235037,-0.550329,0.04067499999999997,-0.5728170000000001,-0.48741300000000004,1.5081270000000007,-0.533147,-0.5345480000000001
36,-0.5794420000000001,-0.2422130000000001,-0.5512159999999999,-0.6152610000000001,-0.50097,-0.7381220000000001,-0.17093,-0.1986459999999999,-0.19337400000000002,-0.5864720000000001,-0.578216,-0.636201,-0.8303310000000002,0.697676,-0.11012499999999999,-0.727179,0.0,-0.235037,-0.560867,-0.28948200000000013,-0.5784140000000001,-0.5163580000000001,1.4581210000000007,-0.543002,-0.5450680000000001
37,-0.5790300000000002,-0.2588270000000001,-0.5460069999999999,-0.6085080000000002,-0.417626,-0.7222660000000001,-0.17093,-0.07072199999999991,-0.19339300000000004,-0.5847960000000001,-0.577069,-0.634759,-0.7755070000000001,0.544637,-0.11012499999999999,-0.70276,0.0,-0.235037,-0.565164,-0.3070350000000001,-0.5780840000000002,-0.5238870000000001,1.5042200000000006,-0.549472,-0.5522380000000001
38,-0.5528200000000001,-0.2787110000000001,-0.4831139999999999,-0.5855700000000001,-0.060152000000000025,-0.6442730000000001,-0.17093,0.35091700000000015,-0.19339400000000004,-0.5592050000000001,-0.559571,-0.612758,-0.7829230000000001,0.040204,-0.11012499999999999,-0.609951,0.0,-0.235037,-0.558211,-0.30778100000000014,-0.5560530000000001,-0.41453500000000004,2.014723000000001,-0.547955,-0.5417340000000002
39,-0.5235300000000002,-0.24761100000000008,-0.4367279999999999,-0.5747260000000001,0.14245399999999997,-0.5875640000000001,-0.17093,0.5500050000000002,-0.19339400000000004,-0.5317090000000001,-0.535668,-0.582704,-0.8547280000000002,-0.197976,-0.11012499999999999,-0.561361,0.0,-0.235037,-0.538967,-0.3077930000000001,-0.5281860000000002,-0.24880100000000002,2.1973800000000008,-0.529966,-0.5133560000000001
40,-0.5054520000000001,-0.1923680000000001,-0.4317769999999999,-0.5740220000000001,0.15885499999999997,-0.5632840000000001,-0.17093,0.5618670000000002,-0.19339400000000004,-0.5137090000000001,-0.513545,-0.554886,-0.8677360000000001,-0.212167,-0.11012499999999999,-0.557928,0.0,-0.235037,-0.520413,-0.3077940000000001,-0.5068910000000001,-0.10999800000000003,1.8649940000000007,-0.510097,-0.4887610000000001
41,-0.4985660000000001,-0.16971200000000009,-0.4314889999999999,-0.5736170000000002,0.15880299999999997,-0.5544090000000002,-0.17093,0.5620740000000002,-0.19339400000000004,-0.5067180000000001,-0.504561,-0.54359,-0.8672800000000002,-0.212416,-0.11012499999999999,-0.557863,0.0,-0.235037,-0.512974,-0.3077940000000001,-0.4985140000000001,-0.05606000000000001,1.7082260000000007,-0.502081,-0.4792230000000001
42,-0.4959500000000001,-0.1666120000000001,-0.4370689999999999,-0.5674420000000001,0.13570299999999996,-0.5488330000000001,-0.17093,0.5620760000000002,-0.19339400000000004,-0.5030810000000001,-0.4988890000000001,-0.536459,-0.8207040000000001,-0.212418,-0.11012499999999999,-0.554855,0.0,-0.235037,-0.509077,-0.3077940000000001,-0.4945690000000001,-0.04636700000000001,1.5504070000000008,-0.49854,-0.4772690000000001
43,-0.4812300000000001,-0.1741620000000001,-0.4797239999999999,-0.5133110000000001,-0.05409100000000003,-0.5115010000000001,-0.17093,0.5620760000000002,-0.19339400000000004,-0.4802050000000001,-0.4625330000000001,-0.490746,-0.43806600000000007,-0.212418,-0.11012499999999999,-0.525267,0.0,-0.235037,-0.48471700000000006,-0.3077940000000001,-0.4712860000000001,-0.044870000000000014,0.48394500000000074,-0.478035,-0.4719160000000001
44,-0.46474300000000013,-0.1790110000000001,-0.4982189999999999,-0.46987300000000004,-0.17444000000000004,-0.4789020000000001,-0.17093,0.5620760000000002,-0.19339400000000004,-0.4587630000000001,-0.43349800000000005,-0.454238,-0.19543100000000002,-0.212418,-0.11012499999999999,-0.497131,0.0,-0.235037,-0.46235300000000007,-0.3077940000000001,-0.4499820000000001,-0.04476400000000001,-0.17403799999999928,-0.45819,-0.4616530000000001
45,-0.4520590000000001,-0.17892000000000008,-0.4856569999999999,-0.45262300000000005,-0.18180500000000002,-0.46222200000000013,-0.17093,0.5620760000000002,-0.19339400000000004,-0.4461210000000001,-0.42185200000000006,-0.439595,-0.18058300000000002,-0.212418,-0.11012499999999999,-0.479955,0.0,-0.235037,-0.44966900000000004,-0.3077940000000001,-0.4379250000000001,-0.04476200000000002,-0.19053199999999929,-0.445781,-0.44971100000000014
46,-0.4307900000000001,-0.17819700000000008,-0.46075899999999986,-0.4259820000000001,-0.18201700000000004,-0.4354630000000001,-0.17093,0.5620760000000002,-0.19339400000000004,-0.4254710000000001,-0.40385200000000004,-0.416963,-0.18015400000000004,-0.212418,-0.11012499999999999,-0.451891,0.0,-0.235037,-0.42904300000000006,-0.3077940000000001,-0.4183320000000001,-0.04476200000000002,-0.15072299999999927,-0.425379,-0.4291160000000001
47,-0.41198600000000013,-0.17739100000000008,-0.4385599999999999,-0.4023260000000001,-0.18202000000000002,-0.4119990000000001,-0.17093,0.5620760000000002,-0.19339400000000004,-0.4072290000000001,-0.3880140000000001,-0.39705,-0.18014800000000003,-0.212418,-0.11012499999999999,-0.427824,0.0,-0.235037,-0.41083200000000003,-0.3077940000000001,-0.4010700000000001,-0.04476200000000002,-0.11382799999999926,-0.407337,-0.4109500000000001
48,-0.3936540000000001,-0.17750600000000008,-0.4176549999999999,-0.38005000000000005,-0.18202000000000002,-0.3879030000000001,-0.17093,0.5620760000000002,-0.19339400000000004,-0.3894150000000001,-0.3722750000000001,-0.377259,-0.18014800000000003,-0.212418,-0.11012499999999999,-0.40019,0.0,-0.235037,-0.39299800000000007,-0.3077940000000001,-0.3839500000000001,-0.04476200000000002,-0.09195499999999926,-0.389862,-0.3929400000000001
49,-0.3488700000000001,-0.1786550000000001,-0.36729499999999987,-0.32638900000000004,-0.18202000000000002,-0.3277770000000001,-0.17093,0.5620760000000002,-0.19339400000000004,-0.3458700000000001,-0.33353700000000003,-0.328552,-0.18014800000000003,-0.212418,-0.11012499999999999,-0.328679,0.0,-0.235037,-0.34935400000000005,-0.3077940000000001,-0.3418470000000001,-0.04476200000000002,-0.05023899999999926,-0.347301,-0.3486490000000001
50,-0.3352230000000001,-0.18080700000000008,-0.3534369999999999,-0.31162300000000004,-0.18202000000000002,-0.3056890000000001,-0.17093,0.5620760000000002,-0.19339400000000004,-0.3325440000000001,-0.3211300000000001,-0.312951,-0.18014800000000003,-0.212418,-0.11012499999999999,-0.298491,0.0,-0.235037,-0.33589300000000005,-0.3077940000000001,-0.3284240000000001,-0.044760000000000015,-0.05460299999999926,-0.334836,-0.3344660000000001
51,-0.32253700000000013,-0.1839550000000001,-0.3415269999999999,-0.29893200000000003,-0.18202000000000002,-0.2837940000000001,-0.17093,0.5620760000000002,-0.19339400000000004,-0.3201180000000001,-0.30920100000000006,-0.297953,-0.18014800000000003,-0.212418,-0.11012499999999999,-0.265007,0.0,-0.235037,-0.32327300000000003,-0.3077940000000001,-0.3155660000000001,-0.04468600000000001,-0.07134099999999927,-0.323348,-0.32090200000000013
52,-0.28504200000000013,-0.18557300000000007,-0.30031999999999986,-0.25502400000000003,-0.18202000000000002,-0.23626500000000009,-0.17093,0.5620760000000002,-0.19339400000000004,-0.2836240000000001,-0.27638000000000007,-0.256685,-0.18014800000000003,-0.212418,-0.11012499999999999,-0.200655,0.0,-0.235037,-0.2866290000000001,-0.3077940000000001,-0.2799750000000001,-0.043748000000000016,-0.052974999999999266,-0.286951,-0.2837020000000001
53,-0.2550360000000001,-0.1830420000000001,-0.2653649999999999,-0.21777800000000003,-0.18202000000000002,-0.2027470000000001,-0.17093,0.5620760000000002,-0.19339400000000004,-0.25449500000000014,-0.25091700000000006,-0.224669,-0.18014800000000003,-0.212418,-0.11012499999999999,-0.162667,0.0,-0.235037,-0.25752300000000006,-0.3077940000000001,-0.25232100000000013,-0.040612000000000016,-0.016553999999999264,-0.257255,-0.2547890000000001
54,-0.23999700000000007,-0.17595400000000008,-0.2442549999999999,-0.19528300000000004,-0.18202000000000002,-0.18926400000000007,-0.170928,0.5620710000000002,-0.19339200000000004,-0.2400350000000001,-0.23961200000000002,-0.210455,-0.18014800000000003,-0.212418,-0.11012499999999999,-0.166219,0.0,-0.235037,-0.24333000000000005,-0.3077940000000001,-0.23990900000000012,-0.03669300000000002,0.03667800000000074,-0.242357,-0.2415650000000001
55,-0.22298400000000007,-0.16901700000000008,-0.2183309999999999,-0.16765900000000003,-0.18202000000000002,-0.1744350000000001,-0.170763,0.5615580000000002,-0.19322700000000004,-0.22374900000000011,-0.22764500000000001,-0.195496,-0.18014800000000003,-0.212418,-0.11012499999999999,-0.17589,0.0,-0.235037,-0.22748600000000005,-0.3077940000000001,-0.2265510000000001,-0.03862400000000001,0.11286200000000074,-0.225817,-0.2273170000000001
56,-0.15661100000000008,-0.1663070000000001,-0.1408329999999999,-0.08508100000000002,-0.18202000000000002,-0.09179600000000007,-0.162097,0.5346720000000003,-0.18455700000000003,-0.1590530000000001,-0.17104100000000003,-0.12893,-0.18014800000000003,-0.212418,-0.11012499999999999,-0.090946,0.0,-0.235037,-0.16307800000000006,-0.3077940000000001,-0.16539200000000012,-0.05392200000000001,0.15964700000000073,-0.162885,-0.16352600000000012
57,0.14012999999999992,-0.14261800000000008,0.18700700000000012,0.26424900000000007,-0.18202000000000002,0.263143,-0.058677,0.21382400000000013,-0.081095,0.1329229999999999,0.09219799999999997,0.147105,-0.18014800000000003,-0.212418,-0.11012499999999999,0.31171,0.0,-0.235037,0.12708799999999995,-0.3077940000000001,0.1135519999999999,-0.18981700000000004,0.1857420000000007,0.117864,0.12248199999999988
58,0.28569099999999986,-0.12234000000000009,0.3442040000000001,0.43175100000000005,-0.18202000000000002,0.423845,0.024932,-0.045564999999999904,0.002549000000000009,0.2773089999999999,0.22412499999999996,0.268558,-0.18014800000000003,-0.212418,-0.11012499999999999,0.495072,0.0,-0.235037,0.26992199999999994,-0.3077940000000001,0.25102799999999986,-0.29819900000000005,0.16429600000000072,0.255425,0.2609739999999999
59,0.30278699999999986,-0.11896500000000008,0.3622740000000001,0.4510060000000001,-0.18202000000000002,0.441142,0.038565,-0.08786099999999991,0.01618800000000001,0.2944009999999999,0.23993299999999998,0.281191,-0.18014800000000003,-0.212418,-0.11012499999999999,0.514884,0.0,-0.235037,0.2867529999999999,-0.3077940000000001,0.26723999999999987,-0.31584200000000007,0.15806500000000073,0.271563,0.2770209999999999
60,-0.5772090000000001,-0.49532900000000013,-0.4781469999999999,-0.5709540000000001,-0.286969,-0.7072880000000001,-0.17093,-1.2000990000000002,-0.19303200000000004,-0.5873960000000001,-0.595883,-0.658415,-0.39199800000000007,-0.211393,-0.11012499999999999,-0.706369,0.0,-0.23415,-0.558072,3.2415040000000004,-0.6015190000000001,-0.044295000000000015,2.8800310000000007,-0.557341,-0.5769410000000001
61,-0.5773320000000001,-0.4870060000000001,-0.48074099999999986,-0.5738780000000001,-0.270019,-0.7059100000000001,-0.17093,-1.1054920000000001,-0.18657700000000002,-0.5872830000000001,-0.594308,-0.656434,-0.35780900000000004,-0.196435,-0.11012499999999999,-0.704158,0.0,-0.234204,-0.558152,3.1331420000000003,-0.6002460000000001,-0.035947000000000014,2.831224000000001,-0.557581,-0.5757970000000001
62,-0.5783810000000001,-0.4165450000000001,-0.5027079999999999,-0.5986220000000001,-0.12674400000000002,-0.6942680000000001,-0.17093,-0.30512199999999995,-0.13199000000000002,-0.5863340000000001,-0.580978,-0.639675,-0.06881900000000003,-0.069643,-0.11012499999999999,-0.685462,0.0,-0.234664,-0.558825,2.2156420000000003,-0.5894730000000001,0.034506,2.418035000000001,-0.559607,-0.5661160000000001
63,-0.5791740000000001,-0.36267300000000013,-0.5194519999999999,-0.6170650000000001,-0.025079000000000025,-0.6861650000000001,-0.17093,0.2865230000000002,-0.092372,-0.5856410000000001,-0.571117,-0.627276,0.13624900000000004,0.032243,-0.11012499999999999,-0.672131,0.0,-0.235006,-0.55935,1.5115140000000002,-0.5814110000000001,0.080538,2.102741000000001,-0.56093,-0.5587540000000001
64,-0.5801520000000001,-0.3381340000000001,-0.5281019999999998,-0.6172290000000001,-0.10689300000000003,-0.6951290000000001,-0.17093,0.24432900000000013,-0.10977,-0.5863060000000001,-0.572209,-0.628648,-0.028689000000000017,0.154522,-0.11012499999999999,-0.679941,0.0,-0.235036,-0.560925,1.1019710000000003,-0.5809900000000001,-0.040730000000000016,1.9432820000000006,-0.558997,-0.5575830000000002
65,-0.5890460000000001,-0.29637000000000013,-0.5601069999999999,-0.6057730000000001,-0.359385,-0.7187610000000001,-0.17093,0.05791100000000011,-0.17968000000000003,-0.5922030000000001,-0.580941,-0.639627,-0.5379540000000002,0.389048,-0.11012499999999999,-0.689706,0.0,-0.235037,-0.574971,-0.07751600000000006,-0.5868140000000001,-0.5037540000000001,1.4300070000000007,-0.563595,-0.5710860000000001
66,-0.5996250000000001,-0.3281390000000001,-0.5776889999999999,-0.5930800000000002,-0.325239,-0.7092080000000001,-0.17093,0.21572400000000014,-0.19289700000000004,-0.5985590000000001,-0.585997,-0.645984,-0.47214200000000006,0.201884,-0.11012499999999999,-0.659763,0.0,-0.235037,-0.591331,-0.29948000000000013,-0.5954780000000001,-0.6545170000000001,1.2334820000000006,-0.582205,-0.5973190000000002
67,-0.6060680000000002,-0.36148200000000014,-0.5853189999999999,-0.5834060000000001,-0.24516700000000002,-0.6945030000000001,-0.17093,0.39204600000000017,-0.19338100000000003,-0.6019360000000001,-0.588097,-0.648625,-0.34024200000000004,-0.009003,-0.11012499999999999,-0.629533,0.0,-0.235037,-0.602536,-0.3075900000000001,-0.6008860000000001,-0.7053470000000001,1.1614820000000006,-0.596933,-0.6166850000000001
68,-0.5949120000000001,-0.3575810000000001,-0.5658969999999999,-0.5777460000000001,-0.14339900000000003,-0.6670640000000001,-0.17093,0.5048320000000002,-0.19339300000000004,-0.5911870000000001,-0.578985,-0.637169,-0.35481000000000007,-0.143933,-0.11012499999999999,-0.600501,0.0,-0.235037,-0.596567,-0.3077900000000001,-0.5903190000000001,-0.6408030000000001,1.2545560000000007,-0.59238,-0.6078340000000001
69,-0.5406100000000001,-0.2599920000000001,-0.49434899999999987,-0.5752350000000002,0.030890999999999974,-0.5935810000000001,-0.17093,0.5569270000000002,-0.19339400000000004,-0.5429260000000001,-0.534965,-0.581819,-0.6181020000000002,-0.206258,-0.11012499999999999,-0.559283,0.0,-0.235037,-0.54945,-0.3077930000000001,-0.5372860000000002,-0.28761800000000004,1.4245380000000007,-0.543223,-0.5355800000000001
70,-0.5102840000000001,-0.1923920000000001,-0.4585489999999999,-0.5735070000000001,0.10358999999999997,-0.5597890000000001,-0.17093,0.5620000000000003,-0.19339400000000004,-0.5157510000000001,-0.509181,-0.549399,-0.7560920000000001,-0.212327,-0.11012499999999999,-0.552311,0.0,-0.235037,-0.52178,-0.3077940000000001,-0.5072920000000001,-0.09955100000000003,1.4401380000000006,-0.513038,-0.4946030000000001
71,-0.5020630000000001,-0.17398700000000009,-0.4485379999999999,-0.5707820000000001,0.11877699999999997,-0.5530930000000001,-0.17093,0.5620750000000002,-0.19339400000000004,-0.5082880000000001,-0.502349,-0.540809,-0.7865830000000001,-0.212417,-0.11012499999999999,-0.55518,0.0,-0.235037,-0.514197,-0.3077940000000001,-0.4994940000000001,-0.05935600000000001,1.4566040000000007,-0.504392,-0.4843250000000001
72,-0.49774800000000013,-0.1712500000000001,-0.4618929999999999,-0.5560990000000001,0.06367099999999998,-0.5432150000000001,-0.17093,0.5620760000000002,-0.19339400000000004,-0.5015660000000001,-0.49134400000000006,-0.526972,-0.6754830000000001,-0.212418,-0.11012499999999999,-0.55097,0.0,-0.235037,-0.506988,-0.3077940000000001,-0.4924930000000001,-0.04843300000000001,1.1281880000000006,-0.497996,-0.4823810000000001
73,-0.4844030000000001,-0.1778470000000001,-0.5042519999999999,-0.5054160000000001,-0.11894800000000003,-0.5081590000000001,-0.17093,0.5620760000000002,-0.19339400000000004,-0.4803350000000001,-0.45690900000000007,-0.483675,-0.30730700000000005,-0.212418,-0.11012499999999999,-0.523441,0.0,-0.235037,-0.48430700000000004,-0.3077940000000001,-0.4707400000000001,-0.04508400000000001,0.09618100000000074,-0.47902,-0.4778880000000001
74,-0.4762270000000001,-0.18061100000000008,-0.5136999999999999,-0.48444400000000004,-0.17810800000000002,-0.4913320000000001,-0.17093,0.5620760000000002,-0.19339400000000004,-0.4697100000000001,-0.44239800000000007,-0.465429,-0.18803600000000004,-0.212418,-0.11012499999999999,-0.507285,0.0,-0.235037,-0.47319800000000006,-0.3077940000000001,-0.46003300000000014,-0.04476900000000002,-0.23276499999999928,-0.469262,-0.4725930000000001
75,-0.4697870000000001,-0.18272000000000008,-0.5090979999999999,-0.4775650000000001,-0.18187300000000003,-0.47990100000000013,-0.17093,0.5620760000000002,-0.19339400000000004,-0.4632210000000001,-0.43576400000000004,-0.457088,-0.18044600000000002,-0.212418,-0.11012499999999999,-0.488586,0.0,-0.235037,-0.46656300000000006,-0.3077940000000001,-0.4532130000000001,-0.04475800000000001,-0.26700299999999927,-0.463244,-0.4658110000000001
76,-0.4563490000000001,-0.18699100000000007,-0.49725599999999986,-0.46487100000000003,-0.18201800000000004,-0.45628800000000014,-0.17093,0.5620760000000002,-0.19339400000000004,-0.4500240000000001,-0.42281500000000005,-0.440806,-0.18015300000000004,-0.212418,-0.11012499999999999,-0.448948,0.0,-0.235037,-0.45310800000000007,-0.3077940000000001,-0.43930000000000013,-0.044731000000000014,-0.2977619999999993,-0.451018,-0.4512060000000001
77,-0.4355130000000001,-0.18802900000000008,-0.4742689999999999,-0.44037500000000007,-0.18202000000000002,-0.42634300000000014,-0.17093,0.5620760000000002,-0.19339400000000004,-0.42974800000000013,-0.4046120000000001,-0.417919,-0.18014800000000003,-0.212418,-0.11012499999999999,-0.41322,0.0,-0.235037,-0.43275500000000006,-0.3077940000000001,-0.4195320000000001,-0.044692000000000016,-0.27557799999999927,-0.431544,-0.4303420000000001
78,-0.4036020000000001,-0.1890330000000001,-0.4385289999999999,-0.40229200000000004,-0.18202000000000002,-0.3825190000000001,-0.17093,0.5620760000000002,-0.19339400000000004,-0.3987140000000001,-0.37695100000000004,-0.383138,-0.18014800000000003,-0.212418,-0.11012499999999999,-0.361419,0.0,-0.235037,-0.4016390000000001,-0.3077940000000001,-0.3894700000000001,-0.04472100000000001,-0.23304099999999928,-0.401393,-0.3986760000000001
79,-0.3661230000000001,-0.1890650000000001,-0.3955839999999999,-0.35653200000000007,-0.18202000000000002,-0.3361690000000001,-0.17093,0.5620760000000002,-0.19339400000000004,-0.3623030000000001,-0.3448570000000001,-0.342785,-0.18014800000000003,-0.212418,-0.11012499999999999,-0.30606,0.0,-0.235037,-0.36520100000000005,-0.3077940000000001,-0.3545620000000001,-0.04475500000000002,-0.17699799999999927,-0.365101,-0.3621040000000001
80,-0.3454870000000001,-0.18854900000000008,-0.3715429999999999,-0.33091500000000007,-0.18202000000000002,-0.30933300000000014,-0.17093,0.5620760000000002,-0.19339400000000004,-0.3422710000000001,-0.3273460000000001,-0.320768,-0.18014800000000003,-0.212418,-0.11012499999999999,-0.277858,0.0,-0.235037,-0.34518200000000004,-0.3077940000000001,-0.3354900000000001,-0.044725000000000015,-0.1430529999999993,-0.345466,-0.3420010000000001
81,-0.3301900000000001,-0.18818600000000008,-0.3540959999999999,-0.31232400000000005,-0.18202000000000002,-0.2871950000000001,-0.17093,0.5620760000000002,-0.19339400000000004,-0.3274060000000001,-0.3142130000000001,-0.304255,-0.18014800000000003,-0.212418,-0.11012499999999999,-0.255528,0.0,-0.235037,-0.33030100000000007,-0.3077940000000001,-0.3212080000000001,-0.043997000000000015,-0.12474799999999926,-0.331306,-0.3268360000000001
82,-0.2942710000000001,-0.18239300000000008,-0.31372299999999986,-0.26930500000000007,-0.18202000000000002,-0.2431840000000001,-0.17093,0.5620760000000002,-0.19339400000000004,-0.29248000000000013,-0.28313600000000005,-0.265179,-0.18014800000000003,-0.212418,-0.11012499999999999,-0.209233,0.0,-0.235037,-0.29531100000000005,-0.3077940000000001,-0.28765600000000013,-0.03262800000000001,-0.09249499999999926,-0.296291,-0.29145900000000013
83,-0.22521000000000008,-0.1575040000000001,-0.2395939999999999,-0.19031600000000004,-0.18202000000000002,-0.16096700000000008,-0.17093,0.5620760000000002,-0.19339400000000004,-0.22519500000000012,-0.22196800000000003,-0.18827,-0.18014800000000003,-0.212418,-0.11012499999999999,-0.130311,0.0,-0.235037,-0.22770200000000004,-0.3077940000000001,-0.2223540000000001,0.019581999999999995,-0.06611399999999927,-0.227812,-0.2222350000000001
84,-0.1677510000000001,-0.12451200000000008,-0.1805619999999999,-0.12741400000000003,-0.18202000000000002,-0.08955900000000007,-0.170929,0.5620740000000002,-0.19339300000000004,-0.16911100000000012,-0.17000300000000002,-0.12293000000000001,-0.18014800000000003,-0.212418,-0.11012499999999999,-0.075277,0.0,-0.235037,-0.17120100000000005,-0.3077940000000001,-0.1674530000000001,0.089051,-0.07179999999999927,-0.170965,-0.16338700000000012
85,-0.11141600000000008,-0.12082000000000008,-0.1108349999999999,-0.053117000000000004,-0.18202000000000002,-0.020426000000000055,-0.170867,0.5618830000000002,-0.19333200000000003,-0.1145790000000001,-0.12385800000000002,-0.06494200000000001,-0.18014800000000003,-0.212418,-0.11012499999999999,-0.016912000000000003,0.0,-0.235037,-0.11698600000000005,-0.3077940000000001,-0.1169070000000001,0.084409,0.009153000000000733,-0.117279,-0.11005200000000011
86,0.007463999999999915,-0.15943200000000007,0.042804000000000106,0.11059400000000001,-0.18202000000000002,0.13192699999999996,-0.169014,0.5561320000000002,-0.19147700000000004,0.00029899999999989755,-0.029047000000000035,0.05328299999999999,-0.18014800000000003,-0.212418,-0.11012499999999999,0.15866,0.0,-0.235037,-0.0031430000000000425,-0.3077940000000001,-0.011094000000000102,-0.02014600000000001,0.20409500000000072,-0.006746,-9.600000000011102e-05
87,0.07615199999999991,-0.16607200000000008,0.1236420000000001,0.19673100000000002,-0.18202000000000002,0.21675599999999998,-0.153911,0.5092760000000002,-0.17636800000000002,0.06741699999999991,0.029518999999999965,0.11889699999999999,-0.18014800000000003,-0.212418,-0.11012499999999999,0.257431,0.0,-0.235037,0.06349199999999997,-0.3077940000000001,0.052201999999999894,-0.06506200000000002,0.24993700000000071,0.057727,0.0650859999999999
88,0.1605379999999999,-0.14997000000000008,0.21306900000000012,0.29202000000000006,-0.18202000000000002,0.301953,-0.086326,0.2996010000000002,-0.108755,0.1517839999999999,0.10746699999999997,0.180995,-0.18014800000000003,-0.212418,-0.11012499999999999,0.355198,0.0,-0.235037,0.14654699999999996,-0.3077940000000001,0.13215699999999989,-0.15412600000000004,0.22086700000000073,0.137347,0.1441749999999999
89,0.2648679999999999,-0.1272850000000001,0.3225340000000001,0.40866100000000005,-0.18202000000000002,0.40415,0.004968,0.016370000000000107,-0.017422999999999998,0.2563729999999999,0.20459699999999997,0.254612,-0.18014800000000003,-0.212418,-0.11012499999999999,0.472409,0.0,-0.235037,0.24937399999999996,-0.3077940000000001,0.2312249999999999,-0.27230200000000004,0.17508800000000072,0.23579,0.2416249999999999
90,-0.5543470000000001,-0.5075700000000002,-0.4305579999999999,-0.5353020000000001,-0.17760200000000004,-0.6869830000000001,-0.17093,-1.0666860000000002,-0.19202200000000003,-0.5653590000000001,-0.578794,-0.636928,-0.17865100000000003,-0.203995,-0.11012499999999999,-0.695112,0.0,-0.210174,-0.538976,3.1879060000000004,-0.5813900000000001,-0.04124700000000001,3.1876960000000008,-0.537004,-0.5472820000000002
91,-0.5656320000000001,-0.48878100000000013,-0.4481019999999999,-0.5542650000000001,-0.10320100000000003,-0.6977910000000002,-0.17093,-0.931989,-0.16892800000000002,-0.5737940000000001,-0.580235,-0.63874,-0.02782400000000002,-0.151031,-0.11012499999999999,-0.704407,0.0,-0.212951,-0.551121,2.8041730000000005,-0.5870100000000001,0.017946999999999998,3.087661000000001,-0.550226,-0.5582630000000001
92,-0.6276590000000001,-0.3855150000000001,-0.5445259999999998,-0.6584910000000002,0.305689,-0.7571940000000001,-0.17093,-0.19169799999999992,-0.042002,-0.6201530000000001,-0.588157,-0.648701,0.8010870000000001,0.140064,-0.11012499999999999,-0.755496,0.0,-0.228226,-0.617873,0.6951770000000002,-0.6179000000000001,0.34325300000000003,2.537862000000001,-0.622894,-0.6186180000000001
93,-0.6533710000000001,-0.3426190000000001,-0.5845709999999998,-0.7016780000000001,0.474788,-0.7818000000000002,-0.17093,0.11590100000000012,0.01056200000000001,-0.6393690000000001,-0.59144,-0.652829,1.1438970000000002,0.260885,-0.11012499999999999,-0.776599,0.0,-0.234577,-0.645547,-0.18091600000000008,-0.6306970000000001,0.4772930000000001,2.308441000000001,-0.653012,-0.6436440000000001
94,-0.6534300000000001,-0.3406320000000001,-0.5873559999999999,-0.7002850000000002,0.460062,-0.7803860000000001,-0.17093,0.14608700000000013,0.0070120000000000095,-0.6393360000000001,-0.591552,-0.652969,1.1143370000000001,0.259098,-0.11012499999999999,-0.772744,0.0,-0.235013,-0.645875,-0.2430990000000001,-0.6305230000000001,0.44345900000000005,2.251081000000001,-0.653048,-0.6444070000000001
95,-0.6279480000000001,-0.3684830000000001,-0.5923279999999999,-0.6236370000000001,0.039057999999999975,-0.7236750000000001,-0.17093,0.36223400000000017,-0.117826,-0.6186690000000001,-0.591223,-0.652556,0.26554300000000003,0.017521,-0.11012499999999999,-0.673627,0.0,-0.235036,-0.624195,-0.2847650000000001,-0.6155340000000001,-0.3050820000000001,1.5157200000000006,-0.624756,-0.6364460000000001
96,-0.6152230000000001,-0.3930400000000001,-0.5978899999999999,-0.5771350000000001,-0.18662800000000002,-0.6877180000000002,-0.17093,0.5289180000000002,-0.19095400000000004,-0.6079270000000001,-0.591802,-0.653284,-0.18970900000000002,-0.173022,-0.11012499999999999,-0.609397,0.0,-0.235037,-0.614705,-0.30710500000000013,-0.6085420000000001,-0.7504090000000001,1.0670660000000007,-0.61231,-0.6370860000000002
97,-0.6148870000000001,-0.3947710000000001,-0.5995639999999999,-0.5754680000000001,-0.18580200000000002,-0.6838710000000001,-0.17093,0.5513630000000003,-0.19332500000000002,-0.6073070000000002,-0.590951,-0.652214,-0.18989800000000004,-0.199607,-0.11012499999999999,-0.603319,0.0,-0.235037,-0.614797,-0.30778100000000014,-0.6079200000000001,-0.7587960000000001,1.0169220000000008,-0.612662,-0.6379260000000001
98,-0.6067870000000001,-0.37288300000000013,-0.6018479999999999,-0.5789410000000001,-0.17905900000000002,-0.6668080000000001,-0.17093,0.5589270000000002,-0.19339000000000003,-0.5989860000000001,-0.579185,-0.63742,-0.19142700000000004,-0.208651,-0.11012499999999999,-0.588851,0.0,-0.235037,-0.606044,-0.3077930000000001,-0.5969440000000001,-0.6616820000000001,0.7773290000000008,-0.604251,-0.6253110000000001
99,-0.5735650000000001,-0.2963460000000001,-0.5958699999999999,-0.5824090000000001,-0.15846000000000002,-0.6042290000000001,-0.17093,0.5617840000000002,-0.19339400000000004,-0.5660660000000001,-0.537627,-0.585166,-0.22814200000000004,-0.212069,-0.11012499999999999,-0.543231,0.0,-0.235037,-0.571028,-0.3077940000000001,-0.5562150000000001,-0.34209900000000004,0.13370700000000071,-0.570487,-0.5761650000000001
100,-0.5485080000000001,-0.2512360000000001,-0.5694049999999999,-0.5740690000000002,-0.12042400000000003,-0.5704030000000001,-0.17093,0.5620690000000003,-0.19339400000000004,-0.5428860000000001,-0.515175,-0.556936,-0.30434200000000006,-0.21241,-0.11012499999999999,-0.530276,0.0,-0.235037,-0.5473,-0.3077940000000001,-0.5311790000000001,-0.19476000000000002,0.10869900000000074,-0.546207,-0.5436820000000001
101,-0.5268760000000001,-0.21258600000000008,-0.5408399999999999,-0.5583550000000002,-0.09235800000000002,-0.5541100000000001,-0.17093,0.5620760000000002,-0.19339400000000004,-0.5229440000000001,-0.49812500000000004,-0.535498,-0.36091500000000004,-0.212418,-0.11012499999999999,-0.54201,0.0,-0.235037,-0.527315,-0.3077940000000001,-0.5118300000000001,-0.11450900000000003,0.22660000000000072,-0.523652,-0.5193300000000001
102,-0.5112840000000001,-0.1874250000000001,-0.5374699999999999,-0.5372960000000001,-0.12565000000000004,-0.5376330000000001,-0.17093,0.5620760000000002,-0.19339400000000004,-0.5061350000000001,-0.47896200000000005,-0.511403,-0.29379600000000006,-0.212418,-0.11012499999999999,-0.546344,0.0,-0.235037,-0.51003,-0.3077940000000001,-0.4950330000000001,-0.060156000000000015,-0.0012229999999992655,-0.505414,-0.5043010000000001
103,-0.49727300000000013,-0.18486200000000008,-0.5384779999999999,-0.5151110000000001,-0.16997900000000002,-0.5122750000000001,-0.17093,0.5620760000000002,-0.19339400000000004,-0.4903990000000001,-0.46013500000000007,-0.487731,-0.20442400000000002,-0.212418,-0.11012499999999999,-0.519467,0.0,-0.235037,-0.49373900000000004,-0.3077940000000001,-0.4787560000000001,-0.04595000000000001,-0.2793389999999993,-0.490535,-0.49141600000000013
104,-0.4861580000000001,-0.18755600000000008,-0.5316339999999999,-0.5019280000000002,-0.18120600000000003,-0.4923720000000001,-0.17093,0.5620760000000002,-0.19339400000000004,-0.4790020000000001,-0.44825000000000004,-0.472787,-0.18179000000000003,-0.212418,-0.11012499999999999,-0.490259,0.0,-0.235037,-0.48208100000000004,-0.3077940000000001,-0.4669160000000001,-0.04478300000000002,-0.3581939999999993,-0.480001,-0.4800590000000001
105,-0.4755140000000001,-0.19146000000000007,-0.5229069999999999,-0.49221300000000007,-0.18199800000000002,-0.4739730000000001,-0.17093,0.5620760000000002,-0.19339400000000004,-0.4685010000000001,-0.43773000000000006,-0.45956,-0.18019400000000002,-0.212418,-0.11012499999999999,-0.45644,0.0,-0.235037,-0.47134100000000007,-0.3077940000000001,-0.4556960000000001,-0.044663000000000015,-0.38813999999999926,-0.470135,-0.4684140000000001
106,-0.4655780000000001,-0.1943900000000001,-0.5140809999999999,-0.48279700000000003,-0.18202000000000002,-0.4573640000000001,-0.17093,0.5620760000000002,-0.19339400000000004,-0.4587480000000001,-0.42818300000000004,-0.447555,-0.18014900000000003,-0.212418,-0.11012499999999999,-0.427672,0.0,-0.235037,-0.46140200000000003,-0.3077940000000001,-0.4454380000000001,-0.04434100000000001,-0.4052119999999993,-0.460931,-0.45767400000000014
107,-0.4496100000000001,-0.1942770000000001,-0.4959099999999999,-0.46343500000000004,-0.18202000000000002,-0.4344780000000001,-0.17093,0.5620760000000002,-0.19339400000000004,-0.4432310000000001,-0.41445800000000005,-0.430299,-0.18014800000000003,-0.212418,-0.11012499999999999,-0.403785,0.0,-0.235037,-0.44586400000000004,-0.3077940000000001,-0.4305100000000001,-0.04393900000000001,-0.37619999999999926,-0.446097,-0.44185000000000013
108,-0.4173250000000001,-0.1930590000000001,-0.4577779999999999,-0.42280400000000007,-0.18202000000000002,-0.3921100000000001,-0.17093,0.5620760000000002,-0.19339400000000004,-0.4119100000000001,-0.38727300000000003,-0.396117,-0.18014800000000003,-0.212418,-0.11012499999999999,-0.362204,0.0,-0.235037,-0.41459900000000005,-0.3077940000000001,-0.40086300000000014,-0.04428600000000001,-0.3012859999999993,-0.415555,-0.4105350000000001
109,-0.38739800000000013,-0.19188600000000008,-0.4223349999999999,-0.3850370000000001,-0.18202000000000002,-0.3578110000000001,-0.17093,0.5620760000000002,-0.19339400000000004,-0.3828800000000001,-0.36211200000000004,-0.36448,-0.18014800000000003,-0.212418,-0.11012499999999999,-0.324167,0.0,-0.235037,-0.38562700000000005,-0.3077940000000001,-0.37343900000000013,-0.04464600000000001,-0.23706999999999928,-0.386227,-0.3818530000000001
110,-0.3626840000000001,-0.19061000000000008,-0.39312599999999986,-0.35391300000000003,-0.18202000000000002,-0.3298700000000001,-0.17093,0.5620760000000002,-0.19339400000000004,-0.3589050000000001,-0.34131000000000006,-0.338326,-0.18014800000000003,-0.212418,-0.11012499999999999,-0.293057,0.0,-0.235037,-0.36169700000000005,-0.3077940000000001,-0.3507840000000001,-0.04430000000000001,-0.18891099999999927,-0.361917,-0.3581670000000001
111,-0.3400650000000001,-0.18729800000000008,-0.3671759999999999,-0.32626200000000005,-0.18202000000000002,-0.30053000000000013,-0.17093,0.5620760000000002,-0.19339400000000004,-0.3369320000000001,-0.3219540000000001,-0.313988,-0.18014800000000003,-0.212418,-0.11012499999999999,-0.265221,0.0,-0.235037,-0.3397180000000001,-0.3077940000000001,-0.3298220000000001,-0.03882500000000001,-0.15721499999999927,-0.340304,-0.3359620000000001
112,-0.25695800000000013,-0.15083600000000008,-0.28036899999999987,-0.23376400000000003,-0.18202000000000002,-0.1941380000000001,-0.17093,0.5620760000000002,-0.19339400000000004,-0.2558690000000001,-0.24737100000000004,-0.220211,-0.18014800000000003,-0.212418,-0.11012499999999999,-0.172178,0.0,-0.235037,-0.25812000000000007,-0.3077940000000001,-0.2505590000000001,0.039766,-0.14470499999999928,-0.258997,-0.2513010000000001
113,-0.09107300000000008,-0.06230000000000008,-0.11255699999999991,-0.05495200000000001,-0.18202000000000002,0.01497699999999995,-0.17093,0.5620760000000002,-0.19339400000000004,-0.0938520000000001,-0.09628700000000003,-0.030243000000000006,-0.18014800000000003,-0.212418,-0.11012499999999999,0.007224999999999995,0.0,-0.235037,-0.09470800000000004,-0.3077940000000001,-0.0909310000000001,0.23445600000000003,-0.18013799999999927,-0.095001,-0.08049600000000011
114,-0.04672600000000008,-0.03671900000000008,-0.0682979999999999,-0.007791000000000001,-0.18202000000000002,0.07157999999999996,-0.17093,0.5620760000000002,-0.19339400000000004,-0.0505160000000001,-0.055652000000000035,0.020849999999999994,-0.18014800000000003,-0.212418,-0.11012499999999999,0.054223999999999994,0.0,-0.235037,-0.050964000000000044,-0.3077940000000001,-0.0481000000000001,0.29094800000000004,-0.19744099999999928,-0.051192,-0.03456200000000011
115,-0.022583000000000086,-0.05080500000000008,-0.034237999999999894,0.028501000000000002,-0.18202000000000002,0.10166299999999996,-0.170927,0.5620680000000002,-0.19339100000000004,-0.027307000000000105,-0.037571000000000035,0.043581999999999996,-0.18014800000000003,-0.212418,-0.11012499999999999,0.089989,0.0,-0.235037,-0.028132000000000042,-0.3077940000000001,-0.027421000000000105,0.25405400000000006,-0.13482799999999928,-0.029061,-0.01328600000000011
116,0.04335799999999992,-0.1382480000000001,0.0755760000000001,0.14551400000000003,-0.18202000000000002,0.18223399999999998,-0.17083,0.5617680000000003,-0.19329500000000002,0.0354359999999999,0.005005999999999966,0.09706599999999999,-0.18014800000000003,-0.212418,-0.11012499999999999,0.207695,0.0,-0.235037,0.03257699999999996,-0.3077940000000001,0.024661999999999896,0.036176,0.15837300000000074,0.028552,0.03848199999999989
117,0.06548499999999992,-0.1678040000000001,0.1123220000000001,0.18466900000000003,-0.18202000000000002,0.20913699999999996,-0.170001,0.5591950000000002,-0.19246500000000002,0.056517999999999895,0.019366999999999964,0.11468199999999999,-0.18014800000000003,-0.212418,-0.11012499999999999,0.247603,0.0,-0.235037,0.05296299999999996,-0.3077940000000001,0.0421739999999999,-0.03863000000000001,0.2551370000000007,0.047842,0.05581799999999989
118,0.07568799999999992,-0.16840200000000008,0.1242610000000001,0.19739000000000004,-0.18202000000000002,0.22005999999999998,-0.164198,0.5411930000000003,-0.18666000000000002,0.0666009999999999,0.028237999999999965,0.12275399999999999,-0.18014800000000003,-0.212418,-0.11012499999999999,0.260478,0.0,-0.235037,0.06288199999999995,-0.3077940000000001,0.05154799999999989,-0.05140400000000001,0.26009300000000074,0.057389,0.06517799999999989
119,0.12575599999999992,-0.15812700000000007,0.1779780000000001,0.2546280000000001,-0.18202000000000002,0.272492,-0.131726,0.44044900000000015,-0.15417300000000003,0.1163949999999999,0.07391099999999998,0.162926,-0.18014800000000003,-0.212418,-0.11012499999999999,0.317908,0.0,-0.235037,0.11205699999999996,-0.3077940000000001,0.0988129999999999,-0.08959400000000002,0.24704300000000073,0.104955,0.11254899999999989
120,-0.5655720000000001,-0.4759660000000001,-0.4602019999999999,-0.5642030000000001,-0.04855700000000003,-0.6863140000000001,-0.17093,-0.837182,-0.19027300000000003,-0.5721070000000001,-0.575163,-0.632363,-0.035673000000000024,-0.117031,-0.11012499999999999,-0.710064,0.0,0.1830519999999999,-0.551292,2.5576390000000004,-0.5808120000000001,-0.036691000000000015,2.785886000000001,-0.549905,-0.5565700000000001
121,-0.5857850000000001,-0.4457910000000001,-0.4886129999999999,-0.5956810000000001,0.07325499999999997,-0.7083320000000001,-0.17093,-0.624358,-0.14449100000000004,-0.5875360000000001,-0.578866,-0.637019,0.23730100000000004,-0.030261,-0.11012499999999999,-0.725762,0.0,0.09148699999999994,-0.573056,1.9279500000000003,-0.5922830000000001,0.081708,2.678615000000001,-0.573702,-0.5767020000000002
122,-0.6445310000000001,-0.3585660000000001,-0.5710479999999999,-0.6870730000000002,0.425849,-0.7724320000000001,-0.17093,-0.0088879999999999,-0.011829999999999993,-0.6324330000000001,-0.589809,-0.650779,1.0274080000000003,0.221037,-0.11012499999999999,-0.771519,0.0,-0.17423500000000003,-0.636284,0.10623199999999997,-0.6257340000000001,0.42447100000000004,2.3694990000000007,-0.642816,-0.6352130000000001
123,-0.6570720000000001,-0.3401250000000001,-0.5887099999999998,-0.7065430000000001,0.50068,-0.7861660000000001,-0.17093,0.12307500000000011,0.01706600000000001,-0.6420150000000001,-0.592154,-0.653727,1.1952000000000003,0.274139,-0.11012499999999999,-0.781132,0.0,-0.231339,-0.649786,-0.2828710000000001,-0.6328950000000001,0.4963040000000001,2.301750000000001,-0.657585,-0.6477130000000001
124,-0.6565200000000001,-0.3408230000000001,-0.5894999999999999,-0.7050420000000001,0.49439,-0.7851130000000001,-0.17093,0.13923900000000014,0.02041700000000001,-0.6413890000000001,-0.591634,-0.653073,1.1835010000000001,0.267552,-0.11012499999999999,-0.777752,0.0,-0.234782,-0.649406,-0.3054600000000001,-0.6324020000000001,0.4774570000000001,2.269247000000001,-0.657241,-0.6475490000000002
125,-0.6383520000000001,-0.3662730000000001,-0.5914969999999999,-0.6533290000000002,0.24022999999999997,-0.7460390000000001,-0.17093,0.3056860000000002,-0.037679,-0.6259170000000001,-0.588792,-0.649499,0.6711420000000001,0.079049,-0.11012499999999999,-0.706811,0.0,-0.235013,-0.633989,-0.3070540000000001,-0.6211850000000001,-0.00630000000000001,1.7652830000000006,-0.638662,-0.6412440000000001
126,-0.6161270000000001,-0.3965510000000001,-0.5995469999999999,-0.5790080000000001,-0.15737300000000004,-0.6870930000000001,-0.17093,0.5485330000000003,-0.17660400000000004,-0.6080340000000001,-0.590312,-0.65141,-0.13047100000000003,-0.196943,-0.11012499999999999,-0.606648,0.0,-0.235037,-0.615977,-0.3077600000000001,-0.6086150000000001,-0.7239210000000001,1.0409010000000007,-0.614592,-0.6385270000000001
127,-0.6129560000000001,-0.3843800000000001,-0.6052429999999999,-0.5801870000000001,-0.18113700000000002,-0.6778000000000001,-0.17093,0.5614000000000002,-0.19194600000000003,-0.6049150000000001,-0.585831,-0.645777,-0.17847000000000002,-0.211622,-0.11012499999999999,-0.596451,0.0,-0.235037,-0.612375,-0.3077930000000001,-0.6038690000000001,-0.7077520000000002,0.8455390000000008,-0.610361,-0.6338940000000001
128,-0.5989980000000001,-0.3341900000000001,-0.6182469999999999,-0.5939020000000002,-0.18183000000000002,-0.6482130000000002,-0.17093,0.5619900000000002,-0.19330400000000003,-0.5902520000000001,-0.56219,-0.616051,-0.18047000000000002,-0.212315,-0.11012499999999999,-0.5706,0.0,-0.235037,-0.595918,-0.3077940000000001,-0.5826220000000001,-0.49410000000000004,0.24347600000000072,-0.593906,-0.6090460000000001
129,-0.5797250000000002,-0.2897180000000001,-0.6190049999999999,-0.5950550000000001,-0.18115300000000004,-0.6090670000000001,-0.17093,0.5620710000000002,-0.19339200000000004,-0.5706690000000001,-0.536422,-0.583652,-0.18190100000000003,-0.212412,-0.11012499999999999,-0.540918,0.0,-0.235037,-0.574907,-0.3077940000000001,-0.5581390000000002,-0.30139400000000005,-0.21112499999999929,-0.57413,-0.5804360000000001
130,-0.5642650000000001,-0.2698200000000001,-0.6051699999999999,-0.5814450000000001,-0.17899300000000004,-0.5835730000000001,-0.17093,0.5620760000000002,-0.19339400000000004,-0.5555720000000001,-0.521606,-0.565022,-0.18625200000000003,-0.212418,-0.11012499999999999,-0.530385,0.0,-0.235037,-0.559552,-0.3077940000000001,-0.5427280000000001,-0.23169100000000004,-0.2571819999999993,-0.559746,-0.5625410000000001
131,-0.5398450000000001,-0.22842900000000008,-0.5814099999999999,-0.5573550000000002,-0.17665600000000004,-0.5592460000000001,-0.17093,0.5620760000000002,-0.19339400000000004,-0.5317620000000001,-0.49897700000000006,-0.536569,-0.19096400000000002,-0.212418,-0.11012499999999999,-0.540604,0.0,-0.235037,-0.535508,-0.3077940000000001,-0.5195460000000001,-0.13902000000000003,-0.27524199999999927,-0.534072,-0.5363500000000001
132,-0.5183660000000001,-0.1927560000000001,-0.5639579999999998,-0.5375060000000002,-0.17904200000000003,-0.5377860000000001,-0.17093,0.5620760000000002,-0.19339400000000004,-0.5105400000000001,-0.4776850000000001,-0.509797,-0.18615200000000004,-0.212418,-0.11012499999999999,-0.543445,0.0,-0.235037,-0.513909,-0.3077940000000001,-0.4982560000000001,-0.06198400000000001,-0.35068199999999927,-0.510879,-0.5130800000000001
133,-0.5063230000000001,-0.19130500000000009,-0.5573749999999998,-0.5292140000000001,-0.18147900000000003,-0.5121280000000001,-0.17093,0.5620760000000002,-0.19339400000000004,-0.4984810000000001,-0.46444900000000006,-0.493156,-0.18124000000000004,-0.212418,-0.11012499999999999,-0.504569,0.0,-0.235037,-0.501393,-0.3077940000000001,-0.4846550000000001,-0.04586000000000001,-0.44344499999999926,-0.500112,-0.49866700000000014
134,-0.4974000000000001,-0.1950520000000001,-0.5509229999999999,-0.5220730000000001,-0.18198500000000004,-0.4932560000000001,-0.17093,0.5620760000000002,-0.19339400000000004,-0.4896500000000001,-0.45527900000000004,-0.481625,-0.18022000000000002,-0.212418,-0.11012499999999999,-0.472074,0.0,-0.235037,-0.49229900000000004,-0.3077940000000001,-0.47490500000000013,-0.04472300000000001,-0.4844409999999993,-0.492394,-0.48839100000000013
135,-0.4827970000000001,-0.1954760000000001,-0.5348519999999999,-0.5049310000000001,-0.18201900000000001,-0.4754680000000001,-0.17093,0.5620760000000002,-0.19339400000000004,-0.47543600000000014,-0.44250500000000004,-0.465564,-0.18015000000000003,-0.212418,-0.11012499999999999,-0.447482,0.0,-0.235037,-0.47803000000000007,-0.3077940000000001,-0.4610630000000001,-0.044065000000000014,-0.46071699999999927,-0.478073,-0.4739580000000001
136,-0.46735500000000013,-0.1943340000000001,-0.5173369999999999,-0.48626700000000006,-0.18202000000000002,-0.4575970000000001,-0.17093,0.5620760000000002,-0.19339400000000004,-0.4604280000000001,-0.42921000000000004,-0.448848,-0.18014800000000003,-0.212418,-0.11012499999999999,-0.425957,0.0,-0.235037,-0.46300100000000005,-0.3077940000000001,-0.4466600000000001,-0.04175100000000002,-0.42758299999999927,-0.462832,-0.4588910000000001
137,-0.4509910000000001,-0.1925000000000001,-0.49847599999999986,-0.46616900000000006,-0.18202000000000002,-0.43544100000000013,-0.17093,0.5620760000000002,-0.19339400000000004,-0.4445350000000001,-0.41524200000000006,-0.431285,-0.18014800000000003,-0.212418,-0.11012499999999999,-0.405191,0.0,-0.235037,-0.44710800000000006,-0.3077940000000001,-0.43150300000000014,-0.038931000000000014,-0.39285999999999927,-0.447405,-0.4428050000000001
138,-0.4231740000000001,-0.19209400000000007,-0.46525499999999986,-0.43077000000000004,-0.18202000000000002,-0.39824900000000013,-0.17093,0.5620760000000002,-0.19339400000000004,-0.41756300000000013,-0.39196800000000004,-0.40202,-0.18014800000000003,-0.212418,-0.11012499999999999,-0.369615,0.0,-0.235037,-0.4202060000000001,-0.3077940000000001,-0.4060640000000001,-0.04108500000000002,-0.3216949999999993,-0.421301,-0.4159080000000001
139,-0.4000390000000001,-0.19208000000000008,-0.4375129999999999,-0.40121000000000007,-0.18202000000000002,-0.3707410000000001,-0.17093,0.5620760000000002,-0.19339400000000004,-0.3951350000000001,-0.37265700000000007,-0.377739,-0.18014800000000003,-0.212418,-0.11012499999999999,-0.339962,0.0,-0.235037,-0.39784400000000003,-0.3077940000000001,-0.3849530000000001,-0.04359000000000001,-0.2651509999999993,-0.398901,-0.3937990000000001
140,-0.37511100000000014,-0.1889190000000001,-0.4087329999999999,-0.37054400000000004,-0.18202000000000002,-0.3431830000000001,-0.17093,0.5620760000000002,-0.19339400000000004,-0.3709250000000001,-0.35139700000000007,-0.351008,-0.18014800000000003,-0.212418,-0.11012499999999999,-0.309211,0.0,-0.235037,-0.37363900000000005,-0.3077940000000001,-0.3619210000000001,-0.03866600000000001,-0.2228969999999993,-0.374121,-0.3696950000000001
141,-0.3141680000000001,-0.1635060000000001,-0.3445809999999999,-0.30218600000000007,-0.18202000000000002,-0.2682350000000001,-0.17093,0.5620760000000002,-0.19339400000000004,-0.3115000000000001,-0.29690700000000003,-0.282494,-0.18014800000000003,-0.212418,-0.11012499999999999,-0.240646,0.0,-0.235037,-0.3138520000000001,-0.3077940000000001,-0.3039460000000001,0.015768999999999995,-0.1996089999999993,-0.313953,-0.3079900000000001
142,-0.12511300000000009,-0.06645000000000008,-0.1519589999999999,-0.09693600000000001,-0.18202000000000002,-0.027248000000000057,-0.17093,0.5620760000000002,-0.19339400000000004,-0.1269060000000001,-0.12527500000000003,-0.06669200000000002,-0.18014800000000003,-0.212418,-0.11012499999999999,-0.03474700000000001,0.0,-0.235037,-0.12775100000000006,-0.3077940000000001,-0.12237200000000009,0.22830700000000004,-0.2170679999999993,-0.127863,-0.11366500000000011
143,-0.037913000000000086,-0.025970000000000073,-0.061603999999999895,-0.0006590000000000001,-0.18202000000000002,0.08356199999999996,-0.17093,0.5620750000000002,-0.19339400000000004,-0.0418220000000001,-0.046724000000000036,0.03207599999999999,-0.18014800000000003,-0.212418,-0.11012499999999999,0.06183199999999999,0.0,-0.235037,-0.042062000000000044,-0.3077940000000001,-0.039021000000000104,0.31602600000000003,-0.2181479999999993,-0.042243,-0.02461400000000011
144,-0.029786000000000087,-0.024465000000000073,-0.052382999999999895,0.009166000000000002,-0.18202000000000002,0.09380599999999996,-0.17093,0.5620750000000002,-0.19339400000000004,-0.033923000000000106,-0.03972700000000003,0.04087299999999999,-0.18014800000000003,-0.212418,-0.11012499999999999,0.071682,0.0,-0.235037,-0.03415500000000004,-0.3077940000000001,-0.0314640000000001,0.31873900000000005,-0.2127389999999993,-0.034396,-0.01661600000000011
145,-0.014021000000000085,-0.031873000000000075,-0.030859999999999894,0.032100000000000004,-0.18202000000000002,0.11324899999999996,-0.170929,0.5620750000000002,-0.19339400000000004,-0.018741000000000105,-0.027630000000000033,0.056083999999999995,-0.18014800000000003,-0.212418,-0.11012499999999999,0.094674,0.0,-0.235037,-0.01917400000000004,-0.3077940000000001,-0.017766000000000105,0.2991460000000001,-0.17637699999999928,-0.019768,-0.002474000000000111
146,0.046901999999999916,-0.09150500000000009,0.0632180000000001,0.13234600000000002,-0.18202000000000002,0.18774299999999997,-0.170927,0.5620660000000002,-0.19339100000000004,0.0395089999999999,0.014695999999999966,0.10930099999999998,-0.18014800000000003,-0.212418,-0.11012499999999999,0.195227,0.0,-0.235037,0.03764099999999996,-0.3077940000000001,0.0322939999999999,0.14880800000000002,0.042240000000000735,0.034844,0.04809799999999989
147,0.07805799999999992,-0.1474830000000001,0.1202970000000001,0.19316600000000003,-0.18202000000000002,0.22538799999999998,-0.17089,0.5619530000000003,-0.19335400000000003,0.0689539999999999,0.032706999999999965,0.131928,-0.18014800000000003,-0.212417,-0.11012499999999999,0.256253,0.0,-0.235037,0.06581199999999995,-0.3077940000000001,0.0555289999999999,0.010522999999999992,0.21583200000000072,0.061179,0.0706099999999999
148,0.11390099999999992,-0.15596100000000007,0.1662570000000001,0.24213900000000002,-0.18202000000000002,0.2696,-0.170655,0.5612200000000003,-0.19311900000000004,0.10359299999999991,0.06142599999999997,0.167913,-0.18014800000000003,-0.212415,-0.11012499999999999,0.305381,0.0,-0.235037,0.10016499999999996,-0.3077940000000001,0.0874579999999999,-0.01428400000000001,0.25997500000000073,0.094966,0.10384599999999988
149,0.2264819999999999,-0.13906000000000007,0.2952960000000001,0.37963600000000003,-0.18202000000000002,0.409236,-0.169961,0.5590640000000002,-0.19242500000000004,0.2129859999999999,0.15784599999999996,0.288779,-0.18014800000000003,-0.212409,-0.11012499999999999,0.443303,0.0,-0.235037,0.20957699999999996,-0.3077940000000001,0.1917869999999999,0.012675999999999993,0.2920470000000007,0.203817,0.21396299999999988
150,-0.6093100000000001,-0.3601930000000001,-0.5774869999999999,-0.6748820000000001,0.381451,-0.6847170000000001,-0.17093,-0.0539589999999999,-0.19149200000000002,-0.5998060000000001,-0.56501,-0.619597,0.3947820000000001,0.188941,-0.11012499999999999,-0.765027,0.0,1.6496619999999995,-0.59786,0.333941,-0.5814840000000001,-0.039840000000000014,1.2295980000000006,-0.598644,-0.5949340000000001
151,-0.6125360000000001,-0.3560060000000001,-0.5756559999999998,-0.6747300000000002,0.39714,-0.6943450000000001,-0.17093,-0.0205979999999999,-0.16108800000000004,-0.6022860000000001,-0.565575,-0.620307,0.5137430000000001,0.197531,-0.11012499999999999,-0.761878,0.0,1.3688959999999997,-0.601833,0.23405899999999996,-0.5853840000000001,0.038633,1.3735810000000006,-0.603656,-0.5989810000000001
152,-0.6383710000000001,-0.3418750000000001,-0.5792969999999998,-0.6895360000000001,0.471095,-0.7521080000000001,-0.17093,0.10241900000000011,-0.029448999999999996,-0.6246490000000001,-0.578683,-0.636789,1.0181440000000002,0.246926,-0.11012499999999999,-0.76574,0.0,0.1892199999999999,-0.630452,-0.17230600000000007,-0.6135270000000002,0.37277600000000005,2.022199000000001,-0.636716,-0.6280460000000001
153,-0.6505670000000001,-0.3417000000000001,-0.5849849999999999,-0.6986760000000001,0.491198,-0.7773220000000001,-0.17093,0.14467000000000013,0.02546900000000001,-0.6355800000000001,-0.5864,-0.646492,1.1698110000000002,0.25809,-0.11012499999999999,-0.769979,0.0,-0.198266,-0.64349,-0.2994160000000001,-0.6266770000000002,0.46125800000000006,2.2179230000000008,-0.651422,-0.6412820000000001
154,-0.6396950000000001,-0.3606290000000001,-0.5815569999999999,-0.6817440000000001,0.440441,-0.7690640000000001,-0.17093,0.21116800000000013,0.09345700000000003,-0.6248250000000001,-0.577842,-0.635732,1.0744750000000003,0.186238,-0.11012499999999999,-0.739287,0.0,-0.230131,-0.633266,-0.30742000000000014,-0.6187270000000001,0.31463100000000005,1.9914010000000006,-0.642445,-0.6311070000000001
155,-0.6012350000000001,-0.4119130000000001,-0.5683049999999998,-0.6208000000000001,0.251817,-0.7281250000000001,-0.17093,0.41289800000000015,0.24132100000000004,-0.5875870000000001,-0.549726,-0.60038,0.6944980000000001,-0.042873,-0.11012499999999999,-0.639134,0.0,-0.234411,-0.596952,-0.3077780000000001,-0.5890020000000001,-0.17387500000000003,1.2458810000000007,-0.608282,-0.5966010000000002
156,-0.5966600000000001,-0.4064030000000001,-0.5889409999999999,-0.5892150000000002,-0.018058000000000025,-0.6903050000000001,-0.17093,0.5475360000000002,0.07362700000000003,-0.5859030000000001,-0.558073,-0.610874,0.15041300000000002,-0.195891,-0.11012499999999999,-0.58809,0.0,-0.235015,-0.594317,-0.3077930000000001,-0.5871170000000001,-0.5523590000000002,0.7077310000000008,-0.599801,-0.6038360000000002
157,-0.6084870000000001,-0.3384160000000001,-0.6307379999999999,-0.6097500000000001,-0.16504400000000002,-0.6644850000000001,-0.17093,0.5618340000000002,-0.16262800000000002,-0.5990670000000001,-0.568343,-0.623788,-0.14592600000000003,-0.212143,-0.11012499999999999,-0.583342,0.0,-0.235037,-0.604782,-0.3077930000000001,-0.5909850000000001,-0.48773500000000003,0.16487400000000071,-0.603311,-0.6165710000000001
158,-0.5997930000000001,-0.30009000000000013,-0.6410109999999999,-0.6181360000000001,-0.18145700000000003,-0.6428400000000001,-0.17093,0.5620740000000002,-0.19236200000000003,-0.5901650000000002,-0.553967,-0.605712,-0.17902700000000002,-0.212416,-0.11012499999999999,-0.565604,0.0,-0.235037,-0.594485,-0.3077940000000001,-0.5771390000000001,-0.34932500000000005,-0.24209799999999929,-0.591941,-0.6016840000000001
159,-0.5903420000000001,-0.2877030000000001,-0.6351549999999999,-0.6118200000000001,-0.18199000000000004,-0.6256960000000001,-0.17093,0.5620760000000002,-0.19337500000000002,-0.5808020000000002,-0.543899,-0.593053,-0.18017000000000002,-0.212418,-0.11012499999999999,-0.553037,0.0,-0.235037,-0.584806,-0.3077940000000001,-0.5669240000000001,-0.2953120000000001,-0.32588099999999925,-0.582941,-0.5900840000000002
160,-0.5778460000000001,-0.2726000000000001,-0.6224009999999999,-0.5982660000000001,-0.18192900000000004,-0.6047720000000001,-0.17093,0.5620760000000002,-0.19339300000000004,-0.5686050000000001,-0.532565,-0.578801,-0.18033300000000002,-0.212418,-0.11012499999999999,-0.547309,0.0,-0.235037,-0.572522,-0.3077940000000001,-0.5550090000000001,-0.24531400000000003,-0.32547199999999926,-0.571683,-0.5763050000000001
161,-0.5505790000000002,-0.2248890000000001,-0.5966479999999998,-0.5708660000000001,-0.18185000000000004,-0.5745130000000002,-0.17093,0.5620760000000002,-0.19339400000000004,-0.5419050000000001,-0.506987,-0.546641,-0.18049100000000004,-0.212418,-0.11012499999999999,-0.55872,0.0,-0.235037,-0.545541,-0.3077940000000001,-0.5289730000000001,-0.13284100000000001,-0.3570409999999993,-0.543526,-0.5468170000000001
162,-0.5270050000000001,-0.19201600000000008,-0.5765249999999998,-0.5493770000000001,-0.18194000000000002,-0.5467050000000001,-0.17093,0.5620760000000002,-0.19339400000000004,-0.5187340000000001,-0.48400600000000005,-0.517746,-0.18031000000000003,-0.212418,-0.11012499999999999,-0.551158,0.0,-0.235037,-0.521971,-0.3077940000000001,-0.5055610000000001,-0.05704400000000001,-0.4188139999999993,-0.519125,-0.5209770000000001
163,-0.5103560000000001,-0.19321800000000008,-0.5639809999999998,-0.5359750000000001,-0.18200800000000003,-0.5134650000000001,-0.17093,0.5620760000000002,-0.19339400000000004,-0.5023050000000001,-0.46709900000000004,-0.496487,-0.18017200000000003,-0.212418,-0.11012499999999999,-0.500762,0.0,-0.235037,-0.505088,-0.3077940000000001,-0.4876740000000001,-0.04531700000000002,-0.4859889999999993,-0.504406,-0.5018470000000002
164,-0.5015320000000001,-0.19623400000000008,-0.5567959999999998,-0.5283120000000001,-0.18202000000000002,-0.4958240000000001,-0.17093,0.5620760000000002,-0.19339400000000004,-0.4936200000000001,-0.45835700000000007,-0.485495,-0.18015000000000003,-0.212418,-0.11012499999999999,-0.472122,0.0,-0.235037,-0.49619300000000005,-0.3077940000000001,-0.4783110000000001,-0.04441000000000001,-0.5122739999999992,-0.496711,-0.4919230000000001
165,-0.4906930000000001,-0.1953020000000001,-0.5449789999999999,-0.5157210000000001,-0.18202000000000002,-0.48267900000000014,-0.17093,0.5620760000000002,-0.19339400000000004,-0.48306700000000014,-0.44883000000000006,-0.473517,-0.18014800000000003,-0.212418,-0.11012499999999999,-0.455492,0.0,-0.235037,-0.4855940000000001,-0.3077940000000001,-0.4680350000000001,-0.04158500000000001,-0.49603599999999926,-0.486049,-0.4811530000000001
166,-0.4698890000000001,-0.1889780000000001,-0.5223849999999999,-0.4916460000000001,-0.18202000000000002,-0.4588310000000001,-0.17093,0.5620760000000002,-0.19339400000000004,-0.46280700000000013,-0.43051000000000006,-0.450482,-0.18014800000000003,-0.212418,-0.11012499999999999,-0.430748,0.0,-0.235037,-0.46525200000000005,-0.3077940000000001,-0.4484230000000001,-0.02835900000000001,-0.4653179999999993,-0.465278,-0.4604620000000001
167,-0.4529370000000001,-0.18239300000000008,-0.5043799999999999,-0.47246000000000005,-0.18202000000000002,-0.4363770000000001,-0.17093,0.5620760000000002,-0.19339400000000004,-0.4462840000000001,-0.41541800000000006,-0.431506,-0.18014800000000003,-0.212418,-0.11012499999999999,-0.411428,0.0,-0.235037,-0.44863700000000006,-0.3077940000000001,-0.4323300000000001,-0.01441400000000001,-0.44975199999999926,-0.448905,-0.4432560000000001
168,-0.43114400000000014,-0.18477700000000008,-0.47739199999999987,-0.44370300000000007,-0.18202000000000002,-0.4074120000000001,-0.17093,0.5620760000000002,-0.19339400000000004,-0.4251900000000001,-0.39757400000000004,-0.409069,-0.18014800000000003,-0.212418,-0.11012499999999999,-0.382576,0.0,-0.235037,-0.42765600000000004,-0.3077940000000001,-0.4126550000000001,-0.022655000000000012,-0.37944099999999925,-0.428599,-0.4225510000000001
169,-0.40649000000000013,-0.1887570000000001,-0.4464169999999999,-0.41069800000000006,-0.18202000000000002,-0.3770750000000001,-0.17093,0.5620760000000002,-0.19339400000000004,-0.4013430000000001,-0.37756700000000004,-0.383913,-0.18014800000000003,-0.212418,-0.11012499999999999,-0.349468,0.0,-0.235037,-0.40396400000000005,-0.3077940000000001,-0.3905250000000001,-0.03495800000000002,-0.2963789999999993,-0.405205,-0.3994470000000001
170,-0.3439390000000001,-0.16468400000000008,-0.37986599999999987,-0.33978400000000003,-0.18202000000000002,-0.3008790000000001,-0.17093,0.5620760000000002,-0.19339400000000004,-0.3403770000000001,-0.32192400000000004,-0.31395,-0.18014800000000003,-0.212418,-0.11012499999999999,-0.278336,0.0,-0.235037,-0.34266800000000003,-0.3077940000000001,-0.3312080000000001,0.016122999999999995,-0.2563979999999993,-0.343429,-0.3364200000000001
171,-0.13318500000000008,-0.050933000000000075,-0.1671069999999999,-0.11307800000000001,-0.18202000000000002,-0.03686600000000006,-0.17093,0.5620740000000002,-0.19339400000000004,-0.1345210000000001,-0.12979500000000002,-0.07237500000000001,-0.18014800000000003,-0.212418,-0.11012499999999999,-0.050931000000000004,0.0,-0.235037,-0.13501400000000005,-0.3077940000000001,-0.1282960000000001,0.2665620000000001,-0.27615499999999926,-0.134648,-0.11935700000000012
172,-0.03541100000000008,-0.0010310000000000685,-0.0673849999999999,-0.006819000000000001,-0.18202000000000002,0.08695899999999995,-0.17093,0.5620620000000002,-0.19339400000000004,-0.039057000000000106,-0.04107300000000003,0.039180999999999994,-0.18014800000000003,-0.212418,-0.11012499999999999,0.05565599999999999,0.0,-0.235037,-0.03877700000000004,-0.3077940000000001,-0.0344200000000001,0.37579500000000005,-0.28264699999999926,-0.038258,-0.018946000000000112
173,-0.02453200000000009,-0.01101000000000007,-0.050820999999999894,0.010831000000000002,-0.18202000000000002,0.10057999999999996,-0.17093,0.5620320000000002,-0.19339400000000004,-0.028646000000000105,-0.03341900000000003,0.048804999999999994,-0.18014800000000003,-0.212418,-0.11012499999999999,0.07336,0.0,-0.235037,-0.02860900000000004,-0.3077940000000001,-0.025418000000000104,0.35056100000000007,-0.24236299999999927,-0.028529,-0.009809000000000111
174,-0.010151000000000085,-0.018806000000000073,-0.030825999999999895,0.032137000000000006,-0.18202000000000002,0.11829099999999995,-0.17093,0.5620200000000002,-0.19339400000000004,-0.014811000000000102,-0.022531000000000034,0.062494999999999995,-0.18014800000000003,-0.212418,-0.11012499999999999,0.094733,0.0,-0.235037,-0.014980000000000044,-0.3077940000000001,-0.013017000000000103,0.3301970000000001,-0.2050479999999993,-0.015249,0.002954999999999889
175,0.04186599999999992,-0.018440000000000074,0.0314430000000001,0.09848800000000002,-0.18202000000000002,0.18277799999999997,-0.17093,0.5620370000000002,-0.19339400000000004,0.035619999999999895,0.020930999999999967,0.11714299999999998,-0.18014800000000003,-0.212418,-0.11012499999999999,0.161288,0.0,-0.235037,0.03530999999999996,-0.3077940000000001,0.034488999999999895,0.32529500000000006,-0.14725699999999928,0.034589,0.05287499999999989
176,0.11012099999999991,-0.028055000000000073,0.1167060000000001,0.18934000000000004,-0.18202000000000002,0.26722,-0.17093,0.5620620000000002,-0.19339400000000004,0.1016579999999999,0.07651999999999998,0.187038,-0.18014800000000003,-0.212416,-0.11012499999999999,0.25242,0.0,-0.235037,0.10094899999999996,-0.3077940000000001,0.0958869999999999,0.29455900000000007,-0.04763399999999927,0.099354,0.11705199999999989
177,0.1484099999999999,-0.06283300000000008,0.17488600000000012,0.25133000000000005,-0.18202000000000002,0.314075,-0.170929,0.5620380000000003,-0.19339300000000004,0.1383039999999999,0.10350699999999997,0.22097,-0.18014800000000003,-0.212382,-0.11012499999999999,0.314599,0.0,-0.235037,0.13674999999999995,-0.3077940000000001,0.12759999999999988,0.20658800000000002,0.06830200000000074,0.133847,0.14918899999999988
178,0.2566059999999999,-0.11211800000000008,0.32203900000000013,0.40811800000000004,-0.18202000000000002,0.447318,-0.170927,0.5618900000000002,-0.19339100000000004,0.24252399999999988,0.18676399999999999,0.325653,-0.18014800000000003,-0.212231,-0.11012499999999999,0.471856,0.0,-0.235037,0.23961699999999994,-0.3077940000000001,0.22176399999999988,0.075977,0.2503280000000007,0.234379,0.24643799999999988
179,0.3152749999999999,-0.12143600000000009,0.3957020000000001,0.48660500000000007,-0.18202000000000002,0.5198720000000001,-0.170926,0.5618170000000002,-0.19339000000000003,0.2992729999999999,0.23439599999999997,0.385543,-0.18014800000000003,-0.212157,-0.11012499999999999,0.550578,0.0,-0.235037,0.29599999999999993,-0.3077940000000001,0.2744419999999999,0.047056,0.30855300000000074,0.28998,0.30145899999999987
180,-0.6152420000000001,-0.32756600000000013,-0.6037189999999999,-0.6973040000000001,0.492707,-0.6761470000000002,-0.17093,0.16469700000000015,-0.19308400000000003,-0.6015900000000001,-0.557195,-0.609771,0.5072930000000001,0.264335,-0.11012499999999999,-0.771588,0.0,2.0434199999999993,-0.604718,-0.2694800000000001,-0.5761100000000001,-0.04378700000000001,0.7889080000000008,-0.606061,-0.5995310000000001
181,-0.5804200000000002,-0.3210210000000001,-0.5673609999999999,-0.6497490000000001,0.460091,-0.6316560000000001,-0.17093,0.20346400000000014,-0.18778200000000003,-0.5679550000000001,-0.527478,-0.572405,0.5250070000000001,0.217158,-0.11012499999999999,-0.719387,0.0,1.8764709999999996,-0.571129,-0.2742330000000001,-0.5446110000000001,-0.03068900000000001,0.7678770000000008,-0.572693,-0.5658810000000001
182,-0.4912910000000001,-0.3071970000000001,-0.46628999999999987,-0.5205560000000001,0.367996,-0.5270320000000001,-0.17093,0.31050400000000017,-0.13340400000000002,-0.4818190000000001,-0.45130600000000004,-0.47663,0.6686280000000001,0.083213,-0.11012499999999999,-0.576032,0.0,1.0740499999999997,-0.48591500000000004,-0.2929830000000001,-0.4670490000000001,0.071306,0.9152240000000008,-0.489215,-0.4809640000000001
183,-0.5255460000000001,-0.3491710000000001,-0.4880559999999999,-0.5428190000000002,0.324198,-0.6055970000000002,-0.17093,0.35936100000000015,0.06658000000000003,-0.5144810000000001,-0.48119500000000004,-0.514211,0.8156290000000002,0.018902,-0.11012499999999999,-0.580975,0.0,0.15561599999999992,-0.521474,-0.3063810000000001,-0.5095340000000002,0.07318,1.2592030000000007,-0.529526,-0.5179220000000001
184,-0.5690920000000002,-0.43041600000000013,-0.5449539999999999,-0.5837890000000001,0.22238599999999997,-0.6953690000000001,-0.17093,0.48620900000000017,0.34178200000000003,-0.5557450000000002,-0.520667,-0.563841,0.6346720000000001,-0.126173,-0.11012499999999999,-0.585412,0.0,-0.18793,-0.565434,-0.3077650000000001,-0.5602010000000001,-0.30712900000000004,0.9271440000000007,-0.578968,-0.5627230000000001
185,-0.5675800000000001,-0.4536580000000001,-0.5518569999999999,-0.5781600000000001,0.16751299999999997,-0.7004650000000001,-0.17093,0.5496170000000002,0.41936300000000004,-0.5540810000000002,-0.520369,-0.563467,0.5245370000000001,-0.198258,-0.11012499999999999,-0.56458,0.0,-0.232268,-0.564348,-0.3077930000000001,-0.5614420000000001,-0.46953400000000006,0.6921560000000008,-0.579276,-0.5618380000000001
186,-0.5779050000000001,-0.4264360000000001,-0.5756649999999999,-0.5910040000000001,0.09242399999999998,-0.6934390000000001,-0.17093,0.5606800000000002,0.30939000000000005,-0.5650030000000001,-0.530291,-0.575942,0.37315500000000007,-0.210832,-0.11012499999999999,-0.56752,0.0,-0.234923,-0.574141,-0.3077940000000001,-0.5683920000000001,-0.46665200000000007,0.44970900000000075,-0.586076,-0.5732770000000001
187,-0.6151470000000001,-0.3196960000000001,-0.6555269999999999,-0.6414580000000001,-0.13071100000000002,-0.6699770000000002,-0.17093,0.5620400000000002,-0.098831,-0.6041870000000001,-0.564426,-0.618862,-0.07670400000000002,-0.212377,-0.11012499999999999,-0.589432,0.0,-0.235036,-0.609141,-0.3077940000000001,-0.5922750000000001,-0.35350800000000004,-0.2709749999999993,-0.610155,-0.6132430000000001
188,-0.6170350000000001,-0.2930000000000001,-0.6666619999999999,-0.6457100000000001,-0.17988900000000002,-0.6576400000000001,-0.17093,0.5620760000000002,-0.18946300000000002,-0.6066560000000001,-0.56622,-0.621118,-0.17585100000000004,-0.212418,-0.11012499999999999,-0.586069,0.0,-0.235037,-0.610632,-0.3077940000000001,-0.5914300000000001,-0.31404100000000007,-0.4269159999999993,-0.609026,-0.6156500000000001
189,-0.6109680000000001,-0.2871220000000001,-0.6602779999999999,-0.6385860000000001,-0.18197200000000002,-0.6473860000000001,-0.17093,0.5620760000000002,-0.19330400000000003,-0.6007810000000001,-0.560955,-0.614498,-0.18005100000000002,-0.212418,-0.11012499999999999,-0.578944,0.0,-0.235037,-0.604703,-0.3077940000000001,-0.5856130000000002,-0.28813200000000005,-0.4192459999999993,-0.603432,-0.6092980000000001
190,-0.6039700000000001,-0.2718850000000001,-0.6535399999999999,-0.6313980000000001,-0.18201900000000001,-0.6344320000000001,-0.17093,0.5620760000000002,-0.19339300000000004,-0.5939340000000001,-0.554446,-0.606314,-0.18014900000000003,-0.212418,-0.11012499999999999,-0.581066,0.0,-0.235037,-0.59779,-0.3077940000000001,-0.5788920000000001,-0.23654600000000003,-0.4253429999999993,-0.597304,-0.6010860000000001
191,-0.5741160000000001,-0.2248970000000001,-0.6248019999999999,-0.6007770000000001,-0.18201800000000004,-0.6026760000000001,-0.17093,0.5620760000000002,-0.19339400000000004,-0.5647200000000001,-0.526663,-0.571381,-0.18015200000000003,-0.212418,-0.11012499999999999,-0.588638,0.0,-0.235037,-0.568295,-0.3077940000000001,-0.5504700000000001,-0.12842100000000004,-0.44492199999999926,-0.566294,-0.5693160000000002
192,-0.5444980000000001,-0.19274000000000008,-0.5969149999999999,-0.5710610000000002,-0.18201900000000001,-0.5688970000000001,-0.17093,0.5620760000000002,-0.19339400000000004,-0.5357130000000001,-0.49884700000000004,-0.536405,-0.18015000000000003,-0.212418,-0.11012499999999999,-0.574595,0.0,-0.235037,-0.538939,-0.3077940000000001,-0.5217190000000002,-0.057449000000000014,-0.47264699999999926,-0.535884,-0.5379940000000001
193,-0.5226280000000001,-0.1924750000000001,-0.5777339999999999,-0.5506230000000001,-0.18202000000000002,-0.5305920000000001,-0.17093,0.5620760000000002,-0.19339400000000004,-0.5142390000000001,-0.4777330000000001,-0.509858,-0.18014900000000003,-0.212418,-0.11012499999999999,-0.521257,0.0,-0.235037,-0.517054,-0.3077940000000001,-0.4992450000000001,-0.044690000000000014,-0.5152199999999992,-0.515942,-0.5140350000000001
194,-0.5076280000000001,-0.1947530000000001,-0.5642809999999999,-0.5362880000000001,-0.18202000000000002,-0.5036720000000001,-0.17093,0.5620760000000002,-0.19339400000000004,-0.49952200000000013,-0.46337400000000006,-0.491803,-0.18014800000000003,-0.212418,-0.11012499999999999,-0.481757,0.0,-0.235037,-0.50207,-0.3077940000000001,-0.4838600000000001,-0.040894000000000014,-0.5377679999999992,-0.502456,-0.4977050000000001
195,-0.4972680000000001,-0.1903440000000001,-0.5545949999999998,-0.5259670000000001,-0.18202000000000002,-0.4895230000000001,-0.17093,0.5620760000000002,-0.19339400000000004,-0.4893730000000001,-0.4536160000000001,-0.479534,-0.18014800000000003,-0.212418,-0.11012499999999999,-0.465824,0.0,-0.235037,-0.49177800000000005,-0.3077940000000001,-0.4735740000000001,-0.02904200000000001,-0.5465539999999992,-0.492291,-0.48673300000000014
196,-0.4713850000000001,-0.17442200000000008,-0.5293059999999999,-0.49902100000000005,-0.18202000000000002,-0.45783400000000013,-0.17093,0.5620760000000002,-0.19339400000000004,-0.4640600000000001,-0.42968000000000006,-0.449438,-0.18014800000000003,-0.212418,-0.11012499999999999,-0.438094,0.0,-0.235037,-0.46619200000000005,-0.3077940000000001,-0.4484230000000001,0.006376999999999992,-0.5481459999999992,-0.46634,-0.4598240000000001
197,-0.4557400000000001,-0.16503900000000007,-0.5138469999999999,-0.48254800000000003,-0.18202000000000002,-0.4377380000000001,-0.17093,0.5620760000000002,-0.19339400000000004,-0.44876500000000014,-0.41528000000000004,-0.431333,-0.18014800000000003,-0.212418,-0.11012499999999999,-0.42154,0.0,-0.235037,-0.45074300000000006,-0.3077940000000001,-0.4332680000000001,0.026198999999999997,-0.5461679999999992,-0.450881,-0.44356800000000013
198,-0.4450420000000001,-0.16643400000000008,-0.5005219999999999,-0.46835000000000004,-0.18202000000000002,-0.4242380000000001,-0.17093,0.5620760000000002,-0.19339400000000004,-0.4384130000000001,-0.4065520000000001,-0.420358,-0.18014800000000003,-0.212418,-0.11012499999999999,-0.407298,0.0,-0.235036,-0.44045200000000007,-0.3077940000000001,-0.4236340000000001,0.019621999999999997,-0.5091089999999993,-0.440779,-0.4335070000000001
199,-0.3953760000000001,-0.1618090000000001,-0.4425739999999999,-0.40660300000000005,-0.18201800000000004,-0.3627480000000001,-0.17093,0.5620740000000002,-0.19339400000000004,-0.39020300000000013,-0.3644430000000001,-0.367412,-0.18014400000000003,-0.212418,-0.11012499999999999,-0.345361,0.0,-0.23503,-0.3922860000000001,-0.3077940000000001,-0.3778780000000001,0.024100999999999997,-0.3985319999999993,-0.392893,-0.3853070000000001
200,-0.15682000000000007,-0.04990400000000007,-0.19581599999999988,-0.14366900000000002,-0.18201700000000004,-0.06472300000000007,-0.17093,0.5620700000000002,-0.19339400000000004,-0.15741900000000011,-0.14937500000000004,-0.09699300000000001,-0.18014100000000002,-0.212418,-0.11012499999999999,-0.081616,0.0,-0.235024,-0.15782400000000005,-0.3077940000000001,-0.14976500000000012,0.27042800000000006,-0.3216569999999993,-0.157515,-0.1418090000000001
201,-0.031161000000000088,0.013874999999999934,-0.0675369999999999,-0.006981000000000001,-0.18201900000000001,0.09268299999999996,-0.17093,0.5620360000000002,-0.19339400000000004,-0.034735000000000106,-0.03539700000000003,0.04631699999999999,-0.18014600000000003,-0.212418,-0.11012499999999999,0.055493999999999995,0.0,-0.235034,-0.03415200000000004,-0.3077940000000001,-0.029156000000000105,0.41116700000000006,-0.31778299999999926,-0.033298,-0.01290100000000011
202,-0.019338000000000088,0.015588999999999935,-0.053963999999999894,0.007482000000000001,-0.18202000000000002,0.10746999999999995,-0.17093,0.5617550000000002,-0.19339400000000004,-0.023248000000000105,-0.025280000000000035,0.05903799999999999,-0.18014800000000003,-0.212418,-0.11012499999999999,0.070001,0.0,-0.235036,-0.022664000000000042,-0.3077940000000001,-0.018202000000000104,0.41408300000000003,-0.30697799999999925,-0.021894,-0.001340000000000111
203,-0.0022050000000000854,0.008772999999999934,-0.031047999999999895,0.031900000000000005,-0.18202000000000002,0.12852999999999998,-0.17093,0.5602470000000003,-0.19339400000000004,-0.006720000000000103,-0.011927000000000035,0.07582799999999999,-0.18014800000000003,-0.212418,-0.11012499999999999,0.094495,0.0,-0.235037,-0.006334000000000043,-0.3077940000000001,-0.0031790000000001023,0.39610100000000004,-0.26880199999999926,-0.005929,0.014149999999999888
204,0.07391099999999992,0.002434999999999932,0.0624640000000001,0.13154200000000002,-0.18202000000000002,0.22271799999999997,-0.17093,0.5591670000000002,-0.19339400000000004,0.0669919999999999,0.05070999999999996,0.154585,-0.18014800000000003,-0.212418,-0.11012499999999999,0.194444,0.0,-0.235037,0.06702099999999996,-0.3077940000000001,0.0657129999999999,0.37262100000000004,-0.16295899999999927,0.06656,0.08626399999999988
205,0.12861099999999992,0.00034999999999993175,0.1288560000000001,0.20228600000000002,-0.18202000000000002,0.290575,-0.17093,0.5609100000000002,-0.19339400000000004,0.1199779999999999,0.09602899999999998,0.211568,-0.18014800000000003,-0.212417,-0.11012499999999999,0.265407,0.0,-0.235037,0.11981199999999996,-0.3077940000000001,0.11541699999999991,0.36114300000000005,-0.09544799999999927,0.118829,0.13848199999999988
206,0.1451909999999999,-0.007467000000000069,0.1515210000000001,0.22643400000000002,-0.18202000000000002,0.311032,-0.17093,0.5617810000000002,-0.19339400000000004,0.1359369999999999,0.10873299999999997,0.22754,-0.18014800000000003,-0.212375,-0.11012499999999999,0.289625,0.0,-0.235037,0.13556099999999993,-0.3077940000000001,0.1298089999999999,0.34030000000000005,-0.059265999999999264,0.134224,0.1533729999999999
207,0.17471599999999993,-0.03100900000000007,0.1952950000000001,0.27301300000000006,-0.18202000000000002,0.347144,-0.17093,0.5612050000000002,-0.19339400000000004,0.1642459999999999,0.13001699999999997,0.254302,-0.18014800000000003,-0.211539,-0.11012499999999999,0.336271,0.0,-0.235037,0.16328199999999995,-0.3077940000000001,0.1545659999999999,0.28066900000000006,0.014504000000000733,0.161015,0.17855999999999989
208,0.29086099999999987,-0.10065400000000008,0.35939700000000013,0.44760500000000003,-0.18202000000000002,0.489537,-0.17093,0.5579520000000002,-0.19339400000000004,0.27592899999999987,0.21704199999999998,0.363724,-0.18014800000000003,-0.208078,-0.11012499999999999,0.511085,0.0,-0.235037,0.27312999999999993,-0.3077940000000001,0.2540999999999999,0.101632,0.24729200000000073,0.267833,0.2806279999999999
209,0.3244859999999999,-0.11891300000000009,0.4062350000000001,0.49743600000000004,-0.18202000000000002,0.5307950000000001,-0.17093,0.5570170000000002,-0.19339400000000004,0.3082879999999999,0.24250899999999997,0.395745,-0.18014800000000003,-0.207092,-0.11012499999999999,0.560981,0.0,-0.235037,0.30499899999999996,-0.3077940000000001,0.2830929999999999,0.054379,0.31033500000000075,0.298878,0.31042799999999987
210,-0.5725670000000002,-0.31455300000000014,-0.5630149999999999,-0.6426060000000001,0.460204,-0.6192580000000001,-0.17093,0.21725600000000014,-0.19335300000000002,-0.5600880000000001,-0.519611,-0.562514,0.5135460000000001,0.212922,-0.11012499999999999,-0.710643,0.0,1.9364779999999995,-0.563342,-0.3060890000000001,-0.5360200000000002,-0.035975000000000014,0.6859190000000007,-0.564742,-0.5576870000000002
211,-0.4368530000000001,-0.2907540000000001,-0.4256839999999999,-0.46068200000000004,0.332825,-0.4410100000000001,-0.17093,0.3645610000000002,-0.19267900000000002,-0.42914000000000013,-0.40442200000000006,-0.417679,0.5149670000000001,0.031136,-0.11012499999999999,-0.511511,0.0,1.5008809999999995,-0.4320280000000001,-0.3068220000000001,-0.41195700000000013,-0.03890000000000001,0.4843530000000007,-0.43367,-0.4259970000000001
212,-0.3058680000000001,-0.27000400000000013,-0.2927239999999999,-0.28394800000000003,0.20531299999999997,-0.2706290000000001,-0.17093,0.5118310000000003,-0.18137800000000004,-0.3027380000000001,-0.2933220000000001,-0.277988,0.5203140000000002,-0.150841,-0.11012499999999999,-0.316898,0.0,1.0342689999999999,-0.30540500000000004,-0.3075650000000001,-0.2927830000000001,-0.045545000000000016,0.29793700000000073,-0.307527,-0.2990750000000001
213,-0.3495120000000001,-0.3133740000000001,-0.3349649999999999,-0.32758400000000004,0.17390999999999998,-0.3506080000000001,-0.17093,0.5477650000000002,-0.023834999999999995,-0.3445360000000001,-0.33159600000000006,-0.326111,0.5284940000000001,-0.195656,-0.11012499999999999,-0.345544,0.0,0.6144789999999999,-0.34913600000000006,-0.3077680000000001,-0.3404010000000001,-0.15116400000000002,0.3748260000000007,-0.354683,-0.3437050000000001
214,-0.5309690000000001,-0.4335850000000001,-0.5162099999999998,-0.5358020000000001,0.16539699999999996,-0.6430210000000001,-0.17093,0.5578180000000003,0.35893600000000003,-0.5188380000000001,-0.48866200000000004,-0.5236,0.5200740000000001,-0.207568,-0.11012499999999999,-0.525885,0.0,-0.09837400000000002,-0.528255,-0.3077930000000001,-0.5247060000000001,-0.43361400000000005,0.6145080000000008,-0.541921,-0.5251360000000002
215,-0.5652800000000001,-0.45489600000000013,-0.5515019999999999,-0.5752920000000001,0.15892399999999998,-0.6970770000000001,-0.17093,0.5614450000000002,0.42550800000000005,-0.5518420000000002,-0.518414,-0.561009,0.5072220000000001,-0.211701,-0.11012499999999999,-0.559335,0.0,-0.227421,-0.562097,-0.3077940000000001,-0.5593730000000001,-0.48982600000000004,0.6381990000000007,-0.577134,-0.5594780000000001
216,-0.5781140000000001,-0.4279120000000001,-0.5759639999999999,-0.5922510000000001,0.09920999999999998,-0.6948090000000001,-0.17093,0.5620050000000002,0.3214350000000001,-0.5650820000000001,-0.529977,-0.575548,0.38683600000000007,-0.212337,-0.11012499999999999,-0.568251,0.0,-0.234722,-0.574272,-0.3077940000000001,-0.5685900000000002,-0.46343900000000005,0.44195400000000074,-0.58658,-0.5729290000000001
217,-0.6186540000000001,-0.32215700000000014,-0.6594889999999999,-0.6471440000000002,-0.12122600000000003,-0.6747730000000001,-0.17093,0.5620740000000002,-0.082035,-0.6074120000000001,-0.566724,-0.621752,-0.05758200000000002,-0.212415,-0.11012499999999999,-0.594601,0.0,-0.235034,-0.612447,-0.3077940000000001,-0.5955260000000001,-0.3488280000000001,-0.28978999999999927,-0.614256,-0.6157460000000001
218,-0.6280650000000001,-0.2930510000000001,-0.6799549999999999,-0.6600280000000001,-0.17889600000000003,-0.6672620000000001,-0.17093,0.5620760000000002,-0.18767000000000003,-0.6173270000000001,-0.575322,-0.632563,-0.17384900000000003,-0.212418,-0.11012499999999999,-0.600004,0.0,-0.235037,-0.621275,-0.3077940000000001,-0.6014520000000001,-0.31013700000000005,-0.47747499999999926,-0.620504,-0.6256490000000001
219,-0.6269910000000001,-0.2861280000000001,-0.6792799999999999,-0.6588380000000001,-0.18193600000000001,-0.6605960000000001,-0.17093,0.5620760000000002,-0.19323800000000002,-0.6163220000000001,-0.574413,-0.63142,-0.17997700000000003,-0.212418,-0.11012499999999999,-0.598835,0.0,-0.235037,-0.62021,-0.3077940000000001,-0.6002370000000001,-0.2762470000000001,-0.4837189999999993,-0.620204,-0.6239470000000001
220,-0.6225610000000001,-0.2738680000000001,-0.6752849999999999,-0.6545680000000001,-0.18201900000000001,-0.6505130000000001,-0.17093,0.5620760000000002,-0.19339200000000004,-0.6119780000000001,-0.570187,-0.626106,-0.18014600000000003,-0.212418,-0.11012499999999999,-0.599667,0.0,-0.235037,-0.615807,-0.3077940000000001,-0.5958640000000001,-0.22776600000000002,-0.4918679999999993,-0.616661,-0.6183770000000001
221,-0.5976720000000001,-0.23803100000000008,-0.6525159999999999,-0.6303070000000001,-0.18202000000000002,-0.6239450000000001,-0.17093,0.5620760000000002,-0.19339400000000004,-0.5875770000000001,-0.546542,-0.596376,-0.18014800000000003,-0.212418,-0.11012499999999999,-0.598027,0.0,-0.235037,-0.591086,-0.3077940000000001,-0.5716980000000002,-0.14612500000000003,-0.5309089999999992,-0.590604,-0.5917220000000001
222,-0.5675610000000001,-0.20047900000000007,-0.6265979999999999,-0.6026900000000001,-0.18202000000000002,-0.5899840000000001,-0.17093,0.5620760000000002,-0.19339400000000004,-0.5579920000000002,-0.517274,-0.559576,-0.18014800000000003,-0.212418,-0.11012499999999999,-0.583947,0.0,-0.235037,-0.560997,-0.3077940000000001,-0.5417890000000001,-0.06360400000000002,-0.6071329999999993,-0.559151,-0.5591080000000002
223,-0.5534170000000002,-0.19366100000000008,-0.6158459999999999,-0.5912330000000001,-0.18202000000000002,-0.5662390000000002,-0.17093,0.5620760000000002,-0.19339400000000004,-0.5440410000000001,-0.50295,-0.541565,-0.18014800000000003,-0.212418,-0.11012499999999999,-0.554487,0.0,-0.235037,-0.546686,-0.3077940000000001,-0.5268840000000001,-0.040882000000000016,-0.6637859999999992,-0.54573,-0.5430360000000001
224,-0.5339040000000002,-0.18615800000000007,-0.5988999999999999,-0.5731760000000001,-0.18202000000000002,-0.5359440000000001,-0.17093,0.5620760000000002,-0.19339400000000004,-0.5248750000000001,-0.48404500000000006,-0.517794,-0.18014800000000003,-0.212418,-0.11012499999999999,-0.518417,0.0,-0.235037,-0.527161,-0.3077940000000001,-0.5070150000000001,-0.01757200000000001,-0.6951999999999993,-0.5271,-0.5217400000000001
225,-0.5170870000000001,-0.1717690000000001,-0.5849389999999999,-0.5583010000000002,-0.18202000000000002,-0.5134770000000001,-0.17093,0.5620760000000002,-0.19339400000000004,-0.5083320000000001,-0.46749000000000007,-0.496979,-0.18014800000000003,-0.212418,-0.11012499999999999,-0.498114,0.0,-0.235037,-0.510286,-0.3077940000000001,-0.4899230000000001,0.015261999999999993,-0.7308159999999992,-0.510164,-0.5033010000000001
226,-0.4890390000000001,-0.1594520000000001,-0.5557579999999999,-0.5272060000000001,-0.18202000000000002,-0.4796740000000001,-0.17093,0.5620760000000002,-0.19339400000000004,-0.4809710000000001,-0.4422730000000001,-0.465273,-0.18014800000000003,-0.212418,-0.11012499999999999,-0.466357,0.0,-0.235037,-0.48273600000000005,-0.3077940000000001,-0.4631440000000001,0.034161,-0.6963899999999992,-0.482266,-0.4749350000000001
227,-0.45980300000000013,-0.14994100000000007,-0.5240529999999999,-0.49342300000000006,-0.18201900000000001,-0.4464590000000001,-0.17093,0.5620740000000002,-0.19339400000000004,-0.4524980000000001,-0.4165090000000001,-0.432877,-0.18014500000000003,-0.212418,-0.11012499999999999,-0.432449,0.0,-0.235032,-0.4541450000000001,-0.3077940000000001,-0.4355880000000001,0.033552,-0.6377729999999993,-0.453005,-0.4461320000000001
228,-0.4432840000000001,-0.1364470000000001,-0.5090119999999999,-0.47739800000000004,-0.18199100000000004,-0.4318800000000001,-0.17093,0.5620520000000002,-0.19339400000000004,-0.4362990000000001,-0.40078500000000006,-0.413107,-0.18009000000000003,-0.212418,-0.11012499999999999,-0.416382,0.0,-0.234939,-0.43770700000000007,-0.3077940000000001,-0.4192780000000001,0.025680999999999995,-0.6513969999999992,-0.435062,-0.4294360000000001
229,-0.2993520000000001,-0.06864600000000008,-0.36024499999999987,-0.31889500000000004,-0.18176300000000004,-0.2543910000000001,-0.17093,0.5618640000000003,-0.19339400000000004,-0.2958440000000001,-0.27097000000000004,-0.249882,-0.17962900000000004,-0.212418,-0.11012499999999999,-0.25745,0.0,-0.234166,-0.2962310000000001,-0.3077940000000001,-0.2816180000000001,0.15998300000000001,-0.5906789999999992,-0.292544,-0.2828340000000001
230,-0.039932000000000085,0.03406899999999994,-0.08517999999999991,-0.025797000000000004,-0.18178200000000003,0.08060599999999996,-0.17093,0.5618570000000003,-0.19339400000000004,-0.0429610000000001,-0.039820000000000036,0.040755999999999994,-0.17966700000000002,-0.212418,-0.11012499999999999,0.03655699999999999,0.0,-0.23423,-0.04192600000000004,-0.3077940000000001,-0.0352790000000001,0.45063100000000006,-0.3962659999999993,-0.040111,-0.01888900000000011
231,-0.014214000000000084,0.03779899999999994,-0.0556409999999999,0.005690000000000001,-0.18194900000000003,0.11414899999999996,-0.17093,0.5616470000000002,-0.19339400000000004,-0.017977000000000104,-0.017828000000000035,0.06840899999999998,-0.18000400000000003,-0.212418,-0.11012499999999999,0.068185,0.0,-0.234795,-0.01693900000000004,-0.3077940000000001,-0.011458000000000102,0.46662300000000007,-0.3594389999999993,-0.015587,0.006483999999999889
232,-0.010730000000000085,0.028975999999999932,-0.048449999999999896,0.013356000000000002,-0.18200500000000003,0.11818199999999995,-0.17093,0.5576740000000002,-0.19339400000000004,-0.014689000000000103,-0.016108000000000035,0.07057099999999998,-0.18011700000000003,-0.212418,-0.11012499999999999,0.075889,0.0,-0.234985,-0.013862000000000043,-0.3077940000000001,-0.009047000000000102,0.44624500000000006,-0.3323879999999993,-0.012849,0.00856199999999989
233,0.03981299999999992,0.022641999999999933,0.013820000000000103,0.07970900000000002,-0.18201900000000001,0.17948599999999998,-0.17093,0.5332590000000003,-0.19339400000000004,0.034411999999999894,0.025622999999999965,0.12304199999999998,-0.18014400000000003,-0.212418,-0.11012499999999999,0.142451,0.0,-0.235031,0.03487299999999996,-0.3077940000000001,0.036819999999999894,0.43074200000000007,-0.2601549999999993,0.034964,0.05551399999999989
234,0.1362629999999999,0.020129999999999933,0.13025500000000012,0.20377700000000004,-0.18202000000000002,0.298688,-0.17093,0.5271370000000002,-0.19339400000000004,0.1279259999999999,0.10587099999999998,0.223942,-0.18014800000000003,-0.212418,-0.11012499999999999,0.266901,0.0,-0.235037,0.12803499999999995,-0.3077940000000001,0.1246919999999999,0.41532100000000005,-0.14064999999999928,0.127126,0.1474869999999999
235,0.1522739999999999,0.013555999999999934,0.15229500000000012,0.22726100000000002,-0.18202000000000002,0.31951,-0.17093,0.5485890000000002,-0.19339400000000004,0.1431919999999999,0.11789299999999997,0.239059,-0.18014800000000003,-0.212403,-0.11012499999999999,0.290457,0.0,-0.235037,0.14319299999999993,-0.3077940000000001,0.1384049999999999,0.39301200000000003,-0.10226399999999926,0.142218,0.16256499999999988
236,0.15258499999999992,0.003260999999999932,0.1565750000000001,0.23177600000000004,-0.18202000000000002,0.320158,-0.17093,0.5579550000000002,-0.19339400000000004,0.14328299999999988,0.11650499999999997,0.237313,-0.18014800000000003,-0.211824,-0.11012499999999999,0.294933,0.0,-0.235037,0.14309599999999995,-0.3077940000000001,0.1375999999999999,0.3662770000000001,-0.07653999999999926,0.141941,0.16176099999999988
237,0.1841339999999999,-0.021280000000000073,0.2041770000000001,0.28139700000000006,-0.18202000000000002,0.357471,-0.170929,0.5473760000000002,-0.19339300000000004,0.1736539999999999,0.13945599999999997,0.266171,-0.18014800000000003,-0.197573,-0.11012499999999999,0.343406,0.0,-0.235037,0.17274699999999996,-0.3077940000000001,0.16410099999999989,0.30941100000000005,0.0036960000000007347,0.170413,0.1883179999999999
238,0.3252029999999999,-0.08600600000000008,0.4005510000000001,0.4860590000000001,-0.18202000000000002,0.5249200000000002,-0.170929,0.4916170000000002,-0.19339300000000004,0.31012099999999987,0.24868699999999996,0.403514,-0.18014800000000003,-0.138263,-0.11012499999999999,0.543283,0.0,-0.235037,0.30693999999999994,-0.3077940000000001,0.28694199999999986,0.16429300000000002,0.2593820000000007,0.30051,0.3128009999999999
239,0.36016199999999987,-0.10067000000000008,0.4487180000000001,0.5362580000000001,-0.18202000000000002,0.5664500000000001,-0.170928,0.47781700000000016,-0.19339300000000004,0.3439579999999999,0.2759539999999999,0.437798,-0.18014800000000003,-0.123713,-0.11012499999999999,0.592309,0.0,-0.235037,0.34024399999999994,-0.3077940000000001,0.3175129999999999,0.13160500000000003,0.3196500000000007,0.332837,0.3438329999999999
240,-0.3551550000000001,-0.2116800000000001,-0.3651449999999999,-0.38039000000000006,0.276774,-0.3379000000000001,-0.17093,0.31766300000000014,-0.19338800000000003,-0.3486660000000001,-0.3241260000000001,-0.316718,0.5137560000000001,-0.048941,-0.11012499999999999,-0.423645,0.0,1.3165259999999999,-0.35028100000000006,-0.3077610000000001,-0.3298030000000001,0.13816100000000003,0.16375300000000073,-0.351251,-0.3401380000000001
241,-0.2868290000000001,-0.24355300000000007,-0.2811709999999999,-0.26912500000000006,0.19879499999999997,-0.2451010000000001,-0.17093,0.48375900000000016,-0.19320100000000004,-0.28385700000000014,-0.27356500000000006,-0.253146,0.5137950000000001,-0.160168,-0.11012499999999999,-0.301865,0.0,1.0523259999999999,-0.28598500000000004,-0.3077830000000001,-0.2723430000000001,0.013884999999999993,0.19285600000000072,-0.287606,-0.2782790000000001
242,-0.2625960000000001,-0.25745800000000013,-0.2508089999999999,-0.22846000000000002,0.16825999999999997,-0.21260300000000007,-0.17093,0.5490010000000002,-0.18895500000000004,-0.2609100000000001,-0.2559580000000001,-0.231008,0.5138910000000001,-0.203722,-0.11012499999999999,-0.256759,0.0,0.9399449999999998,-0.26329500000000006,-0.3077920000000001,-0.2523730000000001,-0.037788000000000016,0.20742400000000072,-0.265263,-0.2565780000000001
243,-0.3034000000000001,-0.2832270000000001,-0.2914069999999999,-0.2741410000000001,0.16305399999999998,-0.2754180000000001,-0.17093,0.5602690000000002,-0.114442,-0.3002670000000001,-0.29168200000000005,-0.275925,0.5140810000000001,-0.211147,-0.11012499999999999,-0.295921,0.0,0.7663519999999998,-0.3036440000000001,-0.3077930000000001,-0.2937860000000001,-0.09601000000000003,0.2554700000000007,-0.307259,-0.2975820000000001
244,-0.5158670000000001,-0.39406400000000014,-0.5079469999999999,-0.5228340000000001,0.16218999999999997,-0.5986610000000001,-0.17093,0.5618620000000002,0.23520900000000003,-0.5048540000000001,-0.47479800000000005,-0.506167,0.5137550000000001,-0.212209,-0.11012499999999999,-0.517157,0.0,0.03416199999999995,-0.512723,-0.3077930000000001,-0.5057250000000001,-0.3312280000000001,0.4679750000000007,-0.52386,-0.5089670000000001
245,-0.5897420000000001,-0.4310790000000001,-0.5837929999999999,-0.6094410000000001,0.15910899999999997,-0.7101540000000001,-0.17093,0.5620490000000002,0.35134300000000007,-0.5760250000000001,-0.538477,-0.586235,0.5075970000000001,-0.212388,-0.11012499999999999,-0.59391,0.0,-0.218015,-0.585396,-0.3077940000000001,-0.5792510000000001,-0.41150300000000006,0.5320020000000008,-0.599004,-0.5824930000000001
246,-0.6000650000000001,-0.4125610000000001,-0.6030269999999999,-0.6224470000000001,0.10809999999999997,-0.7105410000000001,-0.17093,0.5620730000000003,0.27651700000000007,-0.5866330000000001,-0.547936,-0.598129,0.40475900000000004,-0.212414,-0.11012499999999999,-0.599683,0.0,-0.234306,-0.595269,-0.3077940000000001,-0.5870850000000001,-0.40203000000000005,0.38123000000000073,-0.606818,-0.5935260000000001
247,-0.6258560000000001,-0.3218940000000001,-0.6671789999999999,-0.6567370000000001,-0.11218600000000002,-0.6833590000000002,-0.17093,0.5620760000000002,-0.080201,-0.6143650000000002,-0.572569,-0.629101,-0.03935600000000002,-0.212418,-0.11012499999999999,-0.605362,0.0,-0.235028,-0.61939,-0.3077940000000001,-0.6020540000000001,-0.33750500000000005,-0.2989449999999993,-0.621275,-0.6224560000000001
248,-0.6374190000000001,-0.2935290000000001,-0.6909919999999999,-0.6718630000000001,-0.17841200000000002,-0.6795240000000001,-0.17093,0.5620760000000002,-0.18754400000000002,-0.6263980000000001,-0.583174,-0.642435,-0.17287200000000003,-0.212418,-0.11012499999999999,-0.611915,0.0,-0.235037,-0.630328,-0.3077940000000001,-0.6100260000000001,-0.31001700000000004,-0.5263699999999992,-0.629353,-0.6347340000000001
249,-0.6406810000000001,-0.2869680000000001,-0.6956179999999998,-0.6762500000000001,-0.18192400000000003,-0.6787500000000001,-0.17093,0.5620760000000002,-0.19323800000000002,-0.6295970000000001,-0.585871,-0.645826,-0.17995400000000003,-0.212418,-0.11012499999999999,-0.616003,0.0,-0.235037,-0.63345,-0.3077940000000001,-0.6127560000000001,-0.27826200000000006,-0.5594449999999992,-0.633084,-0.6372550000000001
250,-0.6324740000000001,-0.2718750000000001,-0.6887989999999999,-0.6689680000000001,-0.18201900000000001,-0.6623630000000001,-0.17093,0.5620760000000002,-0.19339200000000004,-0.6215260000000001,-0.577803,-0.635682,-0.18014600000000003,-0.212418,-0.11012499999999999,-0.610383,0.0,-0.235037,-0.625223,-0.3077940000000001,-0.6044180000000001,-0.22166100000000002,-0.5799739999999992,-0.625942,-0.6273460000000001
251,-0.6087580000000001,-0.23149000000000008,-0.6725449999999998,-0.6516490000000001,-0.18202000000000002,-0.6306170000000001,-0.17093,0.5620760000000002,-0.19339400000000004,-0.5980640000000002,-0.553063,-0.604575,-0.18014800000000003,-0.212418,-0.11012499999999999,-0.598632,0.0,-0.235037,-0.601106,-0.3077940000000001,-0.5796260000000001,-0.12013300000000003,-0.7220059999999993,-0.601426,-0.5996280000000002
252,-0.5885510000000002,-0.20381400000000008,-0.6577389999999999,-0.6358730000000001,-0.18202000000000002,-0.6047370000000001,-0.17093,0.5620760000000002,-0.19339400000000004,-0.5781110000000002,-0.532373,-0.578561,-0.18014800000000003,-0.212418,-0.11012499999999999,-0.58367,0.0,-0.235037,-0.580646,-0.3077940000000001,-0.5587060000000001,-0.054683000000000016,-0.8211579999999993,-0.580475,-0.5766570000000001
253,-0.5751370000000001,-0.1968030000000001,-0.6449159999999999,-0.6222090000000001,-0.18202000000000002,-0.5867330000000001,-0.17093,0.5620760000000002,-0.19339400000000004,-0.5649810000000001,-0.519853,-0.562819,-0.18014800000000003,-0.212418,-0.11012499999999999,-0.566182,0.0,-0.235037,-0.567353,-0.3077940000000001,-0.5455270000000001,-0.03790700000000002,-0.8168429999999992,-0.567302,-0.5625410000000001
254,-0.5499830000000001,-0.18036300000000008,-0.6212449999999999,-0.5969860000000001,-0.18202000000000002,-0.5548740000000001,-0.17093,0.5620760000000002,-0.19339400000000004,-0.5403450000000001,-0.4962230000000001,-0.533107,-0.18014800000000003,-0.212418,-0.11012499999999999,-0.537533,0.0,-0.235037,-0.542394,-0.3077940000000001,-0.5207920000000001,-0.004245000000000009,-0.8135379999999992,-0.542132,-0.5360720000000001
255,-0.5227350000000001,-0.15743700000000008,-0.5968769999999999,-0.5710210000000001,-0.18202000000000002,-0.5235650000000001,-0.17093,0.5620760000000002,-0.19339400000000004,-0.5136090000000001,-0.47011000000000003,-0.500273,-0.18014800000000003,-0.212418,-0.11012499999999999,-0.510392,0.0,-0.235037,-0.515235,-0.3077940000000001,-0.4937220000000001,0.028328999999999997,-0.8332099999999992,-0.513961,-0.5073120000000001
256,-0.4963800000000001,-0.13639400000000007,-0.5727269999999999,-0.5452870000000001,-0.18201900000000001,-0.4990030000000001,-0.17093,0.5620750000000002,-0.19339400000000004,-0.4877720000000001,-0.44508800000000004,-0.468812,-0.18014500000000003,-0.212418,-0.11012499999999999,-0.484477,0.0,-0.235032,-0.48902600000000007,-0.3077940000000001,-0.4677370000000001,0.023344999999999998,-0.8423889999999993,-0.485634,-0.4805250000000001
257,-0.4528220000000001,-0.10576600000000008,-0.5313259999999999,-0.5011770000000001,-0.18196200000000004,-0.4610010000000001,-0.17093,0.5620270000000003,-0.19339400000000004,-0.44512600000000013,-0.4043340000000001,-0.417569,-0.18003000000000002,-0.212418,-0.11012499999999999,-0.440241,0.0,-0.234838,-0.44585400000000003,-0.3077940000000001,-0.4251930000000001,-0.010226000000000011,-0.8364299999999992,-0.438556,-0.43718600000000013
258,-0.4288730000000001,-0.08756900000000008,-0.5090539999999999,-0.4774900000000001,-0.18131300000000003,-0.43990800000000013,-0.17093,0.5614940000000003,-0.19339400000000004,-0.4216540000000001,-0.38170600000000005,-0.389117,-0.17872200000000002,-0.212418,-0.11012499999999999,-0.416651,0.0,-0.232644,-0.42206200000000005,-0.3077940000000001,-0.4016470000000001,-0.02365800000000001,-0.8479989999999992,-0.412625,-0.4131380000000001
259,-0.3190640000000001,-0.04867300000000008,-0.3910819999999999,-0.3520420000000001,-0.17766300000000002,-0.29600500000000013,-0.17093,0.5584920000000002,-0.19339400000000004,-0.31463600000000014,-0.28435600000000005,-0.266714,-0.17136200000000001,-0.212418,-0.11012499999999999,-0.291767,0.0,-0.220299,-0.31452500000000005,-0.3077940000000001,-0.2976180000000001,0.105944,-0.7417989999999992,-0.306518,-0.3015780000000001
260,-0.058511000000000084,0.03477499999999994,-0.1078419999999999,-0.05030300000000001,-0.17671000000000003,0.05388299999999996,-0.17093,0.5576410000000003,-0.19339400000000004,-0.0609080000000001,-0.05498800000000004,0.02168399999999999,-0.16944300000000004,-0.212418,-0.11012499999999999,0.010655999999999997,0.0,-0.217079,-0.05978400000000004,-0.3077940000000001,-0.0519380000000001,0.43697800000000003,-0.4441949999999993,-0.05709,-0.03699900000000011
261,-0.011214000000000085,0.04863199999999994,-0.055929999999999896,0.005239000000000001,-0.17991700000000002,0.11765599999999996,-0.17093,0.5588710000000002,-0.19339400000000004,-0.014892000000000103,-0.013664000000000035,0.07364399999999999,-0.17590800000000004,-0.212418,-0.11012499999999999,0.067203,0.0,-0.227924,-0.013629000000000044,-0.3077940000000001,-0.007603000000000103,0.49271200000000004,-0.3862339999999993,-0.011975,0.010765999999999889
262,0.007879999999999915,0.044921999999999934,-0.0322239999999999,0.030603000000000005,-0.18139900000000003,0.14048999999999998,-0.17093,0.5377660000000002,-0.19339400000000004,0.0037249999999998977,0.0020899999999999656,0.09345199999999998,-0.17889500000000003,-0.212418,-0.11012499999999999,0.093032,0.0,-0.232935,0.004768999999999957,-0.3077940000000001,0.009707999999999897,0.4871730000000001,-0.3555219999999993,0.005826,0.02797599999999989
263,0.10695199999999992,0.03672399999999994,0.0868910000000001,0.15756600000000004,-0.18195700000000004,0.257677,-0.17093,0.42937400000000014,-0.19339400000000004,0.1004959999999999,0.08560599999999997,0.198462,-0.18002000000000004,-0.212418,-0.11012499999999999,0.220532,0.0,-0.234822,0.10068999999999996,-0.3077940000000001,0.1008019999999999,0.48000500000000007,-0.23572799999999927,0.099319,0.1188719999999999
264,0.15753699999999993,0.03190399999999994,0.14901700000000012,0.22376900000000002,-0.18201900000000001,0.319769,-0.17093,0.4189430000000002,-0.19339400000000004,0.14954899999999988,0.12732599999999997,0.25092,-0.18014600000000003,-0.212417,-0.11012499999999999,0.286955,0.0,-0.235033,0.14945899999999995,-0.3077940000000001,0.1466579999999999,0.46504000000000006,-0.16498699999999927,0.147378,0.1664469999999999
265,0.15936799999999993,0.025384999999999935,0.1549470000000001,0.23008000000000003,-0.18202000000000002,0.324927,-0.17093,0.4781500000000002,-0.19339400000000004,0.15077699999999988,0.12681699999999999,0.25028,-0.18014800000000003,-0.212324,-0.11012499999999999,0.293278,0.0,-0.235037,0.15075499999999994,-0.3077940000000001,0.1469249999999999,0.43617400000000006,-0.1357489999999993,0.149192,0.16897699999999988
266,0.1607619999999999,0.015373999999999935,0.1617640000000001,0.23692000000000002,-0.18202000000000002,0.32846,-0.170928,0.5234280000000002,-0.19339200000000004,0.1516549999999999,0.12567799999999998,0.248847,-0.18014800000000003,-0.206849,-0.11012499999999999,0.299639,0.0,-0.235037,0.15155199999999994,-0.3077940000000001,0.1465989999999999,0.40328800000000004,-0.10154899999999926,0.150213,0.1701799999999999
267,0.2786299999999999,-0.009203000000000069,0.32293500000000014,0.3976140000000001,-0.18202000000000002,0.460301,-0.170894,0.4150550000000002,-0.19335800000000003,0.2668089999999999,0.22185399999999997,0.369757,-0.18014800000000003,-0.064031,-0.11012499999999999,0.447788,0.0,-0.235037,0.26473299999999994,-0.3077940000000001,0.25180399999999986,0.38880400000000004,0.08049900000000074,0.259464,0.27523199999999987
268,0.4749789999999999,-0.03149500000000008,0.5834200000000002,0.6572800000000001,-0.18202000000000002,0.6789220000000001,-0.170839,0.20096700000000015,-0.19330300000000003,0.4591319999999999,0.3853889999999999,0.575349,-0.18014800000000003,0.167414,-0.11012499999999999,0.687122,0.0,-0.235037,0.4540759999999999,-0.3077940000000001,0.4293119999999999,0.41539200000000004,0.3335220000000007,0.442414,0.4518349999999999
269,0.49245699999999987,-0.032920000000000074,0.6063880000000001,0.6801740000000001,-0.18202000000000002,0.6983900000000001,-0.170834,0.18165500000000015,-0.19329800000000003,0.4762619999999999,0.40003199999999994,0.593758,-0.18014800000000003,0.187841,-0.11012499999999999,0.708221,0.0,-0.235037,0.4709519999999999,-0.3077940000000001,0.4451699999999999,0.41912000000000005,0.3546900000000007,0.458734,0.4676249999999999
270,-0.20483700000000007,-0.07845500000000008,-0.2496199999999999,-0.22675400000000004,0.16752499999999998,-0.14753700000000008,-0.17093,0.25779500000000016,-0.19339300000000004,-0.2009320000000001,-0.17848800000000004,-0.133599,0.5137560000000001,-0.204771,-0.11012499999999999,-0.255305,0.0,0.9470819999999998,-0.20039900000000005,-0.3077930000000001,-0.1801730000000001,0.43135000000000007,-0.3888089999999993,-0.200306,-0.18343300000000012
271,-0.22732000000000008,-0.1530100000000001,-0.24855099999999988,-0.22497300000000003,0.16519499999999998,-0.1721300000000001,-0.17093,0.38281800000000016,-0.19330000000000003,-0.2244300000000001,-0.20954400000000004,-0.172647,0.5137560000000001,-0.208094,-0.11012499999999999,-0.253201,0.0,0.9388279999999998,-0.22509300000000004,-0.3077930000000001,-0.20882600000000012,0.23451900000000003,-0.14676299999999928,-0.225822,-0.21242600000000011
272,-0.2536150000000001,-0.2318260000000001,-0.2502379999999999,-0.22645400000000002,0.16289099999999998,-0.20166800000000007,-0.17093,0.5143090000000002,-0.19004800000000002,-0.2516930000000001,-0.24441100000000002,-0.216488,0.5137580000000002,-0.21138,-0.11012499999999999,-0.253882,0.0,0.9179369999999998,-0.2536550000000001,-0.3077930000000001,-0.2415350000000001,0.027934999999999998,0.11036000000000074,-0.255332,-0.24551600000000012
273,-0.3470200000000001,-0.27319100000000013,-0.3431569999999999,-0.3310350000000001,0.16225499999999998,-0.3229090000000001,-0.17093,0.5543980000000002,-0.13276000000000002,-0.3426810000000001,-0.32784300000000005,-0.321392,0.5137610000000001,-0.212287,-0.11012499999999999,-0.349816,0.0,0.6850059999999999,-0.34581500000000004,-0.3077940000000001,-0.33334200000000014,-0.05069000000000001,0.1804930000000007,-0.349116,-0.3395800000000001
274,-0.6289070000000001,-0.3345790000000001,-0.6468159999999998,-0.6729830000000001,0.16213699999999998,-0.6929280000000001,-0.17093,0.5615950000000002,0.05066100000000001,-0.6157300000000001,-0.568925,-0.62452,0.5136970000000001,-0.212412,-0.11012499999999999,-0.664345,0.0,-0.054249000000000026,-0.621466,-0.3077940000000001,-0.6038660000000001,-0.11443200000000003,0.1640630000000007,-0.629148,-0.6172070000000001
275,-0.6935650000000001,-0.3478950000000001,-0.7167929999999999,-0.7516710000000001,0.16138099999999997,-0.7777920000000001,-0.170929,0.5620440000000002,0.09229200000000003,-0.6783510000000001,-0.624126,-0.693927,0.5121770000000001,-0.212417,-0.11012499999999999,-0.736621,0.0,-0.224499,-0.684669,-0.3077940000000001,-0.6658430000000001,-0.12766000000000002,0.1563230000000007,-0.69333,-0.6808420000000001
276,-0.6949760000000001,-0.3459190000000001,-0.7201799999999999,-0.7528380000000001,0.14398299999999997,-0.7785030000000001,-0.170929,0.5620660000000002,0.08017800000000003,-0.6798430000000001,-0.625678,-0.695879,0.47710300000000005,-0.212418,-0.11012499999999999,-0.73514,0.0,-0.234529,-0.686069,-0.3077940000000001,-0.6670630000000001,-0.13803800000000002,0.11725200000000073,-0.694244,-0.6827090000000001
277,-0.6778330000000001,-0.3151730000000001,-0.7236339999999999,-0.7261780000000001,-0.05217200000000003,-0.7443430000000001,-0.170922,0.5620280000000002,-0.084375,-0.6646770000000001,-0.614844,-0.68226,0.081636,-0.212418,-0.11012499999999999,-0.682833,0.0,-0.235027,-0.669454,-0.3077940000000001,-0.6487250000000001,-0.24618200000000004,-0.37562099999999926,-0.671009,-0.6712590000000002
278,-0.6808890000000001,-0.29589300000000013,-0.7423469999999999,-0.7268540000000001,-0.17667200000000002,-0.7424660000000001,-0.170924,0.5620360000000002,-0.18889800000000004,-0.6685700000000001,-0.619682,-0.688343,-0.16936600000000002,-0.212418,-0.11012499999999999,-0.667297,0.0,-0.235037,-0.672399,-0.3077940000000001,-0.6498630000000001,-0.31228800000000007,-0.7701089999999993,-0.669116,-0.6776920000000001
279,-0.6852170000000001,-0.2928890000000001,-0.7485209999999999,-0.7326230000000001,-0.18191100000000002,-0.7472710000000001,-0.170927,0.5620600000000002,-0.19330000000000003,-0.6727920000000001,-0.623249,-0.692826,-0.17992800000000003,-0.212418,-0.11012499999999999,-0.672414,0.0,-0.235037,-0.676548,-0.3077940000000001,-0.6536380000000002,-0.30446700000000004,-0.8205369999999992,-0.67306,-0.6817780000000001
280,-0.6639610000000001,-0.2706480000000001,-0.7292429999999999,-0.7120640000000001,-0.18201900000000001,-0.7126240000000001,-0.170929,0.5620720000000002,-0.19339200000000004,-0.6519470000000002,-0.602995,-0.667358,-0.18014500000000003,-0.212418,-0.11012499999999999,-0.651961,0.0,-0.235037,-0.655391,-0.3077940000000001,-0.6325230000000001,-0.23564600000000002,-0.8319429999999992,-0.653258,-0.6580300000000001
281,-0.6178020000000001,-0.21699700000000008,-0.6902699999999999,-0.6705360000000001,-0.18202000000000002,-0.6411850000000001,-0.170929,0.5620750000000002,-0.19339400000000004,-0.6065660000000002,-0.557822,-0.610559,-0.18014800000000003,-0.212418,-0.11012499999999999,-0.610747,0.0,-0.235037,-0.60916,-0.3077940000000001,-0.5859490000000002,-0.08484100000000003,-0.9239679999999992,-0.60893,-0.6059090000000001
282,-0.6026510000000002,-0.2027750000000001,-0.6766919999999998,-0.6560670000000001,-0.18202000000000002,-0.6198230000000001,-0.17093,0.5620760000000002,-0.19339400000000004,-0.5917010000000001,-0.543314,-0.592317,-0.18014800000000003,-0.212418,-0.11012499999999999,-0.596236,0.0,-0.235037,-0.594062,-0.3077940000000001,-0.5708860000000001,-0.047716000000000015,-0.9392159999999993,-0.594093,-0.5893640000000001
283,-0.5888120000000001,-0.19812000000000007,-0.6617729999999998,-0.6401710000000002,-0.18202000000000002,-0.6027790000000001,-0.17093,0.5620760000000002,-0.19339400000000004,-0.5782210000000001,-0.531082,-0.576937,-0.18014800000000003,-0.212418,-0.11012499999999999,-0.580079,0.0,-0.235037,-0.58052,-0.3077940000000001,-0.5578100000000001,-0.03966200000000002,-0.8981049999999993,-0.580501,-0.5755050000000002
284,-0.5485010000000001,-0.17201000000000008,-0.6226849999999999,-0.5985210000000001,-0.18202000000000002,-0.5569780000000001,-0.17093,0.5620760000000002,-0.19339400000000004,-0.5387840000000002,-0.49368200000000007,-0.529911,-0.18014800000000003,-0.212418,-0.11012499999999999,-0.538008,0.0,-0.235037,-0.540643,-0.3077940000000001,-0.5185900000000001,-0.01059100000000001,-0.8624719999999992,-0.539289,-0.5340960000000001
285,-0.4934280000000001,-0.12218500000000009,-0.5742249999999999,-0.5468840000000001,-0.18202000000000002,-0.5033560000000001,-0.17093,0.5620760000000002,-0.19339400000000004,-0.4847150000000001,-0.4405800000000001,-0.463143,-0.18014800000000003,-0.212418,-0.11012499999999999,-0.486084,0.0,-0.235036,-0.4856750000000001,-0.3077940000000001,-0.4637500000000001,0.006123999999999992,-0.9019489999999992,-0.480194,-0.4770370000000001
286,-0.4575010000000001,-0.08624000000000008,-0.5438449999999999,-0.5145140000000001,-0.18200700000000003,-0.4748190000000001,-0.17093,0.5620640000000002,-0.19339400000000004,-0.44939600000000013,-0.40543900000000005,-0.418959,-0.18012000000000003,-0.212418,-0.11012499999999999,-0.453608,0.0,-0.23499,-0.44969600000000004,-0.3077940000000001,-0.4276810000000001,-0.01461200000000001,-0.9484629999999992,-0.440072,-0.44032100000000013
287,-0.4351890000000001,-0.07377600000000008,-0.5215109999999998,-0.4907480000000001,-0.18154000000000003,-0.4549090000000001,-0.17093,0.5616800000000002,-0.19339400000000004,-0.4275910000000001,-0.38500600000000007,-0.393267,-0.17917900000000003,-0.212418,-0.11012499999999999,-0.42989,0.0,-0.233411,-0.42768800000000007,-0.3077940000000001,-0.40616600000000014,-0.035990000000000015,-0.9317919999999992,-0.416264,-0.4184680000000001
288,-0.4229420000000001,-0.07731300000000009,-0.5056819999999999,-0.47424400000000005,-0.17640300000000003,-0.4383800000000001,-0.17093,0.5574570000000002,-0.19339400000000004,-0.41571200000000014,-0.37506100000000003,-0.380762,-0.16882200000000003,-0.212418,-0.11012499999999999,-0.414673,0.0,-0.216038,-0.41590000000000005,-0.3077940000000001,-0.3950670000000001,-0.031437000000000014,-0.8840299999999992,-0.405055,-0.4068360000000001
289,-0.34344200000000014,-0.062387000000000074,-0.4162289999999999,-0.38108600000000004,-0.14577200000000004,-0.33292100000000013,-0.17093,0.5322700000000002,-0.19339400000000004,-0.3381180000000001,-0.30521100000000007,-0.292935,-0.10706800000000002,-0.212418,-0.11012499999999999,-0.329206,0.0,-0.11244800000000002,-0.3381060000000001,-0.3077940000000001,-0.3196340000000001,0.070873,-0.7674949999999993,-0.329401,-0.32670700000000014
290,-0.09899900000000009,0.004537999999999933,-0.1472969999999999,-0.09709300000000001,-0.10932100000000003,-0.005951000000000052,-0.17093,0.5021740000000002,-0.19339400000000004,-0.0998570000000001,-0.09004100000000002,-0.022389000000000006,-0.03358000000000002,-0.212418,-0.11012499999999999,-0.053832000000000005,0.0,0.010823999999999955,-0.09900000000000005,-0.3077940000000001,-0.08850000000000009,0.38675000000000004,-0.4619219999999993,-0.095911,-0.07902500000000011
291,-0.013051000000000085,0.03950099999999994,-0.0558139999999999,0.0027360000000000006,-0.14265000000000003,0.11202099999999995,-0.17093,0.5259690000000002,-0.19339400000000004,-0.016387000000000103,-0.014773000000000034,0.07224899999999998,-0.10077400000000003,-0.212418,-0.11012499999999999,0.05498599999999999,0.0,-0.10189500000000001,-0.015179000000000043,-0.3077940000000001,-0.008323000000000103,0.49356700000000003,-0.37676199999999926,-0.013712,0.008456999999999888
292,0.035514999999999915,0.04526599999999994,-0.0003469999999998975,0.06378200000000002,-0.17022400000000001,0.17203599999999997,-0.17093,0.49126000000000014,-0.19339400000000004,0.030927999999999897,0.026403999999999966,0.12402399999999998,-0.15636500000000003,-0.212418,-0.11012499999999999,0.123403,0.0,-0.19515,0.03180799999999996,-0.3077940000000001,0.035995999999999896,0.5004040000000001,-0.3329709999999993,0.032179,0.05371799999999989
293,0.14429999999999993,0.03984299999999994,0.12884200000000012,0.20222100000000004,-0.18129600000000004,0.300321,-0.17093,0.3568430000000002,-0.19339400000000004,0.13730999999999988,0.11859399999999998,0.23994,-0.17868800000000004,-0.212418,-0.11012499999999999,0.265152,0.0,-0.232591,0.13720699999999994,-0.3077940000000001,0.13617699999999988,0.49958600000000003,-0.21264199999999928,0.13472,0.1531179999999999
294,0.16533599999999993,0.037602999999999935,0.1544910000000001,0.22960100000000003,-0.18200600000000003,0.325591,-0.17093,0.34130000000000016,-0.19339400000000004,0.1577889999999999,0.13609799999999997,0.261949,-0.18011900000000003,-0.212416,-0.11012499999999999,0.292802,0.0,-0.234989,0.15751899999999994,-0.3077940000000001,0.15534999999999988,0.49493200000000004,-0.18504799999999927,0.154587,0.17253199999999988
295,0.16938199999999992,0.03404099999999994,0.1612700000000001,0.23680800000000002,-0.18202000000000002,0.331899,-0.170928,0.36821400000000015,-0.19339300000000004,0.16145499999999988,0.13846199999999997,0.264921,-0.18014800000000003,-0.2122,-0.11012499999999999,0.300015,0.0,-0.235036,0.16119299999999995,-0.3077940000000001,0.15834699999999988,0.48004600000000003,-0.16939999999999927,0.158451,0.1766819999999999
296,0.2012609999999999,0.020794999999999935,0.2072760000000001,0.28416700000000006,-0.18202000000000002,0.372087,-0.170825,0.41103500000000015,-0.19329000000000002,0.19190599999999988,0.16227199999999997,0.294804,-0.18014800000000003,-0.19069,-0.11012499999999999,0.345556,0.0,-0.235037,0.19131499999999996,-0.3077940000000001,0.1853999999999999,0.44011500000000003,-0.10394999999999927,0.188305,0.2064249999999999
297,0.4608489999999999,-0.01295800000000007,0.5584770000000001,0.6317270000000001,-0.18202000000000002,0.6618920000000001,-0.169174,0.19479000000000013,-0.19163700000000003,0.4457239999999999,0.37647299999999995,0.563253,-0.18014800000000003,0.154156,-0.11012499999999999,0.662701,0.0,-0.235037,0.44112499999999993,-0.3077940000000001,0.4183409999999999,0.45594400000000007,0.2712310000000007,0.430086,0.4407259999999999
298,0.5282649999999999,-0.01557300000000007,0.6486370000000001,0.7192960000000002,-0.18202000000000002,0.7342840000000002,-0.168648,0.10372800000000011,-0.19111100000000003,0.5120529999999999,0.4335339999999999,0.63472,-0.18014800000000003,0.264109,-0.11012499999999999,0.740501,0.0,-0.235037,0.506312,-0.3077940000000001,0.4796569999999999,0.48716000000000004,0.3617610000000007,0.492809,0.5011739999999999
299,0.5299019999999999,-0.01540000000000007,0.6508050000000001,0.7213290000000001,-0.18202000000000002,0.7359360000000001,-0.16863,0.10040900000000011,-0.19109400000000004,0.5136779999999999,0.43496999999999997,0.636516,-0.18014800000000003,0.267694,-0.11012499999999999,0.742212,0.0,-0.235037,0.507905,-0.3077940000000001,0.4811729999999999,0.48894100000000007,0.3638170000000007,0.49433,0.5026309999999999
300,-0.2043800000000001,-0.05403800000000008,-0.2590499999999999,-0.23533200000000004,0.16226099999999996,-0.14755700000000008,-0.17093,0.21861400000000014,-0.19339300000000004,-0.1999810000000001,-0.17416200000000004,-0.12816,0.5137560000000001,-0.212279,-0.11012499999999999,-0.263224,0.0,0.9292819999999998,-0.19902200000000006,-0.3077940000000001,-0.1771950000000001,0.49428000000000005,-0.5033909999999993,-0.198577,-0.1806170000000001
301,-0.22459500000000007,-0.06940400000000008,-0.2774729999999999,-0.25496500000000005,0.16223699999999996,-0.1720240000000001,-0.17093,0.23553400000000013,-0.19331700000000002,-0.2199170000000001,-0.19354200000000002,-0.152528,0.5137560000000001,-0.212314,-0.11012499999999999,-0.282899,0.0,0.9287909999999998,-0.21916500000000005,-0.3077940000000001,-0.19730400000000012,0.45584100000000005,-0.48727399999999926,-0.218766,-0.20155100000000012
302,-0.2627510000000001,-0.12113300000000009,-0.3030179999999999,-0.28288300000000005,0.16219799999999998,-0.21765900000000007,-0.17093,0.3117420000000002,-0.18802700000000003,-0.2580330000000001,-0.23380400000000004,-0.203151,0.5137560000000001,-0.212369,-0.11012499999999999,-0.309802,0.0,0.9002009999999998,-0.25813400000000003,-0.3077940000000001,-0.23799200000000012,0.32548000000000005,-0.35036099999999926,-0.258329,-0.2433950000000001
303,-0.4937010000000001,-0.2484030000000001,-0.5204749999999999,-0.5281530000000001,0.16216799999999998,-0.5072760000000001,-0.17093,0.4795840000000002,-0.086807,-0.4840840000000001,-0.44600700000000004,-0.469967,0.5137560000000001,-0.212411,-0.11012499999999999,-0.534855,0.0,0.3555639999999999,-0.48724800000000007,-0.3077940000000001,-0.4675570000000001,0.068798,-0.061182999999999266,-0.491198,-0.4793100000000001
304,-0.7060670000000001,-0.3194840000000001,-0.7371049999999999,-0.7724130000000001,0.16215899999999997,-0.7761040000000001,-0.170929,0.5555290000000003,0.01339600000000001,-0.6908580000000001,-0.633475,-0.705682,0.5137470000000001,-0.212418,-0.11012499999999999,-0.759108,0.0,-0.18352600000000002,-0.696168,-0.3077940000000001,-0.6740150000000001,-0.04095400000000001,0.043225000000000735,-0.703224,-0.6917970000000001
305,-0.7242970000000001,-0.3250820000000001,-0.7558699999999999,-0.7935790000000001,0.16200299999999998,-0.7992260000000001,-0.170926,0.5613790000000002,0.02221400000000001,-0.7085950000000001,-0.649485,-0.725814,0.5134320000000001,-0.212418,-0.11012499999999999,-0.778472,0.0,-0.231479,-0.714086,-0.3077940000000001,-0.6916990000000001,-0.04902400000000001,0.051003000000000735,-0.721408,-0.7099980000000001
306,-0.7247400000000002,-0.3249180000000001,-0.7569599999999999,-0.7937580000000001,0.15512999999999996,-0.7998130000000001,-0.170868,0.5615820000000002,0.01855500000000001,-0.7090700000000001,-0.650043,-0.726547,0.49957500000000005,-0.212418,-0.11012499999999999,-0.777631,0.0,-0.234721,-0.71454,-0.3077940000000001,-0.6921330000000001,-0.055160000000000015,0.033914000000000735,-0.721656,-0.7106740000000001
307,-0.7107200000000001,-0.3102910000000001,-0.7595049999999999,-0.7703500000000001,-0.013724000000000026,-0.7829550000000001,-0.170314,0.5579790000000002,-0.086984,-0.6964870000000001,-0.641485,-0.71608,0.15915100000000001,-0.212418,-0.11012499999999999,-0.732148,0.0,-0.235019,-0.701107,-0.3077940000000001,-0.6781860000000001,-0.18710200000000002,-0.42659799999999926,-0.702462,-0.7021160000000001
308,-0.6999290000000001,-0.2966840000000001,-0.7649579999999999,-0.7510670000000002,-0.17590500000000003,-0.7703100000000002,-0.17048,0.5590890000000002,-0.18910000000000002,-0.6870240000000001,-0.635608,-0.708603,-0.16781800000000002,-0.212418,-0.11012499999999999,-0.691683,0.0,-0.235037,-0.690813,-0.3077940000000001,-0.6672820000000002,-0.31343100000000007,-0.8801749999999993,-0.686499,-0.6965220000000001
309,-0.6994380000000001,-0.2951590000000001,-0.7653099999999999,-0.7505120000000001,-0.18190700000000004,-0.7693410000000002,-0.170762,0.5609610000000003,-0.19315400000000002,-0.6865830000000002,-0.63522,-0.707965,-0.17991900000000002,-0.212418,-0.11012499999999999,-0.690346,0.0,-0.235037,-0.690319,-0.3077940000000001,-0.6667220000000001,-0.31430100000000005,-0.9020729999999992,-0.685822,-0.6960640000000001
310,-0.6841300000000001,-0.2763810000000001,-0.7525239999999999,-0.7368710000000002,-0.18201900000000001,-0.7441300000000001,-0.170879,0.5617440000000002,-0.19334300000000001,-0.6715330000000002,-0.620195,-0.689011,-0.18014500000000003,-0.212418,-0.11012499999999999,-0.676653,0.0,-0.235037,-0.674975,-0.3077940000000001,-0.6512260000000001,-0.2590930000000001,-0.9360779999999992,-0.671397,-0.6785400000000001
311,-0.6354360000000001,-0.21683500000000008,-0.7120059999999999,-0.6936970000000001,-0.18202000000000002,-0.6651200000000002,-0.170924,0.5620420000000003,-0.19338800000000003,-0.6236390000000002,-0.572302,-0.628768,-0.18014800000000003,-0.212418,-0.11012499999999999,-0.63336,0.0,-0.235037,-0.626145,-0.3077940000000001,-0.6018980000000002,-0.08665500000000002,-1.0476909999999993,-0.625276,-0.6228880000000001
312,-0.6214510000000001,-0.2020810000000001,-0.6999149999999998,-0.6808130000000001,-0.18202000000000002,-0.6446080000000001,-0.170928,0.5620690000000003,-0.19339300000000004,-0.6099010000000001,-0.558731,-0.611703,-0.18014800000000003,-0.212418,-0.11012499999999999,-0.620438,0.0,-0.235037,-0.612167,-0.3077940000000001,-0.5878710000000001,-0.04704800000000001,-1.0686489999999993,-0.611664,-0.6073530000000001
313,-0.6108850000000001,-0.19661900000000007,-0.6894889999999999,-0.6697040000000001,-0.18202000000000002,-0.6340040000000001,-0.170929,0.5620700000000002,-0.19339300000000004,-0.5995710000000001,-0.549001,-0.599468,-0.18014800000000003,-0.212418,-0.11012499999999999,-0.60929,0.0,-0.235037,-0.601732,-0.3077940000000001,-0.5776550000000001,-0.04326300000000002,-1.0529469999999994,-0.600604,-0.5967320000000002
314,-0.5428700000000001,-0.1465780000000001,-0.6256599999999999,-0.6016900000000001,-0.18202000000000002,-0.5654190000000001,-0.170929,0.5620710000000002,-0.19339300000000004,-0.5329500000000001,-0.4850360000000001,-0.519042,-0.18014800000000003,-0.212418,-0.11012499999999999,-0.541057,0.0,-0.235037,-0.534241,-0.3077940000000001,-0.5109740000000002,-0.03148900000000002,-1.0134649999999994,-0.528862,-0.5273500000000001
315,-0.4452620000000001,-0.06233700000000007,-0.5377289999999999,-0.5079950000000001,-0.18202000000000002,-0.4712960000000001,-0.170929,0.5620740000000002,-0.19339400000000004,-0.4372010000000001,-0.39175200000000004,-0.401749,-0.18014600000000003,-0.212418,-0.11012499999999999,-0.447066,0.0,-0.235034,-0.4370220000000001,-0.3077940000000001,-0.4143100000000001,-0.03073200000000001,-1.0236659999999993,-0.42432,-0.4271620000000001
316,-0.4265960000000001,-0.04478100000000008,-0.5214519999999999,-0.49065500000000006,-0.18196700000000002,-0.4552680000000001,-0.17093,0.5620320000000002,-0.19339400000000004,-0.4188690000000001,-0.3736920000000001,-0.379042,-0.18004000000000003,-0.212418,-0.11012499999999999,-0.429686,0.0,-0.234855,-0.41837700000000005,-0.3077940000000001,-0.3956890000000001,-0.03891400000000001,-1.0374149999999993,-0.403817,-0.4080970000000001
317,-0.4225780000000001,-0.051703000000000075,-0.5142279999999999,-0.48310400000000003,-0.17987800000000004,-0.4481370000000001,-0.17093,0.5603140000000002,-0.19339400000000004,-0.4150470000000001,-0.37123900000000004,-0.375957,-0.17582800000000004,-0.212418,-0.11012499999999999,-0.422656,0.0,-0.22779,-0.4147060000000001,-0.3077940000000001,-0.3925590000000001,-0.039756000000000014,-0.9947789999999992,-0.400879,-0.40477000000000013
318,-0.3884690000000001,-0.06822600000000008,-0.4681519999999999,-0.43621100000000007,-0.14861800000000003,-0.3967520000000001,-0.17093,0.5346110000000002,-0.19339400000000004,-0.3818760000000001,-0.34373700000000007,-0.341377,-0.11280600000000003,-0.212418,-0.11012499999999999,-0.38376,0.0,-0.12207300000000001,-0.38186700000000007,-0.3077940000000001,-0.3614340000000001,0.009546999999999993,-0.8554399999999992,-0.371233,-0.3718950000000001
319,-0.22007900000000008,-0.05809000000000008,-0.2726129999999999,-0.23713400000000004,-0.016934000000000025,-0.1765740000000001,-0.17093,0.42633800000000016,-0.19339400000000004,-0.2171120000000001,-0.19583800000000004,-0.155414,0.15267900000000004,-0.212418,-0.11012499999999999,-0.218369,0.0,0.3232599999999999,-0.21687800000000004,-0.3077940000000001,-0.20046500000000012,0.23101600000000003,-0.5622639999999992,-0.211802,-0.2033170000000001
320,-0.05595700000000008,-0.03584400000000008,-0.0858799999999999,-0.04560100000000001,0.08861299999999997,0.037082999999999956,-0.17093,0.33950700000000017,-0.19339400000000004,-0.0565940000000001,-0.05094600000000003,0.026766999999999992,0.3654720000000001,-0.212418,-0.11012499999999999,-0.053735000000000005,0.0,0.6801479999999999,-0.055967000000000044,-0.3077940000000001,-0.0435220000000001,0.44424900000000006,-0.3150239999999993,-0.055378,-0.03826600000000011
321,-0.013547000000000085,-0.016253000000000073,-0.041370999999999894,0.0036230000000000004,0.06297299999999997,0.09567699999999996,-0.17093,0.35760200000000014,-0.19339400000000004,-0.015462000000000102,-0.013867000000000036,0.07338899999999998,0.31377800000000006,-0.212418,-0.11012499999999999,0.0023349999999999955,0.0,0.5930439999999999,-0.014653000000000043,-0.3077940000000001,-0.004168000000000102,0.4951960000000001,-0.2780209999999993,-0.014759,0.004941999999999889
322,0.049341999999999914,0.017301999999999935,0.023375000000000104,0.08176700000000002,-0.06731000000000002,0.17978199999999997,-0.17093,0.38802100000000017,-0.19339400000000004,0.045180999999999895,0.038943999999999965,0.13979,0.05111899999999999,-0.212418,-0.11012499999999999,0.114698,0.0,0.15132299999999993,0.045748999999999956,-0.3077940000000001,0.0511569999999999,0.5003380000000001,-0.2701019999999993,0.045088,0.06482699999999988
323,0.1576049999999999,0.037846999999999936,0.1449420000000001,0.21898700000000001,-0.17599300000000004,0.315203,-0.17093,0.33322500000000016,-0.19339400000000004,0.15038599999999988,0.13000899999999999,0.254293,-0.16799600000000003,-0.212418,-0.11012499999999999,0.280612,0.0,-0.215249,0.15015299999999995,-0.3077940000000001,0.14863999999999988,0.49973800000000007,-0.19763699999999929,0.147302,0.16515399999999988
324,0.18067599999999992,0.033696999999999935,0.17401900000000012,0.25039800000000006,-0.18188500000000002,0.343973,-0.170929,0.33085400000000015,-0.19339300000000004,0.1726889999999999,0.14854099999999998,0.277594,-0.17987600000000004,-0.212416,-0.11012499999999999,0.313635,0.0,-0.234663,0.17225499999999994,-0.3077940000000001,0.1691309999999999,0.48599100000000006,-0.17040099999999928,0.168959,0.18643799999999988
325,0.2557919999999999,0.006226999999999932,0.27474700000000013,0.35772400000000004,-0.18201600000000004,0.438582,-0.170909,0.3694390000000002,-0.19337300000000002,0.2448359999999999,0.20658099999999996,0.35056,-0.18013900000000002,-0.212201,-0.11012499999999999,0.421303,0.0,-0.235031,0.24374199999999993,-0.3077940000000001,0.2346059999999999,0.40315000000000006,-0.06698599999999927,0.239474,0.2559049999999999
326,0.4714859999999999,-0.06992100000000008,0.5638010000000001,0.6646440000000001,-0.18202000000000002,0.7081790000000001,-0.169562,0.46009600000000017,-0.19202600000000003,0.4522559999999999,0.37398899999999996,0.560336,-0.18014800000000003,-0.198205,-0.11012499999999999,0.727893,0.0,-0.235037,0.44916999999999996,-0.3077940000000001,0.4229909999999999,0.17622600000000002,0.22791900000000073,0.441858,0.4550329999999999
327,0.5857739999999999,-0.07554800000000009,0.7175660000000001,0.8132730000000001,-0.18202000000000002,0.8269510000000001,-0.150634,0.30342900000000017,-0.17308900000000002,0.5650059999999999,0.4710619999999999,0.672335,-0.18014800000000003,-0.001415,-0.11012499999999999,0.859012,0.0,-0.235037,0.559674,-0.3077940000000001,0.5264919999999998,0.18770200000000004,0.39075300000000074,0.547787,0.5572779999999999
328,0.5583209999999998,-0.03389400000000008,0.6815340000000001,0.7614120000000001,-0.18202000000000002,0.7704480000000001,-0.133879,0.10535300000000011,-0.15632800000000002,0.5412189999999999,0.45742199999999994,0.646282,-0.18014800000000003,0.172771,-0.11012499999999999,0.791086,0.0,-0.235037,0.535039,-0.3077940000000001,0.5058609999999999,0.33745400000000003,0.36065900000000073,0.520825,0.5289609999999999
329,0.5544209999999999,-0.029723000000000072,0.6763790000000001,0.7547450000000001,-0.18202000000000002,0.7636320000000001,-0.13242,0.08746700000000011,-0.15486800000000003,0.5376959999999998,0.45506299999999994,0.642541,-0.18014800000000003,0.187947,-0.11012499999999999,0.783013,0.0,-0.235037,0.531456,-0.3077940000000001,0.5027449999999999,0.35210900000000006,0.3560180000000007,0.51706,0.5251019999999998
330,-0.2469280000000001,-0.05297600000000008,-0.31056099999999986,-0.29019200000000006,0.16216499999999998,-0.20045200000000007,-0.17093,0.19365800000000014,-0.19339300000000004,-0.24118700000000012,-0.20945400000000003,-0.172535,0.5137560000000001,-0.212416,-0.11012499999999999,-0.318241,0.0,0.9289569999999998,-0.24009600000000006,-0.3077940000000001,-0.2158810000000001,0.5023020000000001,-0.6046839999999992,-0.239286,-0.22136900000000012
331,-0.27114500000000014,-0.054757000000000076,-0.3389619999999999,-0.3204580000000001,0.16216399999999997,-0.23046400000000009,-0.17093,0.18366500000000013,-0.19336700000000004,-0.2646930000000001,-0.22993200000000003,-0.198284,0.5137560000000001,-0.212417,-0.11012499999999999,-0.348595,0.0,0.9288099999999998,-0.2635680000000001,-0.3077940000000001,-0.23816000000000012,0.5005490000000001,-0.6528659999999992,-0.262584,-0.2448000000000001
332,-0.2943100000000001,-0.059251000000000074,-0.3648899999999999,-0.3482950000000001,0.16216399999999997,-0.2591680000000001,-0.17093,0.17955600000000013,-0.19183700000000004,-0.2872320000000001,-0.24996300000000002,-0.223469,0.5137560000000001,-0.212418,-0.11012499999999999,-0.376194,0.0,0.9204069999999998,-0.28614500000000004,-0.3077940000000001,-0.2598510000000001,0.49226300000000006,-0.6861949999999992,-0.285091,-0.2675130000000001
333,-0.4064660000000001,-0.11543100000000009,-0.4732079999999999,-0.46952900000000003,0.16216299999999997,-0.3993730000000001,-0.170929,0.24590700000000013,-0.14933700000000003,-0.3969300000000001,-0.3522040000000001,-0.352024,0.5137550000000001,-0.212418,-0.11012499999999999,-0.488813,0.0,0.6870029999999999,-0.3971430000000001,-0.3077940000000001,-0.3704350000000001,0.37968100000000005,-0.5958579999999992,-0.397603,-0.3814590000000001
334,-0.6492060000000001,-0.2691540000000001,-0.6917029999999998,-0.7192560000000001,0.16214899999999996,-0.7038760000000001,-0.170922,0.47436500000000015,-0.025745999999999998,-0.6348870000000001,-0.578406,-0.636445,0.5137270000000002,-0.212418,-0.11012499999999999,-0.71317,0.0,0.008251999999999956,-0.638941,-0.3077940000000001,-0.6148990000000001,0.067729,-0.14186299999999927,-0.644357,-0.6317630000000001
335,-0.7160760000000002,-0.3160920000000001,-0.7497299999999999,-0.7862180000000001,0.16177699999999998,-0.7878840000000001,-0.170762,0.5480700000000002,0.012108000000000011,-0.7005180000000001,-0.641435,-0.71578,0.5129750000000001,-0.212418,-0.11012499999999999,-0.77227,0.0,-0.200014,-0.70577,-0.3077940000000001,-0.6829440000000001,-0.02894300000000001,0.017218000000000736,-0.712764,-0.7012530000000001
336,-0.7203030000000001,-0.3199430000000001,-0.7537469999999998,-0.7895330000000002,0.15064299999999997,-0.7938470000000001,-0.1676,0.5382350000000002,0.01395400000000001,-0.7046670000000002,-0.645726,-0.722855,0.4905300000000001,-0.212418,-0.11012499999999999,-0.772974,0.0,-0.230435,-0.710079,-0.3077940000000001,-0.6875190000000001,-0.052011000000000016,0.012792000000000733,-0.717139,-0.7063000000000001
337,-0.6705040000000001,-0.2879180000000001,-0.7224789999999999,-0.7277120000000001,-0.03426700000000003,-0.7375690000000001,-0.141133,0.3638810000000002,-0.072648,-0.6563900000000001,-0.603554,-0.683893,0.117735,-0.212418,-0.11012499999999999,-0.686714,0.0,-0.234761,-0.661235,-0.3077940000000001,-0.6390180000000001,-0.20101700000000003,-0.4782519999999993,-0.663757,-0.6630870000000001
338,-0.6703410000000001,-0.2815910000000001,-0.7361509999999999,-0.7202800000000001,-0.17649300000000004,-0.7372830000000001,-0.148527,0.4131420000000002,-0.16757800000000003,-0.6574050000000001,-0.607353,-0.684742,-0.16900500000000002,-0.212418,-0.11012499999999999,-0.660725,0.0,-0.235036,-0.661456,-0.3077940000000001,-0.6385700000000001,-0.31394800000000006,-0.8762279999999992,-0.658556,-0.6673780000000001
339,-0.6878500000000001,-0.2887090000000001,-0.7542009999999999,-0.7386740000000002,-0.18191200000000002,-0.7563840000000001,-0.162084,0.5032920000000002,-0.18447800000000003,-0.6749710000000001,-0.624066,-0.698551,-0.17993000000000003,-0.212418,-0.11012499999999999,-0.67847,0.0,-0.235037,-0.678801,-0.3077940000000001,-0.6554260000000001,-0.31306100000000003,-0.9046469999999992,-0.674864,-0.6845710000000002
340,-0.6787020000000001,-0.26664900000000014,-0.7492709999999999,-0.7334050000000001,-0.18201900000000001,-0.7358350000000001,-0.168389,0.5452990000000002,-0.19085100000000002,-0.6660680000000001,-0.614243,-0.68285,-0.18014500000000003,-0.212418,-0.11012499999999999,-0.673171,0.0,-0.235037,-0.669395,-0.3077940000000001,-0.6454000000000001,-0.23641600000000002,-0.9818769999999992,-0.666187,-0.6720710000000001
341,-0.6407450000000001,-0.20999700000000007,-0.7209309999999999,-0.7032070000000001,-0.18202000000000002,-0.6723570000000001,-0.17063,0.5602110000000002,-0.19309400000000002,-0.6286770000000002,-0.575683,-0.633176,-0.18014800000000003,-0.212418,-0.11012499999999999,-0.64288,0.0,-0.235037,-0.631023,-0.3077940000000001,-0.6060750000000001,-0.07146200000000003,-1.1415239999999993,-0.629776,-0.6271400000000001
342,-0.6288460000000001,-0.1977200000000001,-0.7112419999999999,-0.6928820000000001,-0.18202000000000002,-0.6589460000000001,-0.170842,0.5615620000000002,-0.19330600000000003,-0.6169720000000001,-0.563903,-0.618251,-0.18014800000000003,-0.212418,-0.11012499999999999,-0.632523,0.0,-0.235037,-0.619071,-0.3077940000000001,-0.5940210000000001,-0.04608900000000001,-1.1676889999999993,-0.617218,-0.6142110000000001
343,-0.6167410000000001,-0.18976300000000007,-0.7005959999999999,-0.6815390000000001,-0.18202000000000002,-0.6506900000000001,-0.170861,0.5616840000000002,-0.19332500000000002,-0.6050880000000001,-0.552229,-0.603563,-0.18014800000000003,-0.212418,-0.11012499999999999,-0.621145,0.0,-0.235037,-0.606989,-0.3077940000000001,-0.5820120000000001,-0.04479000000000002,-1.1710479999999994,-0.603492,-0.6020630000000001
344,-0.5613180000000001,-0.14289300000000008,-0.6510179999999999,-0.6287110000000001,-0.18202000000000002,-0.5995700000000002,-0.170865,0.5617100000000003,-0.19332900000000003,-0.5507070000000001,-0.49912000000000006,-0.536783,-0.18014800000000003,-0.212418,-0.11012499999999999,-0.568154,0.0,-0.235037,-0.551753,-0.3077940000000001,-0.5270640000000001,-0.04396700000000001,-1.1686869999999994,-0.543583,-0.5453050000000002
345,-0.43338500000000013,-0.02661400000000007,-0.5365049999999999,-0.5066910000000001,-0.18201900000000001,-0.4731930000000001,-0.170917,0.5620050000000002,-0.19338100000000003,-0.4251840000000001,-0.37655700000000003,-0.38265,-0.18014500000000003,-0.212418,-0.11012499999999999,-0.445758,0.0,-0.235032,-0.4242580000000001,-0.3077940000000001,-0.4001230000000001,-0.043575000000000016,-1.1611599999999993,-0.407044,-0.41340700000000014
346,-0.4117500000000001,-0.00706700000000007,-0.5170029999999999,-0.48591800000000007,-0.18192800000000003,-0.4515090000000001,-0.170929,0.5619940000000002,-0.19339300000000004,-0.4039610000000001,-0.35588200000000003,-0.356648,-0.17996200000000004,-0.212418,-0.11012499999999999,-0.424944,0.0,-0.234724,-0.40271000000000007,-0.3077940000000001,-0.3786830000000001,-0.044123000000000016,-1.1587119999999993,-0.384045,-0.39111400000000013
347,-0.40602100000000013,-0.01157800000000007,-0.5086089999999999,-0.47728800000000005,-0.17745500000000003,-0.4422340000000001,-0.170929,0.5583210000000002,-0.19339400000000004,-0.39842300000000014,-0.35155800000000004,-0.35121,-0.17094300000000004,-0.212418,-0.11012499999999999,-0.417453,0.0,-0.219596,-0.39726900000000004,-0.3077940000000001,-0.3736580000000001,-0.037330000000000016,-1.1246429999999994,-0.379319,-0.38576100000000013
348,-0.2923070000000001,-0.035897000000000075,-0.3657829999999999,-0.33213500000000007,-0.07762500000000003,-0.2824390000000001,-0.17093,0.47624200000000017,-0.19339400000000004,-0.2874670000000001,-0.25565800000000005,-0.23063,0.03032099999999999,-0.212418,-0.11012499999999999,-0.297855,0.0,0.11800599999999993,-0.28678200000000004,-0.3077940000000001,-0.2672870000000001,0.121521,-0.7961239999999993,-0.276044,-0.2739910000000001
349,-0.06982800000000008,-0.043862000000000075,-0.1002239999999999,-0.06252700000000001,0.11187399999999997,0.01517399999999995,-0.17093,0.3204770000000002,-0.19339400000000004,-0.06990500000000009,-0.06261300000000003,0.012096999999999991,0.41236800000000007,-0.212418,-0.11012499999999999,-0.076767,0.0,0.7586799999999998,-0.06931900000000005,-0.3077940000000001,-0.0558300000000001,0.4238160000000001,-0.3300309999999993,-0.068227,-0.05256100000000011
350,-0.018339000000000088,-0.04089100000000007,-0.0403479999999999,-0.0016710000000000002,0.15312499999999998,0.08215599999999997,-0.17093,0.28691400000000017,-0.19339400000000004,-0.019519000000000106,-0.017378000000000036,0.06897499999999998,0.49553300000000006,-0.212418,-0.11012499999999999,-0.026410000000000003,0.0,0.8966859999999998,-0.018866000000000042,-0.3077940000000001,-0.006594000000000102,0.49014500000000005,-0.24128699999999928,-0.019418,-0.001057000000000111
351,-0.005035000000000085,-0.034171000000000076,-0.026358999999999896,0.012880000000000003,0.15434899999999996,0.09565699999999996,-0.17093,0.2879650000000002,-0.19339400000000004,-0.006544000000000103,-0.005354000000000034,0.08409199999999999,0.49800000000000005,-0.212418,-0.11012499999999999,-0.011717000000000003,0.0,0.8900279999999998,-0.0057960000000000424,-0.3077940000000001,0.006091999999999898,0.4867890000000001,-0.23278399999999927,-0.005646,0.012101999999999889
352,0.049522999999999914,0.0058239999999999325,0.027892000000000104,0.07214700000000002,0.11143899999999997,0.14353799999999997,-0.17093,0.31335100000000016,-0.19339400000000004,0.046458999999999896,0.043815999999999966,0.145916,0.41149100000000005,-0.212418,-0.11012499999999999,0.061327999999999994,0.0,0.6821189999999999,0.04757499999999996,-0.3077940000000001,0.0570269999999999,0.4135460000000001,-0.23886699999999927,0.052793,0.06452199999999989
353,0.20562399999999992,0.04872899999999994,0.2014560000000001,0.27383700000000005,-0.12524800000000003,0.347762,-0.17093,0.34994600000000015,-0.19339400000000004,0.1971029999999999,0.17247699999999996,0.30769,-0.06568900000000003,-0.212418,-0.11012499999999999,0.325183,0.0,-0.11555500000000002,0.19722299999999995,-0.3077940000000001,0.19435099999999988,0.38350300000000004,-0.16671299999999928,0.200181,0.2107149999999999
354,0.3567909999999999,-0.025989000000000075,0.4085420000000001,0.49990300000000004,-0.17912700000000004,0.5624140000000001,-0.170927,0.41287700000000016,-0.19339100000000004,0.34197699999999986,0.28550299999999995,0.449804,-0.17431400000000002,-0.212417,-0.11012499999999999,0.563496,0.0,-0.233259,0.34007299999999996,-0.3077940000000001,0.3232279999999999,0.28869800000000007,0.06309800000000074,0.335148,0.3493219999999999
355,0.5761109999999999,-0.10970600000000008,0.7033870000000001,0.8144600000000001,-0.18192000000000003,0.8410390000000001,-0.170834,0.5178330000000002,-0.19329800000000003,0.5526359999999999,0.45457699999999995,0.662341,-0.17994500000000002,-0.212368,-0.11012499999999999,0.879451,0.0,-0.235027,0.548704,-0.3077940000000001,0.5141719999999999,0.055042,0.36661100000000074,0.540186,0.5518519999999999
356,0.6527909999999999,-0.1371670000000001,0.8058220000000001,0.9235390000000001,-0.18201800000000004,0.9368400000000001,-0.168679,0.5484780000000002,-0.19114200000000003,0.6263969999999999,0.514131,0.736077,-0.18014300000000003,-0.211253,-0.11012499999999999,0.988777,0.0,-0.235037,0.621742,-0.3077940000000001,0.5811469999999999,-0.03036500000000001,0.4695220000000007,0.612086,0.6226209999999999
357,0.6596309999999999,-0.13035100000000008,0.8101850000000002,0.9268000000000001,-0.18202000000000002,0.9333570000000001,-0.133986,0.45265600000000017,-0.15643500000000002,0.6344459999999998,0.523513,0.729438,-0.18014800000000003,-0.193296,-0.11012499999999999,0.990409,0.0,-0.235037,0.629046,-0.3077940000000001,0.5886319999999999,-0.06932700000000003,0.4535260000000007,0.617726,0.6274389999999999
358,0.6412739999999999,-0.09465300000000008,0.7706000000000001,0.8802480000000001,-0.18202000000000002,0.8722130000000001,-0.024729,0.13209000000000015,-0.047132,0.6214549999999999,0.522142,0.669661,-0.18014800000000003,-0.136743,-0.11012499999999999,0.93855,0.0,-0.235037,0.614055,-0.3077940000000001,0.5773679999999999,-0.14925900000000003,0.3496120000000007,0.59802,0.6057079999999999
359,0.6366309999999998,-0.08632400000000008,0.7609430000000001,0.8689500000000001,-0.18202000000000002,0.8576060000000001,0.000446,0.05807500000000011,-0.021946999999999998,0.6180629999999999,0.521499,0.655476,-0.18014800000000003,-0.123713,-0.11012499999999999,0.926027,0.0,-0.235037,0.610205,-0.3077940000000001,0.5744069999999999,-0.16734600000000002,0.32522400000000073,0.593089,0.6003139999999999
360,-0.2857590000000001,-0.05454500000000008,-0.3565949999999999,-0.33924400000000005,0.16216399999999997,-0.2486260000000001,-0.17093,0.17516500000000013,-0.19339400000000004,-0.2788500000000001,-0.24207900000000002,-0.213556,0.5137560000000001,-0.212418,-0.11012499999999999,-0.367444,0.0,0.9289549999999998,-0.27768100000000007,-0.3077940000000001,-0.25146200000000013,0.5028980000000001,-0.6878679999999993,-0.276573,-0.2588120000000001
361,-0.2939100000000001,-0.05493800000000008,-0.36623299999999986,-0.34951400000000005,0.16216399999999997,-0.2587350000000001,-0.17093,0.17130300000000015,-0.19338900000000003,-0.2867570000000001,-0.24893800000000002,-0.22218,0.5137560000000001,-0.212418,-0.11012499999999999,-0.377745,0.0,0.9289309999999997,-0.2855730000000001,-0.3077940000000001,-0.2589380000000001,0.5028540000000001,-0.7055659999999992,-0.284404,-0.2666770000000001
362,-0.3104170000000001,-0.05595300000000008,-0.3856469999999999,-0.37022800000000006,0.16216299999999997,-0.27921400000000013,-0.170929,0.16270500000000013,-0.19319500000000003,-0.3027740000000001,-0.26286200000000004,-0.239688,0.5137540000000002,-0.212418,-0.11012499999999999,-0.398481,0.0,0.9278609999999998,-0.30156700000000003,-0.3077940000000001,-0.2741110000000001,0.5022860000000001,-0.7467809999999993,-0.300283,-0.2826320000000001
363,-0.3514110000000001,-0.06270400000000008,-0.4318219999999999,-0.41999300000000006,0.16214499999999998,-0.3301730000000001,-0.170918,0.15147000000000013,-0.18906200000000004,-0.3426250000000001,-0.29809500000000005,-0.283995,0.5137190000000001,-0.212418,-0.11012499999999999,-0.447522,0.0,0.9051419999999998,-0.34148600000000007,-0.3077940000000001,-0.31244100000000014,0.49157300000000004,-0.8201469999999992,-0.340119,-0.3227330000000001
364,-0.4252570000000001,-0.10434600000000008,-0.5008489999999999,-0.49797100000000005,0.16188299999999997,-0.4226590000000001,-0.170757,0.20600000000000013,-0.15645400000000004,-0.41492800000000013,-0.36612700000000004,-0.36962,0.5131900000000001,-0.212418,-0.11012499999999999,-0.518803,0.0,0.7258759999999999,-0.4147970000000001,-0.3077940000000001,-0.3859990000000001,0.40708600000000006,-0.7255469999999993,-0.414675,-0.3983080000000001
365,-0.5849700000000001,-0.22121300000000008,-0.6378309999999999,-0.6557080000000001,0.15235999999999997,-0.6242900000000001,-0.164944,0.3620760000000002,-0.059766,-0.5716710000000002,-0.517381,-0.56289,0.49399100000000007,-0.212418,-0.11012499999999999,-0.655308,0.0,0.1940839999999999,-0.574651,-0.3077940000000001,-0.5493590000000002,0.14933000000000002,-0.32655299999999926,-0.578674,-0.5653510000000002
366,-0.5672840000000001,-0.2353570000000001,-0.6190629999999999,-0.6223490000000002,0.004635999999999974,-0.6190370000000001,-0.076014,-0.08761999999999992,0.0076650000000000095,-0.5531160000000002,-0.504374,-0.593789,0.19616700000000004,-0.212418,-0.11012499999999999,-0.587927,0.0,-0.18710200000000002,-0.558673,-0.3077940000000001,-0.5383640000000001,-0.14754700000000004,-0.3708439999999993,-0.566639,-0.5592750000000001
367,-0.43477700000000014,-0.16706800000000008,-0.5029739999999999,-0.47364600000000007,-0.16456800000000002,-0.4709160000000001,0.019351,-0.703243,0.007584000000000009,-0.42178300000000013,-0.38315600000000005,-0.492047,-0.14496300000000004,-0.212418,-0.11012499999999999,-0.414909,0.0,-0.234388,-0.4279490000000001,-0.3077940000000001,-0.4105810000000001,-0.30441000000000007,-0.7399059999999992,-0.436986,-0.4348100000000001
368,-0.4435360000000001,-0.17067500000000008,-0.5131859999999999,-0.48197100000000004,-0.18119200000000002,-0.4808210000000001,0.012339,-0.656242,-0.009539999999999993,-0.4306770000000001,-0.39194700000000005,-0.499374,-0.17847800000000003,-0.212418,-0.11012499999999999,-0.42107,0.0,-0.235033,-0.43667800000000007,-0.3077940000000001,-0.4190370000000001,-0.3178480000000001,-0.7895869999999993,-0.444665,-0.4439730000000001
369,-0.4918720000000001,-0.1934710000000001,-0.5610209999999999,-0.5328190000000002,-0.18198700000000004,-0.5349060000000001,-0.02297,-0.42064299999999993,-0.045352,-0.4790350000000001,-0.43788400000000005,-0.538372,-0.18008200000000002,-0.212418,-0.11012499999999999,-0.47197,0.0,-0.235037,-0.48457800000000006,-0.3077940000000001,-0.4657770000000001,-0.31441700000000006,-0.8167509999999992,-0.490175,-0.4914660000000001
370,-0.5767360000000001,-0.21408900000000008,-0.6493449999999998,-0.6269280000000002,-0.18202000000000002,-0.6187630000000001,-0.101208,0.10603700000000012,-0.123643,-0.5642630000000001,-0.517345,-0.596712,-0.18014700000000003,-0.212418,-0.11012499999999999,-0.566365,0.0,-0.235037,-0.568309,-0.3077940000000001,-0.5465530000000001,-0.22024000000000002,-0.9539849999999992,-0.569795,-0.5708680000000002
371,-0.6178330000000001,-0.19762100000000007,-0.6991469999999999,-0.6799950000000001,-0.18202000000000002,-0.6494840000000001,-0.159653,0.49341100000000016,-0.18211300000000002,-0.6059040000000001,-0.553805,-0.6115,-0.18014800000000003,-0.212418,-0.11012499999999999,-0.619596,0.0,-0.235037,-0.608262,-0.3077940000000001,-0.5837180000000001,-0.06834200000000003,-1.1480629999999994,-0.606823,-0.6043740000000001
372,-0.6152600000000001,-0.1903710000000001,-0.6990319999999999,-0.6798720000000001,-0.18202000000000002,-0.6500040000000001,-0.167467,0.5417280000000002,-0.18992900000000001,-0.6035380000000001,-0.550769,-0.603531,-0.18014800000000003,-0.212418,-0.11012499999999999,-0.619473,0.0,-0.235037,-0.60552,-0.3077940000000001,-0.5806200000000001,-0.04957300000000001,-1.1761629999999994,-0.602168,-0.6008790000000002
373,-0.6044660000000001,-0.1827920000000001,-0.6897869999999999,-0.6700210000000001,-0.18202000000000002,-0.6433840000000001,-0.168791,0.5498140000000002,-0.19125500000000004,-0.5929730000000001,-0.540314,-0.589681,-0.18014800000000003,-0.212418,-0.11012499999999999,-0.609591,0.0,-0.235037,-0.594729,-0.3077940000000001,-0.5698550000000001,-0.047535000000000015,-1.1798219999999993,-0.589585,-0.5899850000000001
374,-0.5635290000000001,-0.14366600000000007,-0.6544769999999999,-0.6323970000000001,-0.18202000000000002,-0.6063040000000001,-0.169143,0.5519550000000002,-0.19160600000000003,-0.5527660000000001,-0.500567,-0.539519,-0.18014800000000003,-0.212418,-0.11012499999999999,-0.571851,0.0,-0.235037,-0.553802,-0.3077940000000001,-0.5289170000000001,-0.04705300000000001,-1.1939999999999993,-0.544907,-0.5476900000000001
375,-0.4346160000000001,-0.01017200000000007,-0.5441609999999999,-0.5148490000000001,-0.18202000000000002,-0.4824200000000001,-0.170461,0.5594790000000002,-0.19292500000000004,-0.4261250000000001,-0.37506000000000006,-0.38101,-0.18014600000000003,-0.212418,-0.11012499999999999,-0.45394,0.0,-0.235034,-0.4248370000000001,-0.3077940000000001,-0.39966200000000013,-0.045330000000000016,-1.2501669999999994,-0.405511,-0.41343000000000013
376,-0.40116600000000013,0.024159999999999935,-0.5153729999999999,-0.48417800000000005,-0.18196000000000004,-0.4499480000000001,-0.17087,0.5617170000000002,-0.19333400000000003,-0.3932720000000001,-0.34255900000000006,-0.339927,-0.18002700000000002,-0.212418,-0.11012499999999999,-0.423191,0.0,-0.234834,-0.39138800000000007,-0.3077940000000001,-0.3661600000000001,-0.04472800000000001,-1.2627659999999994,-0.369432,-0.3786040000000001
377,-0.3846100000000001,0.03282699999999994,-0.4985909999999999,-0.4665000000000001,-0.17906400000000003,-0.4319270000000001,-0.170916,0.5595790000000003,-0.19338000000000002,-0.3770770000000001,-0.32739200000000007,-0.320832,-0.17418900000000004,-0.212418,-0.11012499999999999,-0.406212,0.0,-0.225041,-0.37504800000000005,-0.3077940000000001,-0.3501280000000001,-0.040071000000000016,-1.2429149999999993,-0.352488,-0.3619050000000001
378,-0.2717960000000001,0.03964499999999994,-0.3672159999999999,-0.33152000000000004,-0.10806700000000002,-0.2870720000000001,-0.170927,0.5012930000000002,-0.19339200000000004,-0.2668720000000001,-0.22907700000000003,-0.197209,-0.031052000000000017,-0.212418,-0.11012499999999999,-0.289303,0.0,0.014926999999999952,-0.26475800000000005,-0.3077940000000001,-0.2431190000000001,0.072756,-0.9946239999999992,-0.245105,-0.24989400000000012
379,-0.07077800000000008,-0.01143800000000007,-0.1121609999999999,-0.07365100000000001,0.08798499999999997,-0.0007220000000000514,-0.170929,0.34097400000000017,-0.19339400000000004,-0.0706440000000001,-0.059865000000000036,0.015552999999999992,0.36420500000000006,-0.212418,-0.11012499999999999,-0.081567,0.0,0.6743739999999999,-0.06946100000000004,-0.3077940000000001,-0.0549270000000001,0.38056100000000004,-0.4272419999999993,-0.063908,-0.05219400000000011
380,-0.0018050000000000854,-0.021860000000000074,-0.025919999999999895,0.013052000000000001,0.15127799999999997,0.08946099999999996,-0.17093,0.2960610000000002,-0.19339400000000004,-0.0033370000000001025,-0.0012420000000000343,0.08926299999999998,0.4918100000000001,-0.212418,-0.11012499999999999,-0.009954000000000003,0.0,0.8591019999999998,-0.0023700000000000426,-0.3077940000000001,0.009734999999999898,0.4469060000000001,-0.25975399999999926,0.000356,0.01511199999999989
381,0.10295199999999992,0.05829099999999994,0.0785050000000001,0.11922400000000001,0.16057199999999996,0.15962699999999996,-0.17093,0.3317120000000002,-0.19339400000000004,0.0989119999999999,0.09633499999999998,0.211953,0.5105480000000001,-0.212418,-0.11012499999999999,0.100993,0.0,0.7121979999999999,0.10111299999999995,-0.3077940000000001,0.11078199999999991,0.25230800000000003,-0.2591429999999993,0.11801,0.11657199999999988
382,0.38193899999999986,0.296704,0.34962700000000013,0.3956120000000001,0.15895599999999996,0.329734,-0.17093,0.4546200000000002,-0.19339400000000004,0.37120599999999987,0.35830699999999993,0.541345,0.5072890000000001,-0.212418,-0.11012499999999999,0.398162,0.0,0.2001399999999999,0.37708099999999994,-0.3077940000000001,0.38050499999999987,-0.34228100000000006,-0.3248839999999993,0.436414,0.3865379999999999
383,0.5591359999999999,0.374655,0.5428770000000002,0.6008310000000001,0.10520799999999997,0.49054,-0.17093,0.5290310000000003,-0.19339400000000004,0.5430859999999998,0.513411,0.736368,0.39892900000000003,-0.212418,-0.11012499999999999,0.624949,0.0,-0.16168600000000002,0.549652,-0.3077940000000001,0.5446029999999998,-0.6075660000000002,-0.2730479999999993,0.622919,0.5550369999999999
384,0.6291519999999999,-0.057621000000000075,0.7538230000000001,0.8620800000000001,-0.14209500000000003,0.8596970000000002,-0.170925,0.5455070000000002,-0.19338900000000003,0.6045969999999999,0.506277,0.727394,-0.09965600000000002,-0.212418,-0.11012499999999999,0.92198,0.0,-0.233605,0.601721,-0.3077940000000001,0.5671069999999999,-0.09966500000000003,0.34660000000000074,0.604433,0.6036939999999998
385,0.6631359999999998,-0.13931800000000008,0.8193090000000001,0.9378360000000001,-0.18095300000000003,0.9493990000000001,-0.170814,0.5591530000000002,-0.19327900000000003,0.6362799999999998,0.522216,0.747377,-0.17799700000000002,-0.212415,-0.11012499999999999,1.003085,0.0,-0.235033,0.63162,-0.3077940000000001,0.5902889999999998,-0.040938000000000016,0.4818240000000007,0.622224,0.6323899999999999
386,0.6693629999999999,-0.14208600000000007,0.8275120000000001,0.9467300000000001,-0.18197400000000002,0.9576980000000002,-0.168624,0.5560160000000002,-0.19108700000000003,0.6423349999999999,0.527126,0.752386,-0.18005500000000002,-0.212358,-0.11012499999999999,1.012135,0.0,-0.235037,0.63756,-0.3077940000000001,0.5957239999999999,-0.04628100000000002,0.4887380000000007,0.627725,0.6380799999999999
387,0.6720529999999999,-0.1343840000000001,0.8251160000000001,0.9441120000000001,-0.18201700000000004,0.9503710000000001,-0.133051,0.46833400000000014,-0.15549900000000003,0.6462779999999999,0.533127,0.74103,-0.18014100000000002,-0.211441,-0.11012499999999999,1.009431,0.0,-0.235037,0.640893,-0.3077940000000001,0.5995659999999999,-0.09035300000000003,0.4595490000000007,0.62964,0.6394769999999999
388,0.6666409999999999,-0.10702100000000009,0.7982920000000001,0.9152700000000001,-0.18202000000000002,0.9043240000000001,-0.002499,0.14542000000000013,-0.024892999999999995,0.6459249999999999,0.542288,0.68318,-0.18014800000000003,-0.208076,-0.11012499999999999,0.980193,0.0,-0.235037,0.638323,-0.3077940000000001,0.5996469999999999,-0.25301700000000005,0.3482470000000007,0.621989,0.6297799999999999
389,0.6630149999999999,-0.09976900000000008,0.7884340000000001,0.9046940000000001,-0.18202000000000002,0.8889540000000001,0.033574,0.05618500000000011,0.01119500000000001,0.6437589999999999,0.542998,0.664905,-0.18014800000000003,-0.207146,-0.11012499999999999,0.969499,0.0,-0.235037,0.635543,-0.3077940000000001,0.5976969999999999,-0.29847000000000007,0.3173370000000007,0.617816,0.6250179999999999
390,-0.3161990000000001,-0.055943000000000076,-0.3926179999999999,-0.3776280000000001,0.16216399999999997,-0.2863830000000001,-0.17093,0.15713100000000013,-0.19339400000000004,-0.3083780000000001,-0.26768200000000003,-0.245748,0.5137560000000001,-0.212418,-0.11012499999999999,-0.405946,0.0,0.9289559999999998,-0.30715200000000004,-0.3077940000000001,-0.2793720000000001,0.5029160000000001,-0.7731029999999992,-0.305812,-0.2881800000000001
391,-0.3101470000000001,-0.055664000000000075,-0.3854559999999999,-0.36999600000000005,0.16216299999999997,-0.2788760000000001,-0.170929,0.16150100000000014,-0.19339300000000004,-0.30250700000000014,-0.26259200000000005,-0.239348,0.5137540000000002,-0.212418,-0.11012499999999999,-0.398291,0.0,0.9289499999999998,-0.30129200000000006,-0.3077940000000001,-0.2738230000000001,0.5029120000000001,-0.7518979999999992,-0.299999,-0.2823410000000001
392,-0.3299320000000001,-0.056607000000000074,-0.4088549999999999,-0.39493000000000006,0.16213299999999997,-0.30342000000000013,-0.170911,0.15023000000000014,-0.19335600000000003,-0.3217000000000001,-0.27923800000000004,-0.260288,0.5136940000000001,-0.212418,-0.11012499999999999,-0.423289,0.0,0.9287469999999998,-0.32044900000000004,-0.3077940000000001,-0.2919690000000001,0.5027920000000001,-0.8040569999999992,-0.319007,-0.3014350000000001
393,-0.3576360000000001,-0.05829100000000008,-0.4414689999999999,-0.42968700000000004,0.16172099999999998,-0.3378390000000001,-0.170657,0.13329800000000014,-0.19285000000000002,-0.3485760000000001,-0.30260200000000004,-0.2898,0.5128630000000001,-0.212418,-0.11012499999999999,-0.457993,0.0,0.9259689999999998,-0.34729100000000007,-0.3077940000000001,-0.3174420000000001,0.5011580000000001,-0.8760799999999992,-0.345667,-0.32823600000000014
394,-0.3711210000000001,-0.062201000000000076,-0.4560769999999999,-0.44526600000000005,0.15807599999999997,-0.3550510000000001,-0.168416,0.11585700000000011,-0.18863600000000003,-0.36167300000000013,-0.31444000000000005,-0.305876,0.5055150000000002,-0.212418,-0.11012499999999999,-0.472253,0.0,0.9027969999999997,-0.36051400000000006,-0.3077940000000001,-0.3303830000000001,0.48735600000000007,-0.8958029999999992,-0.359022,-0.3418490000000001
395,-0.4079160000000001,-0.09389400000000009,-0.48940899999999987,-0.47751600000000005,0.09136199999999997,-0.4088900000000001,-0.1274,-0.08854599999999992,-0.13713500000000003,-0.39711600000000014,-0.34978100000000006,-0.372107,0.37101300000000004,-0.212418,-0.11012499999999999,-0.485009,0.0,0.6196299999999999,-0.3977550000000001,-0.3077940000000001,-0.3700480000000001,0.30104200000000003,-0.8796939999999992,-0.398872,-0.3849640000000001
396,-0.4127360000000001,-0.1517590000000001,-0.48355199999999987,-0.45204700000000003,-0.16461400000000004,-0.4450330000000001,0.029921,-0.800791,0.01158100000000001,-0.3998240000000001,-0.36179900000000004,-0.470811,-0.14505500000000002,-0.212418,-0.11012499999999999,-0.394623,0.0,-0.198385,-0.40590300000000007,-0.3077940000000001,-0.3884350000000001,-0.28750700000000007,-0.7827449999999992,-0.415356,-0.4123650000000001
397,-0.4044240000000001,-0.1514590000000001,-0.4747499999999999,-0.44094700000000003,-0.18159200000000003,-0.4366170000000001,0.040218,-0.842475,0.01805800000000001,-0.3915700000000001,-0.35476500000000005,-0.467438,-0.17928400000000003,-0.212418,-0.11012499999999999,-0.379877,0.0,-0.234772,-0.39791000000000004,-0.3077940000000001,-0.3811660000000001,-0.31813600000000003,-0.7746489999999993,-0.407794,-0.4054280000000001
398,-0.4043560000000001,-0.15155400000000008,-0.4746539999999999,-0.44078900000000004,-0.18200200000000002,-0.43651800000000013,0.040097,-0.840691,0.01773100000000001,-0.39151200000000014,-0.35474300000000003,-0.467346,-0.18011200000000002,-0.212418,-0.11012499999999999,-0.379654,0.0,-0.235035,-0.39785000000000004,-0.3077940000000001,-0.3811180000000001,-0.31858100000000006,-0.7744059999999993,-0.407716,-0.40538400000000013
399,-0.4043190000000001,-0.15218600000000007,-0.4743129999999999,-0.44042200000000004,-0.18202000000000002,-0.4362590000000001,0.038913,-0.829483,0.01653700000000001,-0.3915240000000001,-0.35488100000000006,-0.466891,-0.18014600000000003,-0.212418,-0.11012499999999999,-0.379284,0.0,-0.235037,-0.39785000000000004,-0.3077940000000001,-0.3811600000000001,-0.31829300000000005,-0.7711049999999993,-0.40765,-0.4053670000000001
400,-0.3958260000000001,-0.15415700000000007,-0.46259899999999987,-0.42794000000000004,-0.18202000000000002,-0.4229620000000001,0.027885,-0.714006,0.00550300000000001,-0.3836940000000001,-0.34886000000000006,-0.45346,-0.18014800000000003,-0.212418,-0.11012499999999999,-0.366764,0.0,-0.235037,-0.38984500000000005,-0.3077940000000001,-0.3737820000000001,-0.30553100000000005,-0.7357549999999993,-0.399165,-0.3968290000000001
401,-0.43455700000000014,-0.16314900000000007,-0.5016079999999999,-0.46950600000000003,-0.18202000000000002,-0.4572770000000001,-0.032161,-0.27157099999999995,-0.054567,-0.42339900000000014,-0.38663900000000007,-0.469055,-0.18014800000000003,-0.212418,-0.11012499999999999,-0.408458,0.0,-0.235037,-0.4283040000000001,-0.3077940000000001,-0.4109460000000001,-0.22518000000000002,-0.7991109999999992,-0.433888,-0.43172700000000014
402,-0.5144940000000001,-0.17255700000000007,-0.5899899999999999,-0.5636820000000001,-0.18202000000000002,-0.5448570000000001,-0.101279,0.15314100000000014,-0.123714,-0.5033350000000001,-0.4591950000000001,-0.523558,-0.18014800000000003,-0.212418,-0.11012499999999999,-0.502925,0.0,-0.235037,-0.50664,-0.3077940000000001,-0.4857470000000001,-0.13493300000000003,-0.9800419999999992,-0.506629,-0.5059760000000001
403,-0.5412340000000001,-0.17254200000000008,-0.6208269999999999,-0.5965410000000001,-0.18202000000000002,-0.5764240000000002,-0.128691,0.3200310000000002,-0.15113700000000002,-0.5301590000000002,-0.48312400000000005,-0.53908,-0.18014800000000003,-0.212418,-0.11012499999999999,-0.535884,0.0,-0.235037,-0.532739,-0.3077940000000001,-0.5104510000000001,-0.09941900000000002,-1.0537549999999993,-0.529778,-0.5304240000000001
404,-0.5187990000000001,-0.1421930000000001,-0.6037889999999999,-0.5783860000000001,-0.18202000000000002,-0.5568730000000001,-0.136342,0.3672940000000002,-0.15879100000000002,-0.5082670000000001,-0.46070500000000003,-0.506827,-0.18014800000000003,-0.212418,-0.11012499999999999,-0.517674,0.0,-0.235037,-0.510118,-0.3077940000000001,-0.4873900000000001,-0.08951800000000003,-1.0882209999999994,-0.503876,-0.5061850000000001
405,-0.42244900000000013,-0.01246300000000007,-0.5297899999999999,-0.49953600000000004,-0.18202000000000002,-0.4691030000000001,-0.158296,0.49381500000000017,-0.18075500000000003,-0.4139420000000001,-0.36432200000000003,-0.373972,-0.18014700000000003,-0.212418,-0.11012499999999999,-0.43858,0.0,-0.235036,-0.41299600000000003,-0.3077940000000001,-0.3885290000000001,-0.061108000000000016,-1.2216909999999994,-0.39479,-0.4025100000000001
406,-0.38392900000000013,0.03816799999999994,-0.4998459999999999,-0.4676310000000001,-0.18199900000000002,-0.4340080000000001,-0.168488,0.5496500000000002,-0.19095100000000004,-0.3762890000000001,-0.32599000000000006,-0.32036,-0.18010400000000001,-0.212418,-0.11012499999999999,-0.406582,0.0,-0.234963,-0.37420900000000007,-0.3077940000000001,-0.34910200000000013,-0.04788600000000001,-1.2659589999999994,-0.351091,-0.3610970000000001
407,-0.3341840000000001,0.07294099999999995,-0.45226699999999986,-0.41698100000000005,-0.18132600000000001,-0.3836560000000001,-0.170489,0.5593160000000003,-0.19295300000000004,-0.3276540000000001,-0.27962700000000007,-0.261002,-0.17874800000000002,-0.212418,-0.11012499999999999,-0.355951,0.0,-0.232691,-0.32493700000000003,-0.3077940000000001,-0.30053200000000013,-0.04423100000000001,-1.2237259999999994,-0.29861,-0.3105230000000001
408,-0.2781710000000001,0.10166799999999994,-0.3953639999999999,-0.35694000000000004,-0.17303200000000002,-0.3231870000000001,-0.170891,0.5545780000000002,-0.19335500000000003,-0.2728890000000001,-0.22842400000000002,-0.196407,-0.16202600000000003,-0.212418,-0.11012499999999999,-0.297873,0.0,-0.204972,-0.26968400000000003,-0.3077940000000001,-0.2463920000000001,-0.030901000000000012,-1.1520549999999994,-0.241167,-0.2541450000000001
409,-0.21305400000000008,0.09203199999999995,-0.3144079999999999,-0.27510200000000007,-0.11610200000000002,-0.23631900000000008,-0.170927,0.5119750000000002,-0.19339100000000004,-0.2093430000000001,-0.17306900000000003,-0.126788,-0.04725000000000002,-0.212418,-0.11012499999999999,-0.229973,0.0,-0.029018000000000033,-0.20633500000000005,-0.3077940000000001,-0.18531800000000012,0.040235,-0.9862889999999992,-0.180812,-0.1903550000000001
410,0.09123499999999991,0.15141199999999996,0.037959000000000104,0.07989500000000001,0.06762599999999998,0.08339399999999995,-0.170929,0.43430900000000017,-0.19339300000000004,0.0875449999999999,0.09466999999999998,0.209859,0.32316000000000006,-0.212418,-0.11012499999999999,0.089888,0.0,0.29047299999999987,0.09128699999999995,-0.3077940000000001,0.1027159999999999,-0.02246300000000001,-0.5274169999999992,0.125655,0.10489599999999989
411,0.4957279999999999,0.402088,0.4579530000000001,0.5056840000000001,0.15716799999999997,0.392829,-0.17093,0.5112250000000003,-0.19339400000000004,0.4823099999999999,0.46609899999999993,0.676879,0.5036850000000002,-0.212418,-0.11012499999999999,0.517511,0.0,-0.025892000000000033,0.4898449999999999,-0.3077940000000001,0.4909969999999999,-0.6080860000000001,-0.3701319999999993,0.568143,0.4967249999999999
412,0.6047469999999999,0.489965,0.5654840000000001,0.6150380000000001,0.16273899999999997,0.46263,-0.17093,0.5537890000000002,-0.19339400000000004,0.5887129999999999,0.568018,0.805027,0.5149160000000002,-0.212418,-0.11012499999999999,0.633222,0.0,-0.201024,0.597602,-0.3077940000000001,0.5962559999999999,-0.8254140000000001,-0.3820909999999993,0.691535,0.6022509999999999
413,0.6270699999999999,0.492311,0.5925520000000001,0.6432710000000001,0.16193799999999997,0.487367,-0.17093,0.5608370000000003,-0.19339400000000004,0.6103029999999999,0.586681,0.828494,0.5133000000000001,-0.212418,-0.11012499999999999,0.66278,0.0,-0.230469,0.619143,-0.3077940000000001,0.6164639999999999,-0.8440120000000001,-0.36435499999999926,0.713617,0.6233759999999999
414,0.6682659999999999,0.19868899999999998,0.7295320000000001,0.8109780000000001,0.020698999999999974,0.7311380000000001,-0.170927,0.5615400000000003,-0.19339100000000004,0.6460669999999998,0.577259,0.816646,0.22855200000000003,-0.212418,-0.11012499999999999,0.849563,0.0,-0.234739,0.64856,-0.3077940000000001,0.6266479999999999,-0.46922900000000006,0.05328800000000074,0.694654,0.6511029999999999
415,0.6887089999999999,-0.11890400000000008,0.8447420000000001,0.9624100000000001,-0.16463200000000003,0.9677770000000001,-0.170822,0.5616890000000002,-0.19328600000000004,0.6613469999999999,0.546623,0.778069,-0.14509200000000003,-0.212418,-0.11012499999999999,1.02561,0.0,-0.235036,0.657055,-0.3077940000000001,0.6155309999999999,-0.06652300000000003,0.4694370000000007,0.650749,0.6578919999999999
416,0.7120539999999999,-0.13440400000000008,0.8762230000000001,0.9984000000000001,-0.18043900000000002,1.0097890000000003,-0.168888,0.5570570000000002,-0.19135200000000002,0.6838149999999998,0.563842,0.798692,-0.17695900000000003,-0.212413,-0.11012499999999999,1.063769,0.0,-0.235037,0.679087,-0.3077940000000001,0.6353939999999999,-0.03746500000000001,0.49086400000000074,0.66931,0.6799159999999999
417,0.7600749999999998,-0.11895300000000009,0.9259850000000001,1.0516420000000002,-0.18187800000000004,1.0625080000000002,-0.142161,0.49155400000000016,-0.16461300000000004,0.7314959999999999,0.6081,0.840139,-0.17986200000000002,-0.212344,-0.11012499999999999,1.117356,0.0,-0.235037,0.726387,-0.3077940000000001,0.6811569999999999,-0.04775300000000001,0.4673810000000007,0.715222,0.7264779999999998
418,0.7620259999999999,-0.08355500000000009,0.9076560000000001,1.0321130000000003,-0.18201600000000004,1.0360120000000002,-0.044245,0.25153100000000017,-0.066657,0.7372379999999998,0.622082,0.805691,-0.18014000000000002,-0.212093,-0.11012499999999999,1.097762,0.0,-0.235037,0.730782,-0.3077940000000001,0.6880809999999999,-0.13517600000000002,0.36626900000000073,0.716189,0.7270209999999999
419,0.7364469999999999,-0.07280700000000008,0.8697960000000001,0.9917640000000001,-0.18202000000000002,0.9922300000000001,-0.003707,0.15216000000000013,-0.026101999999999997,0.7139809999999999,0.605291,0.763039,-0.18014800000000003,-0.211989,-0.11012499999999999,1.05728,0.0,-0.235037,0.706961,-0.3077940000000001,0.6665019999999999,-0.17801800000000004,0.32275500000000074,0.691082,0.7014289999999999
420,-0.4090540000000001,-0.06022800000000007,-0.5024939999999999,-0.49470700000000006,0.16216199999999997,-0.40155800000000014,-0.170929,0.09638800000000011,-0.19339300000000004,-0.3984520000000001,-0.34578600000000004,-0.343953,0.5137520000000001,-0.212418,-0.11012499999999999,-0.523386,0.0,0.9289599999999998,-0.39705000000000007,-0.3077940000000001,-0.3645130000000001,0.5029140000000001,-1.0643769999999992,-0.395005,-0.37776900000000013
421,-0.3923300000000001,-0.059461000000000076,-0.4827029999999999,-0.47361700000000007,0.16214299999999998,-0.3808160000000001,-0.170918,0.10487500000000011,-0.19338100000000003,-0.3822290000000001,-0.33171900000000004,-0.326273,0.5137150000000001,-0.212418,-0.11012499999999999,-0.502226,0.0,0.9288929999999997,-0.38085900000000006,-0.3077940000000001,-0.3491800000000001,0.5028690000000001,-1.0260909999999994,-0.378941,-0.3616350000000001
422,-0.39034200000000013,-0.05954800000000007,-0.4803069999999999,-0.4710170000000001,0.16147399999999998,-0.3784290000000001,-0.170505,0.10235600000000011,-0.19296800000000003,-0.38029600000000013,-0.33007200000000003,-0.324421,0.5123660000000001,-0.212418,-0.11012499999999999,-0.499444,0.0,0.9266199999999998,-0.37894400000000006,-0.3077940000000001,-0.3473970000000001,0.5012680000000002,-1.0255939999999992,-0.377065,-0.3597790000000001
423,-0.3883620000000001,-0.061514000000000076,-0.4774619999999999,-0.46744300000000005,0.15375499999999998,-0.3768920000000001,-0.165757,0.07309100000000011,-0.18820600000000004,-0.37832100000000013,-0.32869600000000004,-0.325213,0.49680300000000005,-0.212418,-0.11012499999999999,-0.493846,0.0,0.9004469999999998,-0.37714800000000004,-0.3077940000000001,-0.34605200000000014,0.4828100000000001,-0.9992159999999992,-0.375552,-0.35859000000000013
424,-0.41584700000000013,-0.07672600000000009,-0.5065819999999999,-0.49479700000000004,0.10145899999999997,-0.4171970000000001,-0.1336,-0.17476499999999992,-0.15595700000000004,-0.4046180000000001,-0.35377600000000003,-0.373834,0.3913710000000001,-0.212418,-0.11012499999999999,-0.507646,0.0,0.7231599999999999,-0.40457100000000007,-0.3077940000000001,-0.3744380000000001,0.35778400000000005,-1.0886579999999992,-0.40458,-0.3899930000000001
425,-0.5020490000000001,-0.12696600000000008,-0.5973159999999998,-0.5792510000000001,-0.07239800000000003,-0.5447750000000001,-0.0267,-0.911229,-0.048835,-0.4870270000000001,-0.43279100000000004,-0.529986,0.04085899999999999,-0.212418,-0.11012499999999999,-0.547038,0.0,0.13421299999999992,-0.49073100000000003,-0.3077930000000001,-0.4640530000000001,-0.057651000000000015,-1.3595699999999993,-0.49611,-0.4894020000000001
426,-0.4309850000000001,-0.1514810000000001,-0.5065409999999999,-0.47504100000000005,-0.17820500000000003,-0.4691900000000001,0.038351,-0.929457,0.01604200000000001,-0.41734700000000013,-0.37692100000000006,-0.494304,-0.17245700000000003,-0.212418,-0.11012499999999999,-0.414989,0.0,-0.222511,-0.42355800000000005,-0.3077930000000001,-0.4052730000000001,-0.30967300000000003,-0.9130939999999992,-0.433127,-0.4307070000000001
427,-0.4051770000000001,-0.15121700000000007,-0.4757939999999999,-0.44200300000000003,-0.18198500000000004,-0.4376250000000001,0.040672,-0.850164,0.01830000000000001,-0.39228400000000013,-0.35534200000000005,-0.468404,-0.18007700000000001,-0.212418,-0.11012499999999999,-0.380878,0.0,-0.23494,-0.39862600000000004,-0.3077930000000001,-0.3818260000000001,-0.31852800000000003,-0.7821449999999992,-0.408518,-0.4061570000000001
428,-0.4034450000000001,-0.15114600000000009,-0.4737419999999999,-0.43981400000000004,-0.18202000000000002,-0.4354790000000001,0.040686,-0.844539,0.01831000000000001,-0.3906030000000001,-0.35388700000000006,-0.466582,-0.18014700000000003,-0.212418,-0.11012499999999999,-0.378674,0.0,-0.235036,-0.39694900000000005,-0.3077930000000001,-0.38024000000000013,-0.3186010000000001,-0.7740219999999992,-0.406855,-0.4044890000000001
429,-0.39914500000000014,-0.1509600000000001,-0.4686479999999999,-0.43438600000000005,-0.18202000000000002,-0.43014000000000013,0.040656,-0.835404,0.01828000000000001,-0.3864340000000001,-0.35027400000000003,-0.462024,-0.18014800000000003,-0.212418,-0.11012499999999999,-0.373229,0.0,-0.235037,-0.39278700000000005,-0.3077940000000001,-0.3762990000000001,-0.31858400000000003,-0.7622699999999992,-0.402725,-0.4003370000000001
430,-0.3630640000000001,-0.14936700000000008,-0.4258919999999999,-0.38882700000000003,-0.18202000000000002,-0.3852740000000001,0.04017,-0.757752,0.01779400000000001,-0.3514500000000001,-0.31996800000000003,-0.42366,-0.18014700000000003,-0.212417,-0.11012499999999999,-0.32753,0.0,-0.235037,-0.35786300000000004,-0.3077940000000001,-0.3432300000000001,-0.31796300000000005,-0.6653119999999992,-0.368047,-0.3654830000000001
431,-0.3379700000000001,-0.1485700000000001,-0.39584999999999987,-0.3568160000000001,-0.18202000000000002,-0.3534910000000001,0.036806,-0.678298,0.01442800000000001,-0.32722600000000013,-0.29913900000000004,-0.395682,-0.18014600000000003,-0.212416,-0.11012499999999999,-0.295421,0.0,-0.235037,-0.33361900000000005,-0.3077940000000001,-0.3203050000000001,-0.3135760000000001,-0.5968879999999992,-0.343775,-0.3411180000000001
432,-0.3426970000000001,-0.14994600000000008,-0.40026099999999987,-0.36151600000000006,-0.18202000000000002,-0.35717900000000014,0.02425,-0.583405,0.0018670000000000086,-0.3322480000000001,-0.30410300000000007,-0.395252,-0.18014700000000003,-0.212417,-0.11012499999999999,-0.300135,0.0,-0.235037,-0.33837200000000006,-0.3077940000000001,-0.32492700000000013,-0.29732000000000003,-0.6066929999999993,-0.347606,-0.3451660000000001
433,-0.3475580000000001,-0.15117300000000009,-0.40469699999999986,-0.36624300000000004,-0.18202000000000002,-0.3607180000000001,0.008116,-0.46186199999999994,-0.014273999999999993,-0.3375180000000001,-0.30938000000000004,-0.393315,-0.18014800000000003,-0.212418,-0.11012499999999999,-0.304876,0.0,-0.235037,-0.34328600000000004,-0.3077940000000001,-0.32970300000000013,-0.2764420000000001,-0.6201229999999992,-0.351264,-0.3491670000000001
434,-0.3303280000000001,-0.14433500000000007,-0.38596999999999987,-0.34628800000000004,-0.18202000000000002,-0.34030100000000013,0.002438,-0.40100399999999997,-0.019953999999999996,-0.3209160000000001,-0.29444300000000007,-0.371516,-0.18014800000000003,-0.212418,-0.11012499999999999,-0.28486,0.0,-0.235037,-0.32646800000000004,-0.3077940000000001,-0.3134590000000001,-0.26909400000000006,-0.6053909999999992,-0.333576,-0.3318080000000001
435,-0.2946850000000001,-0.09226300000000008,-0.3583769999999999,-0.31688700000000003,-0.18202000000000002,-0.3054280000000001,-0.031051,-0.1687359999999999,-0.053457,-0.28682000000000013,-0.25990300000000005,-0.310293,-0.18014800000000003,-0.212418,-0.11012499999999999,-0.255367,0.0,-0.235037,-0.2906830000000001,-0.3077940000000001,-0.2769010000000001,-0.22576100000000002,-0.6832439999999992,-0.290967,-0.2919310000000001
436,-0.3018960000000001,0.020246999999999935,-0.3992289999999999,-0.36041600000000007,-0.18201700000000004,-0.3353530000000001,-0.118738,0.30100600000000016,-0.14118100000000003,-0.2953000000000001,-0.25641300000000006,-0.259311,-0.18014100000000002,-0.212418,-0.11012499999999999,-0.299032,0.0,-0.235025,-0.2948990000000001,-0.3077940000000001,-0.2749230000000001,-0.11229100000000003,-1.0061659999999992,-0.277797,-0.2860380000000001
437,-0.2825720000000001,0.09912799999999994,-0.4000329999999999,-0.36127700000000007,-0.18195900000000004,-0.3296870000000001,-0.165272,0.5340860000000002,-0.18773400000000004,-0.2770900000000001,-0.23244100000000004,-0.204444,-0.18002400000000002,-0.212418,-0.11012499999999999,-0.299911,0.0,-0.234834,-0.2740790000000001,-0.3077940000000001,-0.2509600000000001,-0.05199200000000001,-1.1540049999999993,-0.245855,-0.2592170000000001
438,-0.2712120000000001,0.11348599999999995,-0.3910389999999999,-0.35174300000000003,-0.18140100000000003,-0.3195580000000001,-0.170539,0.5598110000000002,-0.19300300000000004,-0.2660580000000001,-0.22127300000000003,-0.187603,-0.17890000000000003,-0.212418,-0.11012499999999999,-0.290478,0.0,-0.233325,-0.26266100000000003,-0.3077940000000001,-0.2393570000000001,-0.044732000000000015,-1.1602859999999993,-0.232705,-0.2469430000000001
439,-0.2513800000000001,0.12047199999999994,-0.3690639999999999,-0.32948000000000005,-0.17221000000000003,-0.3001320000000001,-0.170844,0.5586860000000002,-0.19330800000000004,-0.24670700000000012,-0.20352900000000002,-0.165131,-0.16036900000000004,-0.212417,-0.11012499999999999,-0.26976,0.0,-0.222511,-0.24320100000000006,-0.3077940000000001,-0.22044600000000011,-0.05355500000000001,-1.1372499999999994,-0.2122,-0.22758800000000012
440,0.1690869999999999,0.296971,0.0912770000000001,0.13570400000000002,-0.003122000000000026,0.07784899999999996,-0.170895,0.5507860000000002,-0.19335700000000003,0.1635899999999999,0.17496299999999998,0.310797,0.18052700000000002,-0.212406,-0.11012499999999999,0.173552,0.0,-0.18917,0.16965999999999995,-0.3077940000000001,0.1805189999999999,-0.41770900000000005,-0.7527289999999992,0.23063,0.17999799999999988
441,0.6009119999999999,0.493519,0.5598250000000001,0.6093790000000001,0.15687699999999996,0.455728,-0.170928,0.5590200000000002,-0.19339100000000004,0.5849779999999999,0.565047,0.801292,0.5030970000000001,-0.212409,-0.11012499999999999,0.629135,0.0,-0.222506,0.593929,-0.3077940000000001,0.5927769999999999,-0.8367270000000001,-0.39884599999999926,0.688547,0.5985269999999999
442,0.6278699999999999,0.505241,0.5897920000000001,0.6392880000000001,0.16821299999999997,0.479686,-0.17093,0.5616570000000002,-0.19339300000000004,0.6112529999999999,0.589246,0.831719,0.5259510000000001,-0.212415,-0.11012499999999999,0.658077,0.0,-0.233322,0.620362,-0.3077940000000001,0.6183609999999999,-0.8623120000000001,-0.3804909999999993,0.716989,0.6246239999999998
443,0.6649669999999999,0.503525,0.6389900000000001,0.6864100000000001,0.20222799999999996,0.5246330000000001,-0.17093,0.5620240000000002,-0.19339400000000004,0.6472239999999999,0.620314,0.870783,0.5945290000000001,-0.212417,-0.11012499999999999,0.700973,0.0,-0.234829,0.656183,-0.3077940000000001,0.6522229999999999,-0.8531160000000001,-0.3371459999999993,0.752317,0.6603649999999999
444,0.7970639999999999,0.448091,0.8275630000000002,0.8736820000000001,0.290501,0.7186510000000002,-0.170929,0.5620680000000002,-0.19339300000000004,0.7746149999999999,0.723541,1.000576,0.7724950000000002,-0.212418,-0.11012499999999999,0.877333,0.0,-0.235022,0.781999,-0.3077940000000001,0.7682219999999998,-0.7527870000000001,-0.12618599999999927,0.868062,0.7857679999999999
445,0.8812189999999999,0.10626499999999994,1.021538,1.1172520000000001,0.05215299999999997,1.0620090000000002,-0.170892,0.5619780000000002,-0.19335600000000003,0.8512719999999999,0.742003,1.023769,0.29196400000000006,-0.212411,-0.11012499999999999,1.152696,0.0,-0.235037,0.85118,-0.3077940000000001,0.8128129999999999,-0.2834610000000001,0.31036000000000075,0.878246,0.8537389999999999
446,0.9370009999999999,-0.07994800000000009,1.129616,1.2649270000000001,-0.15802500000000003,1.2751640000000002,-0.170329,0.5605310000000002,-0.19279300000000002,0.9026009999999999,0.759507,1.045479,-0.13177100000000003,-0.212304,-0.11012499999999999,1.32819,0.0,-0.235037,0.898407,-0.3077940000000001,0.8457919999999999,-0.002028000000000009,0.4876540000000007,0.891083,0.9010069999999999
447,0.9881719999999999,-0.07738300000000008,1.187162,1.3296930000000002,-0.18071200000000004,1.3523280000000002,-0.166036,0.5494810000000002,-0.18849800000000003,0.9523729999999999,0.80264,1.097432,-0.17751100000000003,-0.211486,-0.11012499999999999,1.396035,0.0,-0.235037,0.947989,-0.3077940000000001,0.8927409999999999,0.065757,0.48652000000000073,0.937154,0.9519629999999999
448,0.9949569999999999,-0.023712000000000073,1.175157,1.3168660000000003,-0.18198300000000003,1.3574410000000001,-0.150322,0.5090380000000002,-0.17277700000000001,0.9602489999999999,0.817162,1.107342,-0.18007300000000004,-0.208492,-0.11012499999999999,1.383061,0.0,-0.235037,0.956619,-0.3077940000000001,0.9042199999999999,0.17193000000000003,0.41162900000000074,0.9463,0.9645509999999999
449,0.9820639999999999,0.020941999999999933,1.143011,1.2824180000000003,-0.18202000000000002,1.3378640000000002,-0.136694,0.47396400000000016,-0.15914400000000004,0.9488519999999999,0.813829,1.095909,-0.18014700000000003,-0.205897,-0.11012499999999999,1.348274,0.0,-0.235037,0.94589,-0.3077940000000001,0.8968659999999999,0.25806900000000005,0.3447710000000007,0.936268,0.9571309999999998
450,-0.44271500000000014,-0.06183100000000007,-0.5423109999999999,-0.5371220000000001,0.16205799999999998,-0.4433180000000001,-0.170929,0.07280700000000011,-0.19332800000000003,-0.4311050000000001,-0.37410800000000005,-0.379565,0.5135420000000002,-0.212418,-0.11012499999999999,-0.565932,0.0,0.9293089999999998,-0.42964100000000005,-0.3077940000000001,-0.3953820000000001,0.5027470000000002,-1.1793859999999994,-0.427341,-0.4102500000000001
451,-0.4707580000000001,-0.06312500000000008,-0.5754959999999999,-0.5724810000000001,0.16202399999999997,-0.4781080000000001,-0.170884,0.04444100000000011,-0.19330600000000003,-0.4583080000000001,-0.3976950000000001,-0.409246,0.5134750000000001,-0.212418,-0.11012499999999999,-0.601382,0.0,0.9289509999999997,-0.45679100000000006,-0.3077940000000001,-0.4210980000000001,0.5026370000000001,-1.3246189999999993,-0.454281,-0.4373110000000001
452,-0.5052010000000001,-0.06538900000000009,-0.6160949999999998,-0.6155580000000002,0.15937999999999997,-0.5211570000000001,-0.169195,-0.002016999999999898,-0.19164700000000004,-0.4916990000000001,-0.4267580000000001,-0.446686,0.5081430000000001,-0.212418,-0.11012499999999999,-0.64389,0.0,0.9196659999999998,-0.49017800000000006,-0.3077940000000001,-0.45283800000000013,0.4962520000000001,-1.5030799999999993,-0.487499,-0.47079300000000013
453,-0.5095460000000002,-0.07727400000000008,-0.6184309999999998,-0.6149140000000001,0.11492299999999997,-0.5318870000000001,-0.141669,-0.2004519999999999,-0.16411900000000001,-0.4955940000000001,-0.43203800000000003,-0.467951,0.41851600000000005,-0.212418,-0.11012499999999999,-0.63166,0.0,0.7692079999999998,-0.49506700000000003,-0.3077930000000001,-0.45950000000000013,0.38994500000000004,-1.5088659999999994,-0.493904,-0.4791360000000001
454,-0.5654990000000001,-0.1302840000000001,-0.6724379999999999,-0.6590210000000001,-0.07578700000000002,-0.6240010000000001,-0.024223,-1.0752180000000002,-0.046625,-0.5485280000000001,-0.4861750000000001,-0.598426,0.034027999999999996,-0.212418,-0.11012499999999999,-0.626228,0.0,0.12422999999999992,-0.552185,-0.3077930000000001,-0.5223510000000001,-0.06544000000000003,-1.6621459999999992,-0.557205,-0.5509050000000001
455,-0.5996480000000001,-0.15663000000000007,-0.7068079999999999,-0.6890820000000001,-0.16892300000000002,-0.6773550000000002,0.032841,-1.4859740000000001,0.01046300000000001,-0.5810130000000001,-0.5184,-0.669265,-0.15374300000000002,-0.212418,-0.11012499999999999,-0.632122,0.0,-0.190749,-0.586696,-0.3077910000000001,-0.5593290000000001,-0.2875400000000001,-1.7610359999999994,-0.594668,-0.5925300000000001
456,-0.5156020000000001,-0.15607200000000007,-0.6065269999999999,-0.5813640000000001,-0.18117800000000003,-0.5745120000000001,0.040223,-1.2295420000000001,0.01784700000000001,-0.4994060000000001,-0.44818700000000006,-0.584905,-0.17845100000000003,-0.212418,-0.11012499999999999,-0.52088,0.0,-0.23219,-0.505521,-0.3077820000000001,-0.4830240000000001,-0.31663500000000006,-1.3322789999999993,-0.514548,-0.5125980000000001
457,-0.4147840000000001,-0.15165800000000007,-0.4871639999999999,-0.45411700000000005,-0.18201000000000003,-0.4495460000000001,0.040694,-0.883508,0.01831800000000001,-0.4016030000000001,-0.3634220000000001,-0.478576,-0.18012800000000004,-0.212418,-0.11012499999999999,-0.393025,0.0,-0.235001,-0.40792700000000004,-0.3077850000000001,-0.3906360000000001,-0.31857900000000006,-0.8300319999999992,-0.417748,-0.41542600000000013
458,-0.40352900000000014,-0.15114300000000008,-0.4738449999999999,-0.43992400000000004,-0.18202000000000002,-0.4355860000000001,0.040698,-0.845537,0.018322000000000012,-0.3906850000000001,-0.35395600000000005,-0.466676,-0.18014800000000003,-0.212417,-0.11012499999999999,-0.378785,0.0,-0.235037,-0.3970310000000001,-0.3077900000000001,-0.3803170000000001,-0.3186030000000001,-0.7754359999999992,-0.406937,-0.4045700000000001
459,-0.3925880000000001,-0.15064600000000009,-0.4608939999999999,-0.42612600000000006,-0.18201100000000003,-0.4220170000000001,0.040702,-0.822525,0.01832600000000001,-0.38007200000000013,-0.34475400000000006,-0.455107,-0.18013000000000004,-0.212405,-0.11012499999999999,-0.364946,0.0,-0.235037,-0.38643900000000003,-0.3077920000000001,-0.3702850000000001,-0.31861700000000004,-0.7447869999999992,-0.396428,-0.39400800000000014
460,-0.3474980000000001,-0.1485950000000001,-0.4075169999999999,-0.36926000000000003,-0.18197500000000003,-0.3660920000000001,0.040702,-0.730851,0.01832600000000001,-0.33633200000000013,-0.3068310000000001,-0.407425,-0.18005700000000002,-0.212353,-0.11012499999999999,-0.307914,0.0,-0.235037,-0.34278500000000006,-0.3077930000000001,-0.3289440000000001,-0.31865600000000005,-0.6237869999999992,-0.353119,-0.3504780000000001
461,-0.3316050000000001,-0.1478820000000001,-0.3886929999999999,-0.34920300000000004,-0.18196700000000002,-0.34635500000000013,0.040563,-0.697921,0.01818700000000001,-0.3209190000000001,-0.29347500000000004,-0.390557,-0.18004100000000003,-0.212342,-0.11012499999999999,-0.287798,0.0,-0.235037,-0.3274000000000001,-0.3077940000000001,-0.3143760000000001,-0.3184850000000001,-0.5819479999999992,-0.337845,-0.3351300000000001
462,-0.3215480000000001,-0.1474630000000001,-0.3767409999999999,-0.33646400000000004,-0.18198200000000003,-0.3337690000000001,0.039905,-0.674898,0.01752800000000001,-0.3111870000000001,-0.28506500000000007,-0.379634,-0.18007100000000004,-0.212363,-0.11012499999999999,-0.275015,0.0,-0.235037,-0.31767300000000004,-0.3077940000000001,-0.3051680000000001,-0.31761600000000006,-0.5593429999999993,-0.328146,-0.32539800000000013
463,-0.3003850000000001,-0.14652800000000007,-0.3516319999999999,-0.30970200000000003,-0.18200900000000003,-0.30736200000000014,0.03893,-0.631937,0.01655400000000001,-0.2906900000000001,-0.26733300000000004,-0.35682,-0.18012500000000004,-0.212401,-0.11012499999999999,-0.248164,0.0,-0.235037,-0.29719500000000004,-0.3077940000000001,-0.2857800000000001,-0.3163270000000001,-0.5147569999999992,-0.307755,-0.3049340000000001
464,-0.26098500000000013,-0.14435900000000007,-0.3051279999999999,-0.2601470000000001,-0.18201900000000001,-0.2585850000000001,0.038913,-0.573686,0.01653700000000001,-0.2524670000000001,-0.23414700000000002,-0.315084,-0.18014600000000003,-0.212416,-0.11012499999999999,-0.198453,0.0,-0.235037,-0.2590390000000001,-0.3077940000000001,-0.24962300000000012,-0.3162940000000001,-0.44139699999999926,-0.269867,-0.26689200000000013
465,-0.2119270000000001,-0.1384100000000001,-0.24815999999999988,-0.19944400000000004,-0.18202000000000002,-0.1984720000000001,0.036549,-0.49102799999999996,0.01417100000000001,-0.20491000000000012,-0.19253900000000002,-0.261511,-0.18014800000000003,-0.212418,-0.11012499999999999,-0.137563,0.0,-0.235037,-0.21144700000000005,-0.3077940000000001,-0.20435400000000012,-0.31323300000000004,-0.36225299999999927,-0.222126,-0.2191640000000001
466,-0.2075740000000001,-0.09377100000000008,-0.2556579999999999,-0.20743400000000004,-0.18202000000000002,-0.2012410000000001,-2.9e-05,-0.28327299999999994,-0.022421999999999997,-0.2013380000000001,-0.18522900000000003,-0.232885,-0.18014800000000003,-0.212418,-0.11012499999999999,-0.145577,0.0,-0.235037,-0.20616200000000007,-0.3077940000000001,-0.19699900000000012,-0.26590300000000006,-0.4774319999999993,-0.20984,-0.2098100000000001
467,-0.2500640000000001,0.062262999999999936,-0.3511289999999999,-0.30916400000000005,-0.18201600000000004,-0.2836200000000001,-0.127799,0.3540630000000002,-0.15024500000000002,-0.24479200000000012,-0.20781500000000003,-0.193392,-0.18013900000000002,-0.212417,-0.11012499999999999,-0.247622,0.0,-0.235028,-0.24345700000000006,-0.3077940000000001,-0.22394800000000012,-0.10057200000000002,-0.9832149999999992,-0.221915,-0.2325960000000001
468,-0.2626350000000001,0.10775099999999994,-0.3792239999999999,-0.33911900000000006,-0.18188400000000002,-0.3080690000000001,-0.164404,0.5343640000000002,-0.18686400000000003,-0.2576160000000001,-0.21450300000000003,-0.182351,-0.17987300000000003,-0.212409,-0.11012499999999999,-0.277691,0.0,-0.234953,-0.25449900000000003,-0.3077940000000001,-0.2319590000000001,-0.05343000000000001,-1.1293349999999993,-0.22563,-0.2394530000000001
469,-0.2479810000000001,0.11788799999999995,-0.3643049999999999,-0.32416900000000004,-0.17576300000000003,-0.2959870000000001,-0.167016,0.5467540000000002,-0.18945400000000004,-0.24335200000000012,-0.20093700000000003,-0.163905,-0.16753300000000002,-0.212243,-0.11012499999999999,-0.263528,0.0,-0.234417,-0.24000700000000005,-0.3077940000000001,-0.21767800000000012,-0.06396200000000003,-1.1261219999999994,-0.209468,-0.2248490000000001
470,0.1764139999999999,0.307474,0.0972390000000001,0.14201100000000003,-0.010725000000000026,0.07942099999999996,-0.16901,0.5532760000000002,-0.19121500000000002,0.17078599999999988,0.18221799999999996,0.318918,0.16519700000000004,-0.210617,-0.11012499999999999,0.182382,0.0,-0.232691,0.17695499999999995,-0.3077940000000001,0.1875949999999999,-0.45155700000000004,-0.7660839999999992,0.239628,0.1869219999999999
471,0.6126519999999999,0.499371,0.5730030000000002,0.6222710000000001,0.16174999999999998,0.466211,-0.170861,0.5610160000000002,-0.19313900000000003,0.5964219999999999,0.575632,0.814565,0.5129220000000001,-0.211125,-0.11012499999999999,0.641774,0.0,-0.234417,0.605438,-0.3077940000000001,0.6038909999999998,-0.8480720000000002,-0.39477699999999927,0.7009,0.6099619999999999
472,0.6646299999999999,0.50524,0.6381040000000001,0.6853170000000001,0.20295299999999997,0.5232760000000001,-0.170928,0.5618350000000002,-0.19333000000000003,0.6469239999999999,0.620288,0.87075,0.5959900000000001,-0.211983,-0.11012499999999999,0.699747,0.0,-0.23496,0.655916,-0.3077940000000001,0.6520709999999998,-0.8546570000000001,-0.3396959999999993,0.752279,0.6601349999999999
473,0.8000819999999998,0.501162,0.8175050000000001,0.8562460000000001,0.333868,0.6857950000000002,-0.17093,0.5620290000000002,-0.19338100000000003,0.7783119999999999,0.734166,1.013935,0.8599260000000001,-0.212327,-0.11012499999999999,0.854188,0.0,-0.235031,0.786809,-0.3077940000000001,0.7760139999999999,-0.8200220000000001,-0.18356099999999928,0.881716,0.7908139999999999
474,0.9362339999999999,0.487211,0.9999290000000001,1.0321260000000003,0.453485,0.8567290000000001,-0.17093,0.5620720000000002,-0.19339300000000004,0.9102339999999999,0.847085,1.155916,1.1010840000000002,-0.21241,-0.11012499999999999,1.01504,0.0,-0.235037,0.918023,-0.3077940000000001,0.8996419999999999,-0.7710920000000001,-0.018966999999999266,1.009683,0.9218209999999999
475,0.9840409999999999,0.335303,1.094413,1.1547110000000003,0.311892,1.0284890000000002,-0.170928,0.5620440000000002,-0.19339200000000004,0.9543529999999999,0.86358,1.176655,0.8156210000000002,-0.212374,-0.11012499999999999,1.15644,0.0,-0.235037,0.958794,-0.3077940000000001,0.9287819999999999,-0.5509160000000001,0.15014700000000072,1.023181,0.9623489999999999
476,1.021969,-0.018901000000000074,1.216587,1.3489610000000003,-0.10265800000000003,1.3450930000000003,-0.170893,0.5613100000000002,-0.19335700000000003,0.9858539999999999,0.83976,1.146685,-0.02014700000000002,-0.211382,-0.11012499999999999,1.405188,0.0,-0.235037,0.982708,-0.3077940000000001,0.9291769999999999,-0.043407000000000015,0.4533310000000007,0.983412,0.9860139999999998
477,1.034912,-0.06608600000000009,1.240443,1.3855320000000002,-0.17805100000000001,1.4093660000000001,-0.170657,0.5563850000000002,-0.19312100000000001,0.9977489999999999,0.843034,1.150677,-0.17214600000000002,-0.204724,-0.11012499999999999,1.451082,0.0,-0.235037,0.993511,-0.3077940000000001,0.9363819999999999,0.090185,0.4890380000000007,0.983005,0.9980649999999999
478,1.048565,-0.01094200000000007,1.238588,1.3823580000000002,-0.18191300000000002,1.4270870000000002,-0.169836,0.5392100000000002,-0.19229900000000003,1.011992,0.862616,1.174863,-0.17993200000000004,-0.181505,-0.11012499999999999,1.446281,0.0,-0.235037,1.008664,-0.3077940000000001,0.9540149999999998,0.24301200000000003,0.42580400000000074,0.998627,1.0177779999999998
479,1.059487,0.041459999999999934,1.234697,1.3766110000000003,-0.18201900000000001,1.4391550000000002,-0.169096,0.5237390000000002,-0.19155900000000003,1.023528,0.879538,1.195746,-0.18014600000000003,-0.16059,-0.11012499999999999,1.438621,0.0,-0.235037,1.021083,-0.3077940000000001,0.9689079999999999,0.37634900000000004,0.3663320000000007,1.011989,1.0343
480,-0.4581550000000001,-0.06491000000000008,-0.5598999999999998,-0.5553140000000001,0.15708599999999998,-0.4629080000000001,-0.170924,0.06238600000000011,-0.19026700000000002,-0.4460940000000001,-0.3875350000000001,-0.396449,0.5035190000000002,-0.212418,-0.11012499999999999,-0.58418,0.0,0.9461049999999998,-0.44467500000000004,-0.3077940000000001,-0.4097940000000001,0.4948310000000001,-1.2421309999999994,-0.44233,-0.4253920000000001
481,-0.5031180000000001,-0.06569500000000009,-0.6134889999999998,-0.6127060000000001,0.15964599999999998,-0.5184840000000001,-0.170751,0.015409000000000105,-0.19176500000000002,-0.48970000000000014,-0.42510800000000004,-0.443785,0.5086800000000001,-0.212418,-0.11012499999999999,-0.641707,0.0,0.9363849999999998,-0.48816000000000004,-0.3077940000000001,-0.4508850000000001,0.49870200000000003,-1.4744759999999992,-0.485443,-0.4686570000000001
482,-0.5339920000000001,-0.06683600000000009,-0.6502509999999999,-0.6518200000000001,0.15775999999999998,-0.5573200000000001,-0.167645,-0.0355779999999999,-0.18982000000000002,-0.5195800000000002,-0.4509250000000001,-0.477896,0.5048780000000002,-0.212418,-0.11012499999999999,-0.67996,0.0,0.9172359999999998,-0.51805,-0.3077940000000001,-0.4792510000000001,0.49190900000000004,-1.6350159999999994,-0.515243,-0.4987300000000001
483,-0.5482450000000001,-0.08084500000000008,-0.6646019999999999,-0.6629400000000001,0.09832599999999997,-0.5836240000000001,-0.126132,-0.32629099999999994,-0.14854300000000004,-0.5327540000000001,-0.46435100000000007,-0.516835,0.38505300000000003,-0.212418,-0.11012499999999999,-0.675525,0.0,0.7134369999999999,-0.532611,-0.3077930000000001,-0.4954780000000001,0.34497300000000003,-1.6899589999999993,-0.532007,-0.5181980000000002
484,-0.5930310000000001,-0.13828500000000007,-0.7047289999999999,-0.6904840000000001,-0.11759300000000003,-0.6660420000000001,0.010364,-1.3149420000000003,-0.012022999999999994,-0.5745040000000001,-0.509467,-0.646091,-0.05026100000000002,-0.212418,-0.11012499999999999,-0.6469,0.0,-0.017140000000000037,-0.57919,-0.3077760000000001,-0.5492820000000002,-0.17416300000000004,-1.7941259999999994,-0.585912,-0.5816620000000001
485,-0.6102830000000001,-0.1575100000000001,-0.7198919999999999,-0.7024100000000001,-0.17778600000000003,-0.6929200000000001,0.042294,-1.5681760000000002,0.01991900000000001,-0.5910700000000001,-0.527036,-0.685148,-0.17164200000000002,-0.212418,-0.11012499999999999,-0.643189,0.0,-0.220717,-0.596996,-0.30763600000000013,-0.5692370000000001,-0.31272200000000006,-1.8217539999999994,-0.605403,-0.6037490000000001
486,-0.5919350000000001,-0.1590050000000001,-0.6971469999999999,-0.6779590000000001,-0.18178900000000003,-0.6697950000000001,0.042144,-1.5037940000000003,0.01976900000000001,-0.5733770000000001,-0.512187,-0.666398,-0.17988800000000002,-0.212418,-0.11012499999999999,-0.617655,0.0,-0.234254,-0.579387,-0.3067320000000001,-0.5529120000000001,-0.31964800000000004,-1.7170199999999993,-0.587933,-0.5863410000000001
487,-0.4650760000000001,-0.15369000000000008,-0.5466379999999998,-0.5176820000000001,-0.18201200000000003,-0.5121830000000002,0.041323,-1.0611150000000003,0.01894700000000001,-0.45037100000000013,-0.40567300000000006,-0.532034,-0.18063300000000002,-0.212414,-0.11012499999999999,-0.456882,0.0,-0.235018,-0.45661300000000005,-0.30522500000000014,-0.4367110000000001,-0.31922500000000004,-1.0814319999999993,-0.466077,-0.4639680000000001
488,-0.4059450000000001,-0.1512050000000001,-0.4766269999999999,-0.44300300000000004,-0.18194500000000002,-0.4387010000000001,0.040976,-0.857352,0.01860000000000001,-0.3930230000000001,-0.3559800000000001,-0.469368,-0.18024600000000002,-0.212311,-0.11012499999999999,-0.381941,0.0,-0.235037,-0.39937200000000006,-0.3065160000000001,-0.3825250000000001,-0.31897500000000006,-0.7894919999999992,-0.409273,-0.4069230000000001
489,-0.3805660000000001,-0.15086700000000008,-0.4461289999999999,-0.41069300000000003,-0.18097400000000002,-0.4073770000000001,0.041399,-0.806271,0.019023000000000012,-0.3683940000000001,-0.33471600000000007,-0.442856,-0.17810300000000004,-0.210926,-0.11012499999999999,-0.349748,0.0,-0.235037,-0.3748250000000001,-0.3074670000000001,-0.3593360000000001,-0.3206030000000001,-0.7047849999999992,-0.38498,-0.3825610000000001
490,-0.3405110000000001,-0.15041700000000008,-0.3978379999999999,-0.35968300000000003,-0.17920100000000003,-0.3580910000000001,0.042433,-0.7375,0.02005800000000001,-0.3295150000000001,-0.30115900000000007,-0.401213,-0.17446700000000004,-0.208396,-0.11012499999999999,-0.299031,0.0,-0.235037,-0.3360890000000001,-0.30777700000000013,-0.3227440000000001,-0.32383700000000004,-0.5835399999999992,-0.34667,-0.34415600000000013
491,-0.3326280000000001,-0.1501280000000001,-0.3884629999999999,-0.3497160000000001,-0.17910800000000002,-0.3483330000000001,0.042481,-0.722666,0.02010600000000001,-0.3218670000000001,-0.2945360000000001,-0.392911,-0.17427600000000001,-0.208263,-0.11012499999999999,-0.289057,0.0,-0.235037,-0.32845900000000006,-0.3077930000000001,-0.31552400000000014,-0.32399900000000004,-0.5625699999999992,-0.339107,-0.33656000000000014
492,-0.3210360000000001,-0.14894000000000007,-0.37517299999999987,-0.33533100000000005,-0.17995300000000003,-0.3337480000000001,0.041929,-0.696025,0.01955400000000001,-0.31063400000000013,-0.28472500000000006,-0.380281,-0.17598100000000003,-0.209469,-0.11012499999999999,-0.274407,0.0,-0.235037,-0.31721600000000005,-0.3077940000000001,-0.3048320000000001,-0.32238800000000006,-0.5432449999999992,-0.32789,-0.3252450000000001
493,-0.28795900000000013,-0.14625600000000008,-0.33679199999999987,-0.2940380000000001,-0.18145100000000003,-0.2923580000000001,0.040968,-0.63135,0.01859200000000001,-0.2785700000000001,-0.2567940000000001,-0.344651,-0.17900100000000002,-0.211606,-0.11012499999999999,-0.232596,0.0,-0.235037,-0.28515500000000005,-0.3077940000000001,-0.27439200000000014,-0.31955500000000003,-0.4868719999999993,-0.295973,-0.2931010000000001
494,-0.22924200000000008,-0.14311600000000008,-0.2675889999999999,-0.22015800000000002,-0.18197800000000003,-0.21941100000000008,0.040661,-0.541826,0.01828500000000001,-0.22161800000000012,-0.20736100000000002,-0.282333,-0.18006200000000003,-0.212357,-0.11012499999999999,-0.158351,0.0,-0.235037,-0.22829400000000005,-0.3077940000000001,-0.22051100000000012,-0.3185990000000001,-0.3825309999999993,-0.239521,-0.2363680000000001
495,-0.18833300000000008,-0.14084600000000008,-0.2193029999999999,-0.16869700000000004,-0.18201800000000004,-0.16872800000000007,0.04038,-0.4838819999999999,0.01800400000000001,-0.1819390000000001,-0.17291700000000002,-0.238876,-0.18014300000000003,-0.212415,-0.11012499999999999,-0.106721,0.0,-0.235037,-0.18867800000000007,-0.3077940000000001,-0.1829710000000001,-0.31819100000000006,-0.3130259999999993,-0.20016,-0.1968540000000001
496,-0.16357400000000008,-0.1339180000000001,-0.19165799999999988,-0.13923900000000003,-0.18201700000000004,-0.13909700000000008,0.035671,-0.43018899999999993,0.01329400000000001,-0.15800400000000012,-0.15161200000000002,-0.209585,-0.18014100000000002,-0.212415,-0.11012499999999999,-0.077173,0.0,-0.235037,-0.16456700000000005,-0.3077940000000001,-0.1598300000000001,-0.31209500000000007,-0.2944489999999993,-0.175324,-0.17229700000000012
497,-0.12427000000000009,-0.08216900000000009,-0.1594149999999999,-0.10488500000000002,-0.18201200000000003,-0.09968200000000008,-0.004894,-0.1755839999999999,-0.027284999999999997,-0.1205900000000001,-0.11440800000000002,-0.141252,-0.18013100000000004,-0.212398,-0.11012499999999999,-0.04271500000000001,0.0,-0.235037,-0.12530300000000005,-0.3077940000000001,-0.11999900000000009,-0.2595970000000001,-0.39182499999999926,-0.128479,-0.12861100000000011
498,-0.10563600000000008,-0.01937400000000007,-0.1550399999999999,-0.10027700000000002,-0.18195800000000004,-0.08814900000000007,-0.054825,0.1046250000000001,-0.077151,-0.1033800000000001,-0.09356200000000003,-0.08850900000000002,-0.18002200000000002,-0.211806,-0.11012499999999999,-0.03815400000000001,0.0,-0.235035,-0.10575400000000004,-0.3077940000000001,-0.0982040000000001,-0.19488900000000003,-0.5518669999999992,-0.099363,-0.10348800000000011
499,-0.09369700000000009,0.006159999999999932,-0.1474509999999999,-0.09362400000000001,-0.17893000000000003,-0.07925600000000006,-0.065855,0.15343600000000013,-0.086389,-0.0917400000000001,-0.08064100000000003,-0.06640300000000002,-0.17391700000000002,-0.199311,-0.11012499999999999,-0.033016000000000004,0.0,-0.235021,-0.09346800000000004,-0.3077940000000001,-0.08523800000000009,-0.18316300000000002,-0.5890429999999992,-0.08447,-0.08939000000000011
500,0.18526199999999993,0.27099,0.1210230000000001,0.16528700000000002,-0.07671800000000002,0.15772699999999998,-0.108319,0.24297700000000014,-0.107774,0.18205399999999988,0.18910999999999997,0.295335,0.03214999999999999,-0.052549,-0.11012499999999999,0.199979,0.0,-0.234967,0.18490199999999996,-0.3077940000000001,0.1923849999999999,-0.3126380000000001,-0.5914549999999992,0.22039,0.1984199999999999
501,0.6308579999999999,0.556085,0.5859170000000001,0.6257600000000001,0.15250699999999998,0.5162590000000001,-0.167964,0.4742970000000002,-0.16851100000000002,0.6160619999999999,0.600013,0.843681,0.49428600000000006,-0.059963,-0.11012499999999999,0.632697,0.0,-0.235012,0.62499,-0.3077940000000001,0.6249549999999999,-0.6958800000000002,-0.4338459999999993,0.71035,0.6384959999999998
502,0.7940229999999999,0.516884,0.8061210000000001,0.8433010000000001,0.321323,0.6841940000000001,-0.170895,0.5440170000000002,-0.18822100000000003,0.7729069999999999,0.731453,1.010506,0.8346340000000001,-0.176674,-0.11012499999999999,0.839581,0.0,-0.235035,0.781478,-0.3077940000000001,0.7716799999999999,-0.7882790000000001,-0.20834899999999928,0.874457,0.7876789999999999
503,0.9366969999999999,0.499916,0.9972870000000001,1.0276990000000001,0.462312,0.8499550000000001,-0.170929,0.5604700000000002,-0.19293300000000002,0.9108889999999998,0.849414,1.158844,1.1188800000000003,-0.209217,-0.11012499999999999,1.009158,0.0,-0.235037,0.918921,-0.3077940000000001,0.9012469999999999,-0.7828070000000001,-0.031257999999999266,1.0123,0.9229639999999999
504,0.9787619999999999,0.495885,1.052343,1.0821370000000001,0.491134,0.9026730000000001,-0.17093,0.5619870000000002,-0.19336800000000004,0.9516209999999999,0.884234,1.202625,1.1769890000000003,-0.212241,-0.11012499999999999,1.060286,0.0,-0.235037,0.959464,-0.3077940000000001,0.9394419999999999,-0.7710670000000001,0.014711000000000734,1.052061,0.9633379999999999
505,1.001408,0.434786,1.092012,1.1364060000000002,0.413603,0.9792890000000001,-0.17093,0.5619790000000002,-0.19339300000000004,0.9726579999999999,0.893494,1.214268,1.0206790000000001,-0.212268,-0.11012499999999999,1.124822,0.0,-0.235037,0.979148,-0.3077940000000001,0.9541819999999999,-0.6781810000000001,0.07449900000000073,1.060258,0.9830759999999998
506,1.035667,0.07932099999999995,1.210235,1.3265410000000002,-0.004141000000000026,1.2919450000000001,-0.170928,0.5579480000000002,-0.19339200000000004,1.000631,0.866458,1.180273,0.17847100000000002,-0.206103,-0.11012499999999999,1.369386,0.0,-0.235037,0.999474,-0.3077940000000001,0.9511049999999999,-0.16587900000000003,0.3754090000000007,1.016598,1.0029749999999997
507,1.05739,-0.050885000000000076,1.265951,1.4084350000000003,-0.17226100000000003,1.4280970000000002,-0.170917,0.5284640000000003,-0.19338100000000003,1.020184,0.864574,1.177899,-0.16047300000000003,-0.160993,-0.11012499999999999,1.469309,0.0,-0.235037,1.015836,-0.3077940000000001,0.9584059999999999,0.119258,0.48739700000000075,1.005738,1.0193409999999998
508,1.105782,-0.0012920000000000685,1.313645,1.4520670000000002,-0.18181100000000003,1.4841210000000002,-0.170891,0.45520800000000017,-0.19335500000000003,1.068886,0.913365,1.239233,-0.17972700000000003,-0.048912,-0.11012499999999999,1.504086,0.0,-0.235037,1.064495,-0.3077940000000001,1.007375,0.31956700000000005,0.4556440000000007,1.051968,1.0688489999999997
509,1.134984,0.03364299999999994,1.341206,1.4763420000000003,-0.18201800000000004,1.5140000000000002,-0.170875,0.41188800000000014,-0.19333900000000004,1.098336,0.943572,1.277205,-0.18014400000000003,0.017365,-0.11012499999999999,1.522411,0.0,-0.235037,1.094036,-0.3077940000000001,1.037404,0.43072900000000003,0.43232100000000073,1.08102,1.0989139999999997
510,-0.5289150000000001,-0.1286190000000001,-0.6262389999999999,-0.6119450000000001,0.030091999999999976,-0.5618710000000001,-0.170819,0.09686000000000011,-0.112071,-0.5150070000000001,-0.4582780000000001,-0.485455,0.24748700000000004,-0.212417,-0.11012499999999999,-0.640974,0.0,1.3752959999999999,-0.515384,-0.3077940000000001,-0.4811580000000001,0.29263900000000004,-1.3050709999999994,-0.514334,-0.4999220000000001
511,-0.5360110000000001,-0.09071400000000009,-0.6458779999999998,-0.6415530000000002,0.10813699999999997,-0.5644050000000002,-0.168465,0.014071000000000104,-0.15837200000000004,-0.5216270000000001,-0.45701300000000006,-0.485115,0.4048340000000001,-0.212418,-0.11012499999999999,-0.670399,0.0,1.1042239999999999,-0.520841,-0.3077940000000001,-0.4835240000000001,0.41427300000000006,-1.5290909999999993,-0.518724,-0.5030280000000001
512,-0.5299190000000001,-0.06521000000000009,-0.6480909999999999,-0.6478950000000001,0.13983199999999998,-0.5595640000000001,-0.145601,-0.1274579999999999,-0.16225300000000004,-0.5147690000000001,-0.44597800000000004,-0.483389,0.46873300000000007,-0.212418,-0.11012499999999999,-0.673687,0.0,0.9172219999999998,-0.513847,-0.3077930000000001,-0.4749400000000001,0.4396090000000001,-1.6543069999999993,-0.512375,-0.4966290000000001
513,-0.4831620000000001,-0.04447600000000008,-0.6095619999999999,-0.6012500000000001,0.05565699999999997,-0.5381510000000002,-0.008694,-0.800786,-0.030495999999999995,-0.4648000000000001,-0.39654400000000006,-0.493979,0.29902400000000007,-0.212418,-0.11012499999999999,-0.602769,0.0,0.5752979999999999,-0.46719000000000005,-0.3077690000000001,-0.4296200000000001,0.15150100000000002,-1.7038089999999992,-0.473335,-0.4624060000000001
514,-0.48215400000000014,-0.07018500000000008,-0.6095819999999998,-0.5880230000000001,-0.13364000000000004,-0.5757190000000001,0.157759,-1.8139320000000003,0.13544800000000004,-0.4600500000000001,-0.3947840000000001,-0.580211,-0.08275500000000002,-0.212418,-0.11012499999999999,-0.539977,0.0,-0.07123900000000002,-0.46749100000000005,-0.3070440000000001,-0.4354630000000001,-0.35087100000000004,-1.7812459999999994,-0.482796,-0.4807750000000001
515,-0.5510200000000001,-0.11989800000000009,-0.6685279999999999,-0.6481790000000001,-0.17867200000000003,-0.6433320000000001,0.114734,-1.7981420000000001,0.09238900000000003,-0.5300660000000001,-0.46584300000000006,-0.646697,-0.17489400000000002,-0.212418,-0.11012499999999999,-0.588843,0.0,-0.223713,-0.537271,-0.3001260000000001,-0.5081460000000001,-0.38719400000000004,-1.8099219999999994,-0.549896,-0.5490810000000002
516,-0.5775100000000001,-0.1399360000000001,-0.6857079999999999,-0.6701830000000001,-0.18184100000000003,-0.6656260000000002,0.080437,-1.6879370000000002,0.05807800000000001,-0.5578010000000001,-0.49501600000000007,-0.665154,-0.19150100000000003,-0.212417,-0.11012499999999999,-0.612071,0.0,-0.234433,-0.564492,-0.24775400000000009,-0.5364990000000001,-0.35828100000000007,-1.7687419999999994,-0.574985,-0.5739120000000001
517,-0.5032040000000001,-0.12527800000000008,-0.5836349999999999,-0.5812390000000001,-0.18188500000000002,-0.5870580000000001,0.106521,-1.6076890000000001,0.08417200000000002,-0.48581000000000013,-0.43326400000000004,-0.601369,-0.24317100000000003,-0.212235,-0.11012499999999999,-0.532837,0.0,-0.235014,-0.49326500000000006,0.01663699999999996,-0.4679870000000001,-0.38499500000000003,-1.3697999999999992,-0.504957,-0.5040770000000001
518,-0.3794210000000001,-0.12461100000000008,-0.4291509999999999,-0.42322200000000004,-0.17373700000000003,-0.43763400000000013,0.114732,-1.2644390000000003,0.09238700000000002,-0.3657690000000001,-0.33033500000000005,-0.476313,-0.23829400000000003,-0.200603,-0.11012499999999999,-0.378694,0.0,-0.235037,-0.37387100000000006,0.07584299999999997,-0.3552560000000001,-0.40336400000000006,-0.6737239999999992,-0.387073,-0.3862330000000001
519,-0.3972940000000001,-0.20394700000000007,-0.42607299999999987,-0.41377800000000003,-0.10666100000000003,-0.4507370000000001,0.098448,-1.4557640000000003,0.07609600000000002,-0.3833580000000001,-0.3536830000000001,-0.497018,-0.04068800000000002,-0.10493,-0.11012499999999999,-0.374604,0.0,-0.235037,-0.39285700000000007,-0.24386900000000009,-0.3796390000000001,-0.4699900000000001,-0.1685819999999993,-0.408476,-0.41062500000000013
520,-0.4043390000000001,-0.2372110000000001,-0.4180719999999999,-0.41011300000000006,-0.07074700000000003,-0.4631730000000001,0.109424,-1.6764040000000002,0.08707700000000003,-0.3899190000000001,-0.3629180000000001,-0.514461,0.043850999999999994,-0.053705,-0.11012499999999999,-0.377931,0.0,-0.235037,-0.40056600000000003,-0.3060640000000001,-0.3893520000000001,-0.5254850000000001,0.08871800000000074,-0.418226,-0.42229100000000014
521,-0.40046700000000013,-0.23587100000000008,-0.4143989999999999,-0.40562800000000004,-0.07242600000000003,-0.45784000000000014,0.108088,-1.6547980000000002,0.08574100000000003,-0.3861930000000001,-0.35955300000000007,-0.509521,0.04079699999999999,-0.0561,-0.11012499999999999,-0.37293,0.0,-0.235037,-0.3967760000000001,-0.3077620000000001,-0.3856930000000001,-0.5220620000000001,0.08529700000000073,-0.414337,-0.4182820000000001
522,-0.37427700000000014,-0.21504600000000007,-0.3963129999999999,-0.37963900000000006,-0.09776000000000003,-0.4193300000000001,0.092505,-1.4165610000000002,0.07015000000000003,-0.3611390000000001,-0.33563500000000007,-0.471167,-0.010272000000000014,-0.092234,-0.11012499999999999,-0.340261,0.0,-0.235037,-0.37079400000000007,-0.3077930000000001,-0.35978700000000013,-0.47502400000000006,-0.046901999999999264,-0.386789,-0.38914900000000013
523,-0.2812560000000001,-0.16299200000000008,-0.3176519999999999,-0.27947900000000003,-0.15942600000000004,-0.2892900000000001,0.054579,-0.795745,0.03221100000000001,-0.2717600000000001,-0.25279200000000007,-0.346852,-0.13459500000000002,-0.180197,-0.11012499999999999,-0.223729,0.0,-0.235037,-0.27921000000000007,-0.3077930000000001,-0.2698890000000001,-0.36051700000000003,-0.31723699999999927,-0.291617,-0.2899950000000001
524,-0.1872040000000001,-0.1419090000000001,-0.2173609999999999,-0.16689400000000001,-0.18099800000000002,-0.1674960000000001,0.04127,-0.49579699999999993,0.018912000000000012,-0.18082500000000012,-0.17207000000000003,-0.238283,-0.17808700000000002,-0.211001,-0.11012499999999999,-0.105175,0.0,-0.235037,-0.18761800000000006,-0.3077940000000001,-0.18203600000000011,-0.32032600000000006,-0.3087899999999993,-0.199235,-0.1959530000000001
525,-0.13903700000000008,-0.13892800000000008,-0.1608369999999999,-0.10643100000000001,-0.18186200000000002,-0.10753800000000006,0.040637,-0.43058199999999996,0.01830400000000001,-0.13411400000000012,-0.13148300000000002,-0.186914,-0.17982900000000002,-0.212294,-0.11012499999999999,-0.04429500000000001,0.0,-0.235037,-0.14096100000000006,-0.3077940000000001,-0.13780000000000012,-0.31844400000000006,-0.2441849999999993,-0.152873,-0.1493310000000001
526,-0.09075500000000009,-0.1363570000000001,-0.1037849999999999,-0.045658000000000004,-0.18177300000000002,-0.04771700000000006,0.040321,-0.3781959999999999,0.01802100000000001,-0.0872840000000001,-0.09084400000000002,-0.135648,-0.17964900000000003,-0.21224,-0.11012499999999999,0.016649999999999998,0.0,-0.235037,-0.09420900000000004,-0.3077940000000001,-0.0935040000000001,-0.31794600000000006,-0.18305399999999927,-0.106433,-0.10270400000000011
527,-0.017576000000000088,-0.13115700000000008,-0.017690999999999894,0.046055000000000006,-0.18168100000000004,0.04270799999999996,0.038853,-0.30149999999999993,0.01659200000000001,-0.016320000000000105,-0.029135000000000036,-0.05727800000000001,-0.17946400000000004,-0.212095,-0.11012499999999999,0.10862,0.0,-0.235037,-0.02331500000000004,-0.3077940000000001,-0.026266000000000105,-0.3159370000000001,-0.10436799999999927,-0.035816,-0.03188700000000011
528,0.038407999999999914,-0.12404200000000008,0.047377000000000107,0.11514600000000001,-0.18164900000000003,0.11152799999999996,0.036814,-0.24459999999999993,0.01500000000000001,0.0380029999999999,0.018473999999999966,0.0036669999999999914,-0.17939800000000003,-0.209028,-0.11012499999999999,0.17764,0.0,-0.235037,0.031016999999999958,-0.3077940000000001,0.025426999999999898,-0.3121300000000001,-0.05422699999999926,0.018463,0.02265399999999989
529,0.07221099999999991,-0.06775500000000008,0.0740910000000001,0.13862800000000003,-0.18155400000000002,0.14804799999999999,0.027273,-0.2295609999999999,0.01469100000000001,0.07169299999999991,0.05446099999999997,0.05398599999999999,-0.17920800000000003,-0.144762,-0.11012499999999999,0.195314,0.0,-0.235037,0.06550899999999996,-0.3077940000000001,0.0609059999999999,-0.2761410000000001,-0.09349599999999926,0.054115,0.06164999999999989
530,0.29859999999999987,0.498318,0.2073020000000001,0.22946800000000003,-0.17791100000000004,0.372334,-0.067042,-0.1960959999999999,0.01426600000000001,0.3005329999999999,0.3218019999999999,0.440245,-0.17186300000000002,0.508889,-0.11012499999999999,0.226276,0.0,-0.235037,0.30264399999999997,-0.3077940000000001,0.3140619999999999,0.080886,-0.6037439999999992,0.303906,0.3446319999999999
531,0.5447179999999999,1.0248280000000003,0.3747610000000001,0.35843100000000006,-0.13732700000000003,0.6038960000000001,-0.16177,-0.11478999999999992,-0.0002289999999999915,0.5472729999999999,0.599711,0.84001,-0.09004200000000002,1.067532,-0.11012499999999999,0.299342,0.0,-0.235037,0.557527,-0.3077940000000001,0.5822589999999999,0.35201600000000005,-1.0479539999999994,0.576924,0.6395579999999998
532,0.7627349999999999,0.796497,0.7037110000000001,0.7092710000000001,0.15883599999999998,0.7529330000000001,-0.170686,0.21858700000000014,-0.09496,0.7510579999999999,0.747742,1.030876,0.5070480000000002,0.470625,-0.11012499999999999,0.667196,0.0,-0.235037,0.760632,-0.3077940000000001,0.7646629999999999,-0.18751100000000004,-0.5662239999999992,0.817085,0.8065879999999999
533,1.003912,0.544985,1.064401,1.0979460000000003,0.439321,0.9404890000000001,-0.170928,0.5291790000000002,-0.18396400000000002,0.9771059999999999,0.912108,1.237672,1.0725290000000003,-0.146833,-0.11012499999999999,1.07692,0.0,-0.235037,0.985418,-0.3077940000000001,0.9662969999999999,-0.7194950000000001,-0.04805299999999926,1.075951,0.9939339999999999
534,1.113502,0.549566,1.186973,1.2361980000000001,0.421089,1.0622570000000002,-0.170929,0.5604720000000002,-0.19293400000000002,1.082922,1.003624,1.352742,1.0357710000000002,-0.209221,-0.11012499999999999,1.223669,0.0,-0.235037,1.091504,-0.3077940000000001,1.066964,-0.7706360000000001,-0.0029859999999992653,1.1867,1.097363
535,1.281129,0.59147,1.359104,1.4380810000000002,0.303106,1.2770640000000002,-0.170929,0.5618050000000002,-0.19337400000000002,1.245853,1.148202,1.534528,0.7979080000000001,-0.211974,-0.11012499999999999,1.441791,0.0,-0.235037,1.254881,-0.3077940000000001,1.223232,-0.7451620000000001,-0.007495999999999265,1.349681,1.2627889999999997
536,1.376933,0.430086,1.501256,1.6292650000000002,0.03614699999999997,1.5367380000000002,-0.170926,0.5483210000000002,-0.19339000000000003,1.336446,1.202263,1.602501,0.25969600000000004,-0.191359,-0.11012499999999999,1.666451,0.0,-0.235037,1.341631,-0.3077940000000001,1.294756,-0.4529210000000001,0.1451100000000007,1.402899,1.3498739999999998
537,1.196732,0.046352999999999936,1.410978,1.5499010000000002,-0.16732200000000003,1.5502850000000001,-0.170928,0.42457900000000015,-0.19339200000000004,1.158196,0.996893,1.344277,-0.15051400000000004,-0.001867,-0.11012499999999999,1.596038,0.0,-0.235037,1.154158,-0.3077940000000001,1.094831,0.19431100000000004,0.45714700000000075,1.15001,1.1545899999999998
538,1.217338,0.027047999999999933,1.453486,1.5841740000000002,-0.18184100000000003,1.5928670000000003,-0.170929,0.3125160000000002,-0.19339300000000004,1.179612,1.013317,1.364929,-0.17978600000000003,0.169741,-0.11012499999999999,1.616639,0.0,-0.235037,1.173646,-0.3077940000000001,1.112231,0.43136300000000005,0.49888700000000075,1.158451,1.170172
539,1.23395,0.03660599999999994,1.47291,1.6018600000000003,-0.18201900000000001,1.6099130000000001,-0.170929,0.2868510000000002,-0.19339300000000004,1.196241,1.029046,1.384706,-0.18014500000000003,0.209042,-0.11012499999999999,1.630814,0.0,-0.235037,1.190095,-0.3077940000000001,1.128359,0.47289200000000003,0.49887300000000073,1.174225,1.185915
540,-0.6076770000000001,-0.22557800000000008,-0.6925849999999999,-0.6609380000000001,-0.16604200000000002,-0.6768810000000001,-0.170599,0.17976000000000014,0.00879000000000001,-0.5918270000000001,-0.541855,-0.590658,-0.14800000000000002,-0.212372,-0.11006599999999998,-0.690108,0.0,2.0384039999999994,-0.595036,-0.3077930000000001,-0.5633860000000002,-0.019668000000000012,-1.2493569999999994,-0.59622,-0.5855790000000001
541,-0.5902440000000001,-0.19549200000000008,-0.6816129999999999,-0.6549820000000001,-0.11601200000000003,-0.6539780000000001,-0.158553,0.09526000000000011,-0.012969999999999994,-0.5743170000000001,-0.521066,-0.57092,-0.04712300000000002,-0.21238,-0.11007599999999998,-0.68285,0.0,1.8358429999999994,-0.576978,-0.3077930000000001,-0.5440300000000001,0.046944,-1.3217549999999993,-0.578146,-0.5668140000000002
542,-0.4365230000000001,-0.046937000000000076,-0.5626089999999999,-0.5417270000000001,-0.026312000000000023,-0.5118650000000001,0.059834,-0.927894,0.09491300000000003,-0.4161320000000001,-0.3530980000000001,-0.475765,0.13375100000000004,-0.212405,-0.11010799999999998,-0.545782,0.0,0.9231829999999998,-0.42096900000000004,-0.3077820000000001,-0.3837910000000001,-0.04605200000000002,-1.5657349999999994,-0.432354,-0.4234880000000001
543,-0.18941100000000008,0.11379599999999994,-0.3566759999999999,-0.3191010000000001,-0.12246600000000003,-0.3246350000000001,0.492653,-2.8042850000000006,0.4734670000000001,-0.1591780000000001,-0.09314900000000002,-0.378896,-0.06015600000000002,-0.212417,-0.11012399999999999,-0.274384,0.0,-0.0006410000000000426,-0.17235900000000007,-0.3074370000000001,-0.1334020000000001,-0.6673150000000001,-1.7019999999999993,-0.207425,-0.2085870000000001
544,-0.1552620000000001,0.12892699999999999,-0.3271479999999999,-0.28480000000000005,-0.17311500000000002,-0.3060850000000001,0.579909,-3.2217590000000005,0.5578180000000001,-0.12306500000000009,-0.05768100000000004,-0.380663,-0.16367300000000004,-0.212418,-0.11012499999999999,-0.225812,0.0,-0.204268,-0.13833500000000007,-0.30022900000000013,-0.1001860000000001,-0.8455260000000001,-1.7179339999999994,-0.178268,-0.18237200000000012
545,-0.2172060000000001,0.08627899999999994,-0.3701049999999999,-0.3387800000000001,-0.18102500000000002,-0.3610660000000001,0.508853,-3.0187500000000003,0.4866730000000001,-0.18745500000000012,-0.12440400000000003,-0.426804,-0.20244500000000004,-0.212418,-0.11012499999999999,-0.282296,0.0,-0.231675,-0.20167000000000004,-0.1832330000000001,-0.16563500000000012,-0.7880140000000001,-1.6593329999999993,-0.237111,-0.2407600000000001
546,-0.2220890000000001,0.05820099999999994,-0.2789779999999999,-0.3209830000000001,-0.18195100000000003,-0.37224400000000013,0.463521,-2.8410970000000004,0.44132200000000005,-0.19994500000000012,-0.15547000000000002,-0.441777,-0.4110980000000001,-0.212413,-0.11012499999999999,-0.304277,0.0,-0.23482,-0.21426100000000006,0.8766880000000001,-0.1828630000000001,-0.7440330000000002,-0.9712599999999992,-0.244349,-0.24781700000000012
547,-0.04921200000000008,0.12352999999999995,0.0323170000000001,-0.12399700000000001,-0.18158500000000002,-0.23681500000000008,0.599773,-3.1941700000000006,0.5776300000000001,-0.034845000000000105,-0.021504000000000034,-0.345731,-0.7610660000000001,-0.211799,-0.11012499999999999,-0.174744,0.0,-0.235033,-0.05305100000000004,2.6742970000000006,-0.025500000000000102,-0.8818030000000001,0.24499000000000073,-0.08659,-0.09206200000000012
548,-0.028711000000000087,0.10846199999999995,0.0818440000000001,-0.09179800000000002,-0.15684700000000001,-0.2235620000000001,0.623311,-3.3564800000000004,0.6011770000000001,-0.015174000000000102,-0.008229000000000035,-0.341546,-0.7477220000000001,-0.176511,-0.11012499999999999,-0.155969,0.0,-0.235037,-0.03464900000000004,2.8615480000000004,-0.009224000000000102,-0.9361130000000001,0.6230780000000008,-0.069981,-0.07700300000000011
549,-0.44057400000000013,-0.3111990000000001,-0.3600259999999999,-0.43723100000000004,0.08891399999999998,-0.5945240000000002,0.31883,-3.5433700000000004,0.29657000000000006,-0.42059200000000013,-0.39899000000000007,-0.671086,0.24418300000000004,0.17403,-0.11012499999999999,-0.470278,0.0,-0.235037,-0.43958100000000006,0.317041,-0.4287680000000001,-0.9338410000000001,1.2738630000000006,-0.472163,-0.4875420000000001
550,-0.5401870000000001,-0.41221200000000013,-0.4668019999999999,-0.5210390000000001,0.14842499999999997,-0.6847250000000001,0.246372,-3.5962860000000005,0.22408100000000003,-0.5186120000000001,-0.49340700000000004,-0.751301,0.48333400000000004,0.258913,-0.11012499999999999,-0.546751,0.0,-0.235037,-0.537509,-0.29379100000000014,-0.5301700000000001,-0.9345710000000002,1.4295520000000006,-0.569478,-0.5869010000000001
551,-0.5419300000000001,-0.4139770000000001,-0.4689279999999999,-0.5224700000000001,0.14914399999999997,-0.6859910000000001,0.244367,-3.5919170000000005,0.22207600000000002,-0.5203430000000001,-0.49506500000000003,-0.752321,0.48745700000000003,0.259938,-0.11012499999999999,-0.547856,0.0,-0.235037,-0.539215,-0.30749500000000013,-0.5319480000000001,-0.9334430000000001,1.4295270000000007,-0.57113,-0.5885610000000001
552,-0.5365620000000001,-0.4087500000000001,-0.46587099999999987,-0.5174830000000001,0.14269299999999996,-0.6777790000000001,0.24035,-3.5332890000000003,0.21805900000000003,-0.5152250000000002,-0.49007000000000006,-0.743906,0.47450100000000006,0.250733,-0.11012499999999999,-0.541164,0.0,-0.235037,-0.533858,-0.30774800000000013,-0.5265460000000001,-0.9214030000000001,1.3928050000000007,-0.565363,-0.5823940000000001
553,-0.42545300000000014,-0.3261940000000001,-0.3851999999999999,-0.40515000000000007,0.043318999999999976,-0.5162300000000001,0.178627,-2.5916930000000002,0.15651700000000002,-0.4088370000000001,-0.38916500000000004,-0.584235,0.27415400000000006,0.108511,-0.11012499999999999,-0.402555,0.0,-0.235037,-0.42381700000000005,-0.3077650000000001,-0.41721000000000014,-0.7349580000000001,0.8706460000000008,-0.449198,-0.4599220000000001
554,-0.11991200000000009,-0.1461000000000001,-0.1321409999999999,-0.07939400000000002,-0.16760700000000003,-0.08648100000000007,0.045447,-0.48858999999999997,0.02444400000000001,-0.1154500000000001,-0.11622600000000002,-0.170286,-0.15109000000000003,-0.19504,-0.11012499999999999,-0.020606000000000003,0.0,-0.235037,-0.12272100000000004,-0.3077920000000001,-0.1210920000000001,-0.33235200000000004,-0.14692399999999928,-0.135462,-0.13230500000000012
555,-0.07202000000000008,-0.13638000000000008,-0.0800929999999999,-0.021687000000000005,-0.17572300000000002,-0.024859000000000055,0.038845,-0.35366899999999996,0.01837700000000001,-0.0691390000000001,-0.07523900000000003,-0.11524300000000001,-0.16745200000000002,-0.207861,-0.11012499999999999,0.039506999999999994,0.0,-0.235037,-0.07612200000000004,-0.3077930000000001,-0.0764750000000001,-0.31217600000000006,-0.14597999999999928,-0.088534,-0.08455600000000012
556,-0.04534000000000008,-0.1351140000000001,-0.048386999999999895,0.011942000000000001,-0.17496100000000003,0.00817999999999995,0.03852,-0.32617399999999996,0.01831400000000001,-0.043262000000000106,-0.05279900000000003,-0.08685500000000002,-0.16591600000000004,-0.20738,-0.11012499999999999,0.073096,0.0,-0.235037,-0.05029300000000004,-0.3077940000000001,-0.0520150000000001,-0.3109930000000001,-0.11355799999999927,-0.0629,-0.05878500000000011
557,0.0023479999999999144,-0.1326420000000001,0.008026000000000102,0.07195300000000002,-0.17457100000000003,0.06722699999999995,0.038338,-0.28549899999999995,0.01828700000000001,0.0030069999999998978,-0.012636000000000034,-0.036259000000000007,-0.16512900000000003,-0.206864,-0.11012499999999999,0.133194,0.0,-0.235037,-0.004112000000000043,-0.3077940000000001,-0.008258000000000102,-0.3100260000000001,-0.06406099999999927,-0.017081,-0.01275900000000011
558,0.04777999999999992,-0.12341200000000008,0.0600360000000001,0.12671600000000002,-0.17451300000000003,0.12283899999999996,0.037095,-0.25020599999999993,0.01826000000000001,0.0472039999999999,0.026581999999999967,0.01371299999999999,-0.16501300000000002,-0.198483,-0.11012499999999999,0.187353,0.0,-0.235037,0.040106999999999955,-0.3077940000000001,0.033996999999999895,-0.30489600000000006,-0.028164999999999264,0.026962,0.03188299999999989
559,0.11247999999999991,0.016718999999999935,0.1031780000000001,0.16029700000000002,-0.17533600000000002,0.18990399999999996,0.014005,-0.23420999999999992,0.01825900000000001,0.11225399999999991,0.09998899999999997,0.11827999999999998,-0.16667200000000001,-0.036616,-0.11012399999999999,0.206366,0.0,-0.235037,0.10717999999999996,-0.3077940000000001,0.1045709999999999,-0.21516400000000002,-0.14704999999999926,0.096913,0.11030699999999989
560,0.4117559999999999,0.791475,0.2719340000000001,0.27137500000000003,-0.17987400000000003,0.487975,-0.114097,-0.19377299999999992,0.018263000000000012,0.41524899999999987,0.45703099999999997,0.635278,-0.17582400000000004,0.861524,-0.11011999999999998,0.23637,0.0,-0.235037,0.42151799999999995,-0.3077940000000001,0.4413769999999999,0.28200800000000004,-0.8657109999999992,0.427701,0.4878629999999999
561,0.5365939999999999,1.1105590000000003,0.3433680000000001,0.3190970000000001,-0.18010000000000004,0.6117920000000001,-0.167134,-0.17542699999999992,0.01766600000000001,0.5415459999999999,0.605381,0.84999,-0.17628100000000002,1.22922,-0.11011799999999998,0.250695,0.0,-0.235037,0.552504,-0.3077940000000001,0.5815469999999999,0.48421700000000006,-1.1605779999999994,0.565735,0.6447749999999999
562,0.5909819999999999,1.1006860000000003,0.4106430000000001,0.39111100000000004,-0.14968800000000002,0.6604020000000002,-0.170749,-0.1289589999999999,0.004664000000000009,0.5935579999999999,0.64901,0.906768,-0.11496800000000003,1.164109,-0.11011799999999998,0.324915,0.0,-0.235037,0.60473,-0.3077940000000001,0.6306899999999999,0.41971300000000006,-1.1099919999999994,0.623672,0.6934869999999999
563,1.22048,0.85794,1.202175,1.2725210000000002,0.04752399999999997,1.2684020000000003,-0.170923,0.31606700000000015,-0.122876,1.194084,1.136091,1.519297,0.2826310000000001,0.278088,-0.11012299999999998,1.264261,0.0,-0.235037,1.205166,-0.3077940000000001,1.188485,-0.34944200000000003,-0.4395509999999993,1.278758,1.244482
564,1.811488,0.82669,1.877989,2.0363150000000005,0.0006209999999999744,1.8982780000000001,-0.170911,0.5522980000000002,-0.19057700000000002,1.763031,1.62133,2.129411,0.18807200000000002,-0.19296,-0.11012499999999999,2.079529,0.0,-0.235037,1.775425,-0.3077940000000001,1.727186,-0.7578810000000001,-0.12086099999999926,1.882632,1.791995
565,2.000625,0.887187,2.070031,2.2580080000000002,-0.10021800000000003,2.1222990000000004,-0.170867,0.5616960000000002,-0.19326800000000002,1.946966,1.786621,2.337217,-0.015229000000000013,-0.211838,-0.11012499999999999,2.316763,0.0,-0.235037,1.960262,-0.3077940000000001,1.904941,-0.7723170000000001,-0.13126499999999927,2.07155,1.978183
566,2.059886,0.890641,2.134514,2.3339270000000005,-0.15062800000000004,2.2061960000000003,-0.170753,0.5565020000000003,-0.19321500000000003,2.004491,1.836118,2.399392,-0.11685900000000003,-0.204173,-0.11012499999999999,2.39878,0.0,-0.235037,2.017628,-0.3077940000000001,1.959128,-0.7390260000000001,-0.12199299999999927,2.12649,2.03604
567,1.801242,0.535916,1.961267,2.1381720000000004,-0.17676200000000003,2.0699790000000005,-0.170711,0.4281280000000002,-0.19317500000000004,1.750851,1.571514,2.066667,-0.16954600000000003,-0.007661,-0.11012499999999999,2.187883,0.0,-0.235037,1.755523,-0.3077940000000001,1.691115,-0.18608900000000003,0.1775230000000007,1.809528,1.764091
568,1.619816,0.282054,1.846154,2.0024550000000003,-0.18195400000000003,1.9754680000000002,-0.170909,0.3112710000000002,-0.19337300000000002,1.573288,1.385834,1.833307,-0.18001400000000004,0.171615,-0.11012499999999999,2.036053,0.0,-0.235037,1.571565,-0.3077940000000001,1.502819,0.2534930000000001,0.40230900000000075,1.58496,1.572075
569,1.619688,0.277226,1.84848,2.0041310000000006,-0.18202000000000002,1.9780740000000003,-0.170928,0.30442800000000014,-0.19339300000000004,1.573202,1.385164,1.832475,-0.18014700000000003,0.182127,-0.11012499999999999,2.036783,0.0,-0.235037,1.571288,-0.3077940000000001,1.502288,0.2711450000000001,0.40893600000000074,1.583541,1.5714869999999999
570,-0.6106700000000002,-0.22990700000000008,-0.6949239999999999,-0.6625810000000001,-0.17804900000000004,-0.6832420000000001,-0.167247,0.18589400000000014,0.02147500000000001,-0.5946020000000001,-0.544993,-0.596385,-0.17585700000000004,-0.209789,-0.10671899999999998,-0.692153,0.0,2.0923709999999995,-0.598039,-0.3077930000000001,-0.5665280000000001,-0.04094800000000001,-1.2393669999999994,-0.599519,-0.5890800000000002
571,-0.6007970000000001,-0.22133000000000008,-0.6870829999999999,-0.6547990000000001,-0.17493800000000004,-0.6745130000000001,-0.152564,0.11885200000000011,0.03050700000000001,-0.5844200000000002,-0.534344,-0.590797,-0.16949300000000003,-0.20986,-0.10680999999999999,-0.682773,0.0,2.0408779999999997,-0.588047,-0.3077720000000001,-0.5563220000000001,-0.05188200000000001,-1.2516649999999994,-0.590253,-0.5800350000000001
572,-0.3540880000000001,-0.029770000000000074,-0.4868539999999999,-0.4485660000000001,-0.16658000000000003,-0.4685370000000001,0.237131,-1.6113570000000002,0.31642700000000007,-0.3292170000000001,-0.2711700000000001,-0.46696,-0.15103500000000003,-0.211153,-0.10848599999999999,-0.434263,0.0,0.9297489999999998,-0.33898400000000006,-0.30719200000000013,-0.3033110000000001,-0.45987600000000006,-1.4818449999999994,-0.361429,-0.35839300000000013
573,-0.09702700000000009,0.16336999999999996,-0.2769279999999999,-0.23032300000000003,-0.17780900000000002,-0.25742700000000013,0.649983,-3.4322520000000005,0.6316160000000001,-0.0630840000000001,0.0022009999999999656,-0.342605,-0.17240000000000003,-0.212371,-0.11006499999999998,-0.171216,0.0,-0.18078100000000003,-0.07965300000000004,-0.3054830000000001,-0.040278000000000105,-0.9240540000000002,-1.6996399999999994,-0.123787,-0.12873100000000012
574,-0.08507000000000009,0.17114799999999997,-0.2650569999999999,-0.21935700000000002,-0.18105500000000002,-0.2482600000000001,0.669835,-3.5206890000000004,0.6477910000000001,-0.050824000000000105,0.014302999999999965,-0.337937,-0.18326500000000004,-0.212417,-0.11012399999999999,-0.158665,0.0,-0.232159,-0.06777400000000004,-0.28302300000000014,-0.028387000000000103,-0.9508570000000001,-1.6938879999999994,-0.112912,-0.11831500000000011
575,-0.07668500000000009,0.16717799999999997,-0.2224749999999999,-0.20340500000000003,-0.18156000000000003,-0.2437930000000001,0.66535,-3.4937590000000003,0.6432350000000001,-0.044962000000000106,0.013309999999999966,-0.336802,-0.2609890000000001,-0.212418,-0.11012499999999999,-0.157386,0.0,-0.234481,-0.06216600000000004,0.11030099999999997,-0.024270000000000104,-0.9471580000000002,-1.4367519999999994,-0.106039,-0.11151800000000012
576,-0.006652000000000085,0.16086399999999998,0.031019000000000106,-0.09410100000000002,-0.18189300000000003,-0.1983010000000001,0.66718,-3.4197690000000005,0.6450650000000001,0.011929999999999897,0.03284799999999997,-0.313208,-0.6805600000000002,-0.212414,-0.11012499999999999,-0.128916,0.0,-0.234925,-0.007087000000000043,2.2581540000000007,0.023273999999999895,-0.9491060000000001,-0.025073999999999264,-0.045614,-0.05170100000000011
577,0.028110999999999914,0.16097299999999998,0.1434580000000001,-0.04292900000000001,-0.18182600000000002,-0.17476400000000009,0.673799,-3.4067980000000007,0.6516870000000001,0.0412209999999999,0.046193999999999964,-0.299945,-0.8591550000000001,-0.212152,-0.11012499999999999,-0.112263,0.0,-0.23503,0.021340999999999957,3.1745640000000006,0.048560999999999896,-0.9560000000000001,0.5799270000000007,-0.015257,-0.021683000000000112
578,0.014676999999999916,0.14433899999999997,0.1343430000000001,-0.052633000000000006,-0.17196000000000003,-0.18754200000000007,0.662943,-3.4163010000000003,0.6408260000000001,0.027656999999999897,0.03206599999999996,-0.31194,-0.8325810000000001,-0.198059,-0.11012499999999999,-0.123253,0.0,-0.235037,0.0077629999999999574,3.1403960000000004,0.034127999999999895,-0.9573030000000001,0.6495850000000007,-0.028635,-0.03545500000000011
579,-0.33008900000000013,-0.20320900000000008,-0.23586399999999988,-0.34355700000000006,0.031681999999999974,-0.4998220000000001,0.412039,-3.5901930000000006,0.38981800000000005,-0.3116290000000001,-0.29456200000000005,-0.589311,-0.011449000000000015,0.092597,-0.11012499999999999,-0.388637,0.0,-0.235037,-0.3311200000000001,1.0373440000000003,-0.3166510000000001,-0.9569900000000001,1.1733820000000006,-0.365279,-0.3790860000000001
580,-0.5435710000000001,-0.41787800000000014,-0.46512199999999987,-0.5237070000000001,0.15767499999999998,-0.6931880000000001,0.256717,-3.6983260000000002,0.23443100000000003,-0.5216870000000001,-0.49674900000000005,-0.761001,0.49704100000000007,0.272426,-0.11012499999999999,-0.552937,0.0,-0.235037,-0.541003,-0.26615100000000014,-0.5337830000000001,-0.9567080000000001,1.4967880000000007,-0.573769,-0.5918610000000001
581,-0.5498690000000002,-0.4241900000000001,-0.4718839999999999,-0.5290170000000001,0.16138299999999997,-0.6988860000000001,0.252117,-3.7014210000000003,0.22983000000000003,-0.5278830000000001,-0.502713,-0.766055,0.5120390000000001,0.277719,-0.11012499999999999,-0.557777,0.0,-0.235037,-0.547197,-0.3046750000000001,-0.5401860000000002,-0.9566710000000002,1.5063040000000008,-0.57992,-0.5981370000000001
582,-0.5496230000000001,-0.4240550000000001,-0.4717249999999999,-0.5287420000000002,0.16119899999999998,-0.6984720000000001,0.251824,-3.6985050000000004,0.22955300000000003,-0.5276510000000001,-0.502497,-0.765628,0.5118080000000002,0.277416,-0.11012499999999999,-0.557422,0.0,-0.235037,-0.546954,-0.3053990000000001,-0.5399510000000001,-0.9560400000000001,1.5049690000000007,-0.579658,-0.5978560000000002
583,-0.5155460000000001,-0.4048160000000001,-0.44172099999999986,-0.49204400000000004,0.14490699999999998,-0.6511180000000001,0.235093,-3.4615410000000004,0.21505000000000002,-0.49496600000000013,-0.47222300000000006,-0.718673,0.47896600000000006,0.248974,-0.11012499999999999,-0.515883,0.0,-0.235037,-0.513432,-0.3055760000000001,-0.5070880000000001,-0.9047030000000001,1.4032670000000007,-0.544731,-0.5612320000000001
584,-0.07974400000000008,-0.1695260000000001,-0.049476999999999896,-0.018817000000000004,-0.04242700000000003,-0.049325000000000056,0.02743,-0.538007,0.038099000000000015,-0.0768060000000001,-0.08617100000000003,-0.12292300000000002,0.101284,-0.089919,-0.11012499999999999,0.014244999999999997,0.0,-0.235037,-0.08510000000000004,-0.3075710000000001,-0.0879500000000001,-0.2650390000000001,0.20501900000000073,-0.099371,-0.09475200000000011
585,-0.023202000000000087,-0.14311400000000007,0.004627000000000102,0.04405300000000001,-0.05886700000000003,0.02725899999999995,0.003063,-0.2022259999999999,0.01847300000000001,-0.022485000000000106,-0.03648600000000003,-0.047503000000000004,0.068139,-0.124414,-0.11012499999999999,0.082611,0.0,-0.235037,-0.02966700000000004,-0.3077920000000001,-0.0339890000000001,-0.18870800000000001,0.08789000000000073,-0.042097,-0.03498700000000011
586,-0.011224000000000085,-0.14212000000000008,0.018849000000000105,0.05889300000000001,-0.05730600000000003,0.04182599999999996,0.002357,-0.1928239999999999,0.018322000000000012,-0.010840000000000103,-0.026290000000000036,-0.034308000000000005,0.071286,-0.123468,-0.11012499999999999,0.097207,0.0,-0.235037,-0.018044000000000043,-0.3077930000000001,-0.022927000000000104,-0.18444300000000002,0.09960800000000074,-0.030586,-0.023425000000000112
587,0.023807999999999913,-0.13895100000000007,0.059531000000000105,0.10206700000000002,-0.05667300000000003,0.08435799999999996,0.002082,-0.18134599999999992,0.01832100000000001,0.023292999999999897,0.0037039999999999656,0.0035509999999999912,0.072564,-0.122475,-0.11012499999999999,0.140341,0.0,-0.235037,0.01599299999999996,-0.3077940000000001,0.009551999999999897,-0.17703700000000003,0.12786100000000072,0.003027,0.010129999999999889
588,0.06403699999999991,-0.12018900000000009,0.1022250000000001,0.14641600000000002,-0.05809600000000003,0.13202899999999998,-0.000157,-0.17124099999999992,0.01832000000000001,0.0627289999999999,0.04020399999999996,0.05063399999999999,0.069691,-0.104842,-0.11011999999999998,0.183402,0.0,-0.235037,0.05556399999999996,-0.3077940000000001,0.048073999999999895,-0.16196600000000003,0.13797200000000073,0.042507,0.05044199999999989
589,0.17554499999999992,0.15384499999999998,0.1634640000000001,0.19281500000000001,-0.08508600000000002,0.24665499999999999,-0.03737,-0.17038799999999993,0.01830400000000001,0.1754679999999999,0.17136199999999996,0.23532,0.015226999999999989,0.192981,-0.11002799999999999,0.206269,0.0,-0.235037,0.17230399999999996,-0.3077940000000001,0.1726359999999999,-0.01571400000000001,-0.14467099999999927,0.16494,0.1887469999999999
590,0.4761959999999999,0.954148,0.3127950000000001,0.29674200000000006,-0.16414900000000002,0.5508630000000001,-0.146312,-0.17542999999999992,0.01825800000000001,0.4803899999999999,0.53329,0.748282,-0.14431800000000003,1.064934,-0.10975899999999998,0.241207,0.0,-0.235037,0.4890149999999999,-0.3077940000000001,0.5134039999999999,0.40759400000000007,-0.9925549999999992,0.498648,0.5690079999999998
591,0.5405869999999999,1.1244500000000002,0.3450420000000001,0.31938400000000006,-0.18090700000000004,0.6159710000000002,-0.169516,-0.17623899999999992,0.01815400000000001,0.5456719999999999,0.610647,0.857876,-0.17813400000000001,1.25,-0.10970199999999998,0.249205,0.0,-0.235037,0.55681,-0.3077940000000001,0.5862969999999998,0.49714600000000003,-1.1728439999999993,0.570108,0.6503069999999999
592,0.5735509999999999,1.1293670000000002,0.3815080000000001,0.35958100000000004,-0.18024700000000002,0.6499360000000001,-0.170859,-0.16155099999999992,0.01394100000000001,0.5775079999999999,0.638647,0.893796,-0.17680100000000004,1.231336,-0.10970699999999999,0.291145,0.0,-0.235037,0.588831,-0.3077940000000001,0.6169049999999999,0.47688200000000003,-1.1622319999999993,0.604291,0.6815839999999999
593,1.335395,1.0243940000000002,1.27485,1.3651480000000003,-0.16481500000000002,1.4430910000000001,-0.170834,0.20191400000000015,-0.089996,1.309238,1.254969,1.668722,-0.14557400000000004,0.506505,-0.10991699999999999,1.363978,0.0,-0.235037,1.321779,-0.3077940000000001,1.306377,-0.15130700000000002,-0.6504229999999992,1.386191,1.377516
594,2.094985,0.935565,2.160008,2.3626240000000003,-0.16952700000000004,2.2393100000000006,-0.170425,0.5484890000000002,-0.18904700000000002,2.039234,1.871734,2.444001,-0.15496500000000002,-0.186173,-0.11011799999999998,2.428384,0.0,-0.235037,2.053087,-0.3077940000000001,1.995017,-0.7509930000000001,-0.16604699999999928,2.164685,2.073875
595,2.138175,0.933528,2.209443,2.4184860000000006,-0.17731000000000002,2.2886350000000006,-0.169524,0.5602870000000002,-0.19187500000000002,2.080908,1.907305,2.488247,-0.17065100000000002,-0.21181,-0.11012499999999999,2.487772,0.0,-0.235037,2.094775,-0.3077940000000001,2.034362,-0.7713050000000001,-0.14712499999999928,2.207761,2.114303
596,2.161293,0.927963,2.238639,2.4500140000000004,-0.18032200000000004,2.3211270000000006,-0.167184,0.5572470000000003,-0.18963000000000002,2.103328,1.925949,2.510446,-0.17672300000000002,-0.211198,-0.11012499999999999,2.519735,0.0,-0.235037,2.116954,-0.3077940000000001,2.054994,-0.7635280000000001,-0.1368899999999993,2.228514,2.136192
597,2.506774,1.0178010000000002,2.623661,2.8577160000000004,-0.18166000000000002,2.7319460000000007,-0.165062,0.5315650000000002,-0.18752100000000002,2.439901,2.227724,2.888759,-0.17942200000000003,-0.175412,-0.11012499999999999,2.925601,0.0,-0.235037,2.454088,-0.3077940000000001,2.378692,-0.6646700000000001,-0.06885099999999926,2.56739,2.475609
598,2.964421,1.1810900000000002,3.11904,3.3817580000000005,-0.18201500000000004,3.2572120000000004,-0.170243,0.5045200000000002,-0.19270600000000002,2.886105,2.633287,3.40145,-0.18013700000000002,-0.125418,-0.11012499999999999,3.44674,0.0,-0.235037,2.902124,-0.3077940000000001,2.811384,-0.5461690000000001,-0.005249999999999266,3.023813,2.928299
599,2.985659,1.1911100000000001,3.141207,3.4051920000000004,-0.18202000000000002,3.2805250000000004,-0.170894,0.5036480000000002,-0.19335900000000003,2.906832,2.65243,3.425866,-0.18014800000000003,-0.123003,-0.11012499999999999,3.470027,0.0,-0.235037,2.922996,-0.3077940000000001,2.831679,-0.5415830000000001,-0.0038849999999992653,3.045413,2.949473
600,-0.5070220000000001,-0.059800000000000075,-0.6200269999999999,-0.6279300000000001,-0.0025330000000000257,-0.6245410000000001,0.011984,0.1053050000000001,0.19741700000000004,-0.48536400000000013,-0.4186790000000001,-0.532798,-0.017903000000000016,-0.071199,0.07290700000000001,-0.678751,0.0,2.2176449999999996,-0.48914500000000005,-0.3077720000000001,-0.4509390000000001,0.122367,-1.2623689999999994,-0.496609,-0.4815620000000001
601,-0.49946800000000013,-0.05582900000000007,-0.6135879999999999,-0.6206020000000001,-0.005187000000000026,-0.6177690000000001,0.023611,0.04123100000000011,0.20528500000000002,-0.47759600000000013,-0.41095600000000004,-0.529266,-0.020080000000000018,-0.073757,0.06959200000000001,-0.669496,0.0,2.1741369999999995,-0.48161000000000004,-0.3066430000000001,-0.4433940000000001,0.103485,-1.2695849999999993,-0.489736,-0.47504200000000013
602,-0.2931070000000001,0.05250099999999994,-0.4375709999999999,-0.42038900000000007,-0.07939500000000002,-0.4337380000000001,0.342646,-1.7044310000000003,0.42413600000000007,-0.26531100000000013,-0.19994600000000004,-0.433472,-0.08535900000000003,-0.141924,-0.018758999999999984,-0.416978,0.0,1.0020289999999998,-0.27572500000000005,-0.2757940000000001,-0.23724400000000012,-0.41559500000000005,-1.4617019999999994,-0.302037,-0.2970010000000001
603,-0.08596900000000009,0.16114899999999996,-0.2606009999999999,-0.21936200000000003,-0.15433300000000003,-0.24929700000000007,0.663131,-3.4547190000000003,0.6447480000000001,-0.0522300000000001,0.011796999999999965,-0.337526,-0.15299900000000002,-0.209881,-0.10683699999999999,-0.163662,0.0,-0.16982600000000003,-0.06908000000000004,-0.24194500000000008,-0.030348000000000104,-0.9373060000000001,-1.6512749999999994,-0.113654,-0.11830900000000011
604,-0.07645200000000009,0.16509999999999997,-0.24721799999999988,-0.20899700000000002,-0.15763000000000002,-0.2413180000000001,0.675094,-3.5180000000000002,0.6530500000000001,-0.04284700000000011,0.020116999999999965,-0.33342,-0.16779800000000003,-0.212371,-0.11006499999999998,-0.15352,0.0,-0.213594,-0.05998700000000004,-0.1821810000000001,-0.021445000000000103,-0.9568930000000001,-1.6199259999999993,-0.105095,-0.11013600000000011
605,-0.049188000000000086,0.16414499999999999,-0.1462949999999999,-0.16592300000000001,-0.16384300000000002,-0.22388300000000008,0.675152,-3.4905600000000003,0.6530410000000001,-0.020860000000000104,0.027158999999999964,-0.324597,-0.34597600000000006,-0.212417,-0.11012399999999999,-0.142575,0.0,-0.219652,-0.03870000000000004,0.6830700000000001,-0.0030890000000001025,-0.9571250000000001,-1.0535369999999993,-0.081636,-0.08704400000000011
606,0.018586999999999913,0.16134999999999997,0.1036400000000001,-0.05912200000000001,-0.17902700000000002,-0.1804600000000001,0.67539,-3.4204080000000006,0.6532790000000002,0.0338189999999999,0.04482999999999997,-0.302505,-0.7869880000000001,-0.212416,-0.11012499999999999,-0.115386,0.0,-0.232507,0.014361999999999956,2.8258700000000005,0.0425669999999999,-0.9573720000000001,0.3482530000000007,-0.023215,-0.029572000000000112
607,0.031282999999999915,0.15893299999999996,0.14954200000000012,-0.03941700000000001,-0.18178600000000003,-0.1722120000000001,0.675461,-3.4044570000000003,0.6533490000000001,0.0439899999999999,0.048109999999999965,-0.298418,-0.8688780000000002,-0.212319,-0.11012499999999999,-0.110322,0.0,-0.234895,0.02457899999999996,3.2244210000000004,0.050924999999999894,-0.9575270000000001,0.6053770000000008,-0.012042,-0.01874400000000011
608,0.025944999999999913,0.14749499999999996,0.14371300000000012,-0.04409300000000001,-0.17843700000000004,-0.17694000000000007,0.67076,-3.3971340000000003,0.6486460000000001,0.0383629999999999,0.04231199999999997,-0.303211,-0.8588440000000002,-0.207124,-0.11012499999999999,-0.114883,0.0,-0.23503,0.019904999999999957,3.2093970000000005,0.044639999999999895,-0.9573040000000002,0.6181180000000007,-0.01671,-0.024004000000000112
609,-0.18288700000000008,-0.07188200000000008,-0.08318199999999991,-0.22090100000000001,-0.06220900000000003,-0.3648940000000001,0.514233,-3.4597700000000002,0.4920550000000001,-0.16777300000000012,-0.15656100000000003,-0.470094,-0.37257100000000004,-0.035029,-0.11012499999999999,-0.276033,0.0,-0.235037,-0.18431000000000006,1.9636920000000002,-0.16899900000000012,-0.9491000000000002,0.9196760000000008,-0.219324,-0.23160700000000012
610,-0.5249390000000002,-0.4099250000000001,-0.4470479999999999,-0.5076890000000001,0.12759499999999996,-0.6738390000000001,0.258633,-3.5980260000000004,0.23634800000000003,-0.5044270000000001,-0.48132300000000006,-0.742623,0.42184900000000003,0.245989,-0.11012499999999999,-0.539205,0.0,-0.235037,-0.521668,-0.07227200000000006,-0.5164820000000001,-0.9356970000000001,1.4577670000000007,-0.553658,-0.5722770000000001
611,-0.5430150000000001,-0.4267380000000001,-0.4658819999999999,-0.5227000000000002,0.13760499999999998,-0.6902180000000001,0.245154,-3.6070650000000004,0.22286500000000004,-0.5221690000000001,-0.4984390000000001,-0.756981,0.46373700000000007,0.260804,-0.11012499999999999,-0.553072,0.0,-0.235037,-0.539639,-0.17961100000000008,-0.5347240000000001,-0.9349800000000001,1.4884690000000007,-0.571449,-0.5903110000000001
612,-0.5428300000000001,-0.4268850000000001,-0.4656009999999999,-0.5223310000000001,0.13810099999999997,-0.6898160000000001,0.244469,-3.6035050000000006,0.22235900000000003,-0.5220010000000002,-0.49831800000000004,-0.756466,0.46523100000000006,0.261092,-0.11012499999999999,-0.552704,0.0,-0.235037,-0.539476,-0.18216900000000008,-0.5345780000000001,-0.9338860000000001,1.4888610000000007,-0.571263,-0.5900920000000001
613,-0.4796690000000001,-0.4038190000000001,-0.3938929999999999,-0.44902700000000006,0.16461499999999998,-0.6074300000000001,0.205382,-3.2031770000000006,0.20146800000000004,-0.4615210000000001,-0.44399800000000006,-0.667396,0.5186970000000001,0.254906,-0.11012499999999999,-0.481412,0.0,-0.235037,-0.47806200000000004,-0.1950850000000001,-0.47537400000000013,-0.8151270000000002,1.4346510000000006,-0.507872,-0.5230220000000001
614,0.03985499999999992,-0.1984710000000001,0.1883850000000001,0.14790800000000004,0.372336,0.07088499999999996,-0.11129,0.06024700000000011,0.03077200000000001,0.0362609999999999,0.0052169999999999665,0.06569399999999999,0.9374820000000001,0.197894,-0.11012499999999999,0.100812,0.0,-0.235037,0.027703999999999958,-0.3001320000000001,0.013201999999999898,0.18453700000000003,0.9350850000000008,0.01443,0.030235999999999888
615,0.07926099999999991,-0.17575500000000008,0.2290110000000001,0.19036500000000003,0.383229,0.12249299999999996,-0.132943,0.28960700000000017,0.01841300000000001,0.07418899999999991,0.040449999999999965,0.12149999999999998,0.9594430000000002,0.19081,-0.11012499999999999,0.143012,0.0,-0.235037,0.06635599999999996,-0.3077370000000001,0.0510319999999999,0.27111900000000005,0.8722980000000008,0.054424,0.07282799999999989
616,0.08285099999999991,-0.17106800000000008,0.23085700000000012,0.19267700000000001,0.381631,0.12615099999999999,-0.132587,0.27037200000000017,0.018322000000000012,0.0778909999999999,0.044493999999999964,0.126396,0.9562210000000001,0.189565,-0.11012499999999999,0.145656,0.0,-0.235037,0.07007699999999996,-0.3077930000000001,0.0550299999999999,0.28453600000000007,0.8558280000000008,0.058002,0.0762999999999999
617,0.09357699999999991,-0.1640890000000001,0.23932000000000012,0.20183700000000002,0.380824,0.13577399999999998,-0.132388,0.19652300000000014,0.01832100000000001,0.0889719999999999,0.05585099999999996,0.14057,0.9545900000000002,0.189342,-0.11011999999999998,0.15497,0.0,-0.235037,0.08100299999999996,-0.3077940000000001,0.0664849999999999,0.31515000000000004,0.8299900000000008,0.068112,0.08539799999999989
618,0.10752599999999991,-0.14833400000000008,0.2489130000000001,0.21206700000000003,0.376241,0.14872199999999997,-0.13264,0.12075100000000011,0.018291000000000012,0.1033359999999999,0.07111999999999997,0.159902,0.9452520000000001,0.198328,-0.10993999999999998,0.165015,0.0,-0.235037,0.09533699999999996,-0.3077940000000001,0.0816189999999999,0.34551100000000007,0.7925830000000008,0.081819,0.09850499999999988
619,0.1747539999999999,0.039295999999999935,0.2678930000000001,0.23179900000000003,0.293945,0.21946399999999996,-0.13828,0.05965300000000011,0.01773400000000001,0.1719869999999999,0.15378999999999998,0.266845,0.7775130000000001,0.367865,-0.10659399999999998,0.180163,0.0,-0.235037,0.16669399999999995,-0.3077940000000001,0.1592239999999999,0.37756700000000004,0.5049560000000007,0.157049,0.1823939999999999
620,0.4544589999999999,0.846585,0.3403230000000001,0.30683000000000005,-0.06283100000000003,0.5157970000000001,-0.162754,-0.12216699999999991,0.01531900000000001,0.4574729999999999,0.49991199999999997,0.71505,0.050309999999999994,1.103036,-0.09208399999999999,0.235274,0.0,-0.235037,0.4641219999999999,-0.3077940000000001,0.4832209999999999,0.48407000000000006,-0.7177789999999992,0.472236,0.5363549999999999
621,0.5428579999999998,1.0991220000000002,0.3640490000000001,0.33147400000000005,-0.17447100000000001,0.6095480000000001,-0.170421,-0.1779709999999999,0.01449600000000001,0.5476439999999999,0.60892,0.856186,-0.17723900000000004,1.332648,-0.08754999999999999,0.253728,0.0,-0.235037,0.558031,-0.3077940000000001,0.5853869999999999,0.5166050000000001,-1.0998889999999992,0.571741,0.6479529999999999
622,0.5835949999999999,1.1067470000000001,0.4084150000000001,0.38073200000000007,-0.17887300000000003,0.6541410000000001,-0.170879,-0.1658999999999999,0.01085100000000001,0.5870829999999999,0.643789,0.900272,-0.18600300000000003,1.315873,-0.08774899999999998,0.305236,0.0,-0.235037,0.597662,-0.3077940000000001,0.6233199999999999,0.49400200000000005,-1.0987099999999994,0.61327,0.6870489999999999
623,1.395933,0.970976,1.371411,1.4622490000000001,-0.15456900000000004,1.5280920000000002,-0.169102,0.20125100000000015,-0.083562,1.367376,1.298072,1.721998,-0.13079600000000002,0.555988,-0.09913699999999999,1.455905,0.0,-0.235037,1.378391,-0.3077940000000001,1.356256,-0.12142700000000002,-0.5660229999999993,1.437413,1.4307399999999997
624,2.153844,0.86969,2.255146,2.4618440000000006,-0.16254500000000002,2.3398010000000005,-0.161347,0.5379450000000002,-0.17446600000000004,2.095792,1.912197,2.490054,-0.14109500000000003,-0.172456,-0.10973699999999999,2.525762,0.0,-0.235037,2.107781,-0.3077940000000001,2.042715,-0.7123250000000001,-0.10068399999999926,2.209423,2.12614
625,2.221465,0.819842,2.348284,2.5657390000000007,-0.17515600000000003,2.4431580000000004,-0.145974,0.5344440000000003,-0.16631700000000002,2.160939,1.962281,2.544858,-0.16631300000000002,-0.207199,-0.11011799999999998,2.634778,0.0,-0.235037,2.171611,-0.3077940000000001,2.100407,-0.7137210000000002,-0.04928499999999927,2.266836,2.186675
626,2.338844,0.70222,2.527325,2.7575420000000004,-0.17995500000000003,2.6448560000000003,-0.115438,0.5018200000000003,-0.13726100000000002,2.274143,2.045544,2.633325,-0.17598400000000003,-0.210863,-0.11012499999999999,2.828132,0.0,-0.235037,2.281357,-0.3077940000000001,2.197448,-0.6528840000000001,0.05673000000000074,2.357059,2.291465
627,2.877198,0.916269,3.097167,3.3649300000000006,-0.18173100000000003,3.2438630000000006,-0.113531,0.49834700000000015,-0.13588500000000003,2.799037,2.525655,3.235983,-0.17956500000000003,-0.209779,-0.11012499999999999,3.437526,0.0,-0.235037,2.809194,-0.3077940000000001,2.708457,-0.6445550000000001,0.07645800000000073,2.900851,2.825189
628,3.338577,1.4010340000000001,3.483573,3.7765170000000006,-0.18201600000000004,3.6280710000000003,-0.164921,0.5522240000000003,-0.18738100000000002,3.251187,2.97646,3.830114,-0.18014000000000002,-0.207287,-0.11012499999999999,3.850193,0.0,-0.235037,3.271385,-0.3077940000000001,3.172859,-0.7486830000000001,-0.09643599999999926,3.418716,3.303735
629,3.366816,1.4453000000000003,3.502275,3.7964310000000006,-0.18202000000000002,3.6453410000000006,-0.170619,0.5582610000000002,-0.19308300000000003,3.278973,3.005958,3.870232,-0.18014800000000003,-0.207092,-0.11012499999999999,3.870151,0.0,-0.235037,3.30015,-0.3077940000000001,3.202566,-0.7604610000000002,-0.11623599999999927,3.452921,3.334049
630,2.327845,4.593782000000001,1.428223,0.3195490000000001,4.807197,0.9853370000000001,4.90669,-2.1047640000000003,4.992163000000001,2.50207,3.035983,1.210126,4.328941000000001,3.713627,4.97839,-0.311561,0.0,5.583160999999999,2.489145,-0.3071970000000001,2.710506,4.608633000000001,-1.9068309999999993,2.318447,2.45967
631,2.286956,4.511399000000001,1.403279,0.31243800000000005,4.731205,0.9650150000000001,4.831924,-2.1206310000000004,4.915495000000001,2.458444,2.983324,1.183642,4.261533000000001,3.64426,4.888485,-0.3084,0.0,5.490652999999999,2.445415,-0.2758080000000001,2.663165,4.510305000000001,-1.8791559999999994,2.27705,2.415908
632,1.171166,2.2630270000000006,0.7226850000000001,0.11854800000000001,2.657282,0.41051,2.791631,-2.5545170000000006,2.8233250000000005,1.267961,1.546293,0.460898,2.4217920000000004,1.751105,2.434781,-0.221991,0.0,2.9657389999999997,1.252107,0.5814240000000002,1.371277,1.8263190000000002,-1.1234609999999994,1.147379,1.2217059999999997
633,0.055544999999999914,0.015138999999999934,0.042365000000000104,-0.07523000000000002,0.582789,-0.14392100000000008,0.751599,-2.9890470000000002,0.7314200000000001,0.0776469999999999,0.10942999999999997,-0.261773,0.5806220000000001,-0.141867,-0.018683999999999982,-0.135523,0.0,0.4403509999999998,0.058965999999999956,1.4407600000000003,0.07957399999999991,-0.8575140000000001,-0.36662499999999926,0.017869,0.02765299999999989
634,0.015147999999999915,-0.061834000000000076,0.020616000000000103,-0.08128900000000001,0.490925,-0.16437000000000007,0.676957,-3.0142130000000003,0.6548800000000001,0.0343599999999999,0.05668299999999996,-0.288434,0.48108000000000006,-0.211133,-0.10845999999999999,-0.131836,0.0,0.3344449999999999,0.015560999999999957,1.5134330000000003,0.0327779999999999,-0.9557310000000001,-0.31667099999999926,-0.023158,-0.016063000000000112
635,0.020182999999999913,0.0062939999999999325,0.06201700000000011,-0.06770200000000001,0.274119,-0.1667780000000001,0.675586,-3.1363080000000005,0.6534750000000001,0.03714499999999989,0.053383999999999966,-0.291853,0.045552999999999996,-0.212402,-0.11010399999999998,-0.124767,0.0,0.15062299999999992,0.01846699999999996,2.0705050000000003,0.0380989999999999,-0.9575280000000002,-0.019591999999999263,-0.019567,-0.01708200000000011
636,0.031401999999999916,0.12267899999999994,0.1350700000000001,-0.04362400000000001,-0.12238500000000002,-0.1693610000000001,0.675573,-3.3395720000000004,0.6534620000000001,0.0437399999999999,0.04908399999999997,-0.297254,-0.7538160000000002,-0.212417,-0.11012499999999999,-0.111853,0.0,-0.18461700000000003,0.027526999999999958,3.0948420000000003,0.0486599999999999,-0.9575550000000002,0.4989940000000007,-0.009564,-0.016542000000000112
637,0.03444199999999992,0.10795199999999995,0.13480400000000012,-0.043383000000000005,-0.17905100000000002,-0.1667190000000001,0.675467,-3.3127040000000005,0.6533550000000001,0.04459599999999989,0.04838199999999997,-0.29808,-0.8679280000000001,-0.212386,-0.11012499999999999,-0.110076,0.0,-0.232507,0.034687999999999955,3.2409650000000005,0.047886999999999895,-0.9574760000000001,0.5006520000000008,-0.002903,-0.014042000000000112
638,0.03379099999999992,0.037443999999999936,0.1085070000000001,-0.05303700000000001,-0.18291600000000002,-0.1633900000000001,0.670566,-3.1834750000000005,0.6484530000000001,0.0405969999999999,0.044251999999999965,-0.300669,-0.8696950000000001,-0.210964,-0.11012499999999999,-0.113097,0.0,-0.234933,0.04354999999999996,3.2380830000000005,0.039089999999999896,-0.9537770000000001,0.35606500000000074,0.004809,-0.012515000000000111
639,-0.07353500000000009,-0.16457700000000008,-0.032373999999999896,-0.14793600000000004,-0.21078700000000003,-0.2460670000000001,0.534063,-2.7218510000000005,0.5118920000000001,-0.0721280000000001,-0.06992000000000002,-0.371691,-0.7580420000000001,-0.171383,-0.11012499999999999,-0.199832,0.0,-0.235034,-0.051290000000000044,2.9516230000000006,-0.0828290000000001,-0.8507420000000001,0.3704360000000007,-0.085766,-0.1132000000000001
640,-0.3780650000000001,-0.4453740000000001,-0.3240369999999999,-0.37883300000000003,-0.286153,-0.49700100000000014,0.163352,-1.9450930000000002,0.14102800000000001,-0.37826500000000013,-0.37997600000000004,-0.564565,-0.45416500000000004,-0.063888,-0.11012499999999999,-0.435392,0.0,-0.235037,-0.35986300000000004,2.1728320000000005,-0.39514500000000014,-0.5709230000000001,1.0312920000000008,-0.377279,-0.4081100000000001
641,-0.4193690000000001,-0.4729600000000001,-0.3596769999999999,-0.40873400000000004,-0.296171,-0.5315980000000001,0.113568,-1.8585340000000001,0.09124800000000002,-0.4192940000000001,-0.4215380000000001,-0.59037,-0.41319100000000003,-0.049423,-0.11012499999999999,-0.466931,0.0,-0.235037,-0.40314200000000006,2.0680330000000002,-0.4362990000000001,-0.5333080000000001,1.1434430000000007,-0.418062,-0.4484390000000001
642,-0.4177210000000001,-0.4729270000000001,-0.35644399999999987,-0.40538900000000005,-0.290773,-0.5286380000000002,0.109256,-1.8384820000000002,0.08847800000000003,-0.41767500000000013,-0.42031100000000005,-0.586536,-0.39953600000000006,-0.046386,-0.11012499999999999,-0.46378,0.0,-0.235037,-0.40187500000000004,2.0459760000000005,-0.43480400000000013,-0.5274420000000001,1.1515190000000006,-0.416682,-0.44671100000000014
643,-0.24846300000000007,-0.41251500000000013,-0.1337999999999999,-0.18652300000000002,-0.016889000000000026,-0.3102850000000001,0.01287,-1.0589530000000003,0.06421500000000002,-0.25090800000000013,-0.26960100000000004,-0.345824,0.15276700000000001,0.064962,-0.11012499999999999,-0.249163,0.0,-0.235037,-0.24410900000000005,1.2340950000000002,-0.2736440000000001,-0.30170700000000006,1.2282530000000007,-0.258836,-0.2737710000000001
644,0.07628299999999992,-0.25540400000000013,0.2752680000000001,0.21589400000000003,0.485518,0.10883299999999996,-0.163815,0.37605000000000016,0.01974400000000001,0.06948399999999991,0.025414999999999965,0.11899899999999998,1.1656650000000002,0.268595,-0.11012499999999999,0.14579,0.0,-0.235037,0.06065699999999996,-0.2600020000000001,0.0393359999999999,0.22042100000000003,1.2491910000000006,0.047215,0.0631719999999999
645,0.09730199999999992,-0.2129280000000001,0.2875230000000001,0.22819900000000004,0.499986,0.13600699999999996,-0.168967,0.4187810000000002,0.01833400000000001,0.09057799999999991,0.049143999999999965,0.151573,1.1948330000000003,0.27401,-0.11012499999999999,0.158141,0.0,-0.235037,0.08200599999999995,-0.3073690000000001,0.06258899999999991,0.3249310000000001,1.1512770000000008,0.069506,0.08893099999999989
646,0.10451999999999992,-0.18985600000000008,0.2873520000000001,0.22818300000000002,0.499287,0.14424799999999996,-0.168759,0.3953220000000002,0.018322000000000012,0.0980729999999999,0.05890099999999997,0.163731,1.1934240000000003,0.273471,-0.11012499999999999,0.158287,0.0,-0.235037,0.08987899999999996,-0.3077910000000001,0.0716409999999999,0.38373300000000005,1.0865990000000008,0.077673,0.0982239999999999
647,0.11149299999999991,-0.17358400000000007,0.2877240000000001,0.22864900000000002,0.498846,0.14855399999999996,-0.168639,0.29982400000000015,0.01831400000000001,0.1057639999999999,0.06874799999999998,0.176048,1.1925110000000003,0.27344,-0.11007899999999998,0.158816,0.0,-0.235037,0.09756599999999996,-0.3077930000000001,0.0807459999999999,0.44152900000000006,1.0263010000000006,0.084649,0.10451999999999989
648,0.11773699999999991,-0.16276800000000008,0.28965800000000014,0.23026600000000003,0.497018,0.15093099999999998,-0.168613,0.20150900000000013,0.01804500000000001,0.1127059999999999,0.07721999999999997,0.186687,1.1879460000000002,0.282097,-0.10846499999999999,0.159943,0.0,-0.235037,0.10435399999999996,-0.3077940000000001,0.0886269999999999,0.48368300000000003,0.9836690000000008,0.090632,0.1091859999999999
649,0.14718399999999993,-0.12040400000000008,0.3199530000000001,0.2528810000000001,0.461067,0.16897299999999998,-0.168733,0.14914500000000014,0.01245700000000001,0.14252999999999988,0.10807299999999997,0.225544,1.0971470000000003,0.463798,-0.07487299999999998,0.171902,0.0,-0.235037,0.13419499999999995,-0.3077940000000001,0.1183429999999999,0.5181060000000001,0.9471030000000008,0.122542,0.1383779999999999
650,0.4097589999999999,0.254785,0.5998990000000001,0.4615790000000001,0.12794899999999998,0.334441,-0.169871,-0.10089299999999991,-0.03934,0.4069399999999999,0.3787209999999999,0.56645,0.25579100000000005,2.147887,0.23645700000000003,0.281823,0.0,-0.235037,0.39922499999999994,-0.3077940000000001,0.3796839999999999,0.7472230000000001,0.6978010000000008,0.409072,0.4029119999999999
651,0.6422279999999999,0.568803,0.8496640000000001,0.6526180000000001,-0.15138200000000002,0.488601,-0.170836,-0.3056229999999999,-0.082795,0.6405299999999999,0.615763,0.86501,-0.4496800000000001,3.55963,0.49745,0.39012,0.0,-0.235037,0.633305,-0.3077940000000001,0.6099359999999999,0.9352510000000002,0.4902310000000007,0.66112,0.6365509999999999
652,0.8533209999999999,0.518952,1.107085,0.9400090000000001,-0.11244400000000003,0.7696230000000001,-0.170692,-0.23684599999999992,-0.077581,0.8436399999999998,0.784565,1.077179,-0.34854300000000005,3.331204,0.455943,0.692721,0.0,-0.235037,0.835748,-0.3077940000000001,0.7994059999999998,0.8432570000000001,0.5229170000000007,0.859707,0.8372579999999998
653,2.016133,0.12703199999999998,2.497263,2.5604030000000004,0.21101399999999998,2.3818720000000004,-0.161012,0.3003270000000002,-0.035623,1.957943,1.698135,2.220722,0.5238450000000001,1.06849,0.05198600000000001,2.468363,0.0,-0.235037,1.94793,-0.3077940000000001,1.83996,0.105201,0.7397470000000008,1.948345,1.9413209999999999
654,2.476958,0.14584299999999997,2.947206,3.1375150000000005,0.12593799999999997,2.9927200000000003,-0.113507,0.4725190000000002,-0.040182,2.402347,2.085479,2.682511,0.4372730000000001,0.046238,-0.10380099999999999,3.146187,0.0,-0.235037,2.395362,-0.3077940000000001,2.270385,-0.30724300000000004,0.6128580000000008,2.401591,2.388708
655,2.601825,0.18019099999999996,3.037951,3.2817810000000005,-0.08553400000000003,3.1846630000000005,-0.037993,0.41225900000000015,-0.030710999999999995,2.525138,2.197141,2.782785,0.01432199999999999,-0.143,-0.11002699999999999,3.335498,0.0,-0.235037,2.518308,-0.3077940000000001,2.390708,-0.38568600000000003,0.5111360000000008,2.518375,2.509281
656,2.715423,0.11700399999999994,3.178684,3.4483390000000003,-0.16439100000000004,3.3745730000000003,0.008548,0.3667750000000002,-0.008418999999999992,2.635559,2.285206,2.868785,-0.14460600000000004,-0.199837,-0.11012399999999999,3.518027,0.0,-0.235037,2.626523,-0.3077940000000001,2.490097,-0.36922600000000005,0.5436170000000008,2.611716,2.613468
657,2.934644,0.365459,3.352682,3.6369950000000006,-0.17990000000000003,3.5531870000000003,-0.011441,0.3893150000000002,-0.033187,2.850697,2.502099,3.15212,-0.17587400000000003,-0.21086,-0.11012499999999999,3.710291,0.0,-0.235037,2.846821,-0.3077940000000001,2.712602,-0.42867800000000006,0.44306600000000074,2.860083,2.842006
658,3.49523,1.3702420000000002,3.679866,3.9860490000000004,-0.18196200000000004,3.8440330000000005,-0.138387,0.5267310000000002,-0.16081900000000002,3.403491,3.104665,3.977215,-0.18003000000000002,-0.212189,-0.11012499999999999,4.060811,0.0,-0.235037,3.422057,-0.3077940000000001,3.313562,-0.7042690000000001,-0.027673999999999265,3.559832,3.452758
659,3.621472,1.6077340000000002,3.74982,4.060599000000001,-0.18202000000000002,3.9046530000000006,-0.169026,0.5598720000000003,-0.19148900000000002,3.528063,3.241824,4.165955,-0.18014700000000003,-0.212198,-0.11012499999999999,4.135599,0.0,-0.235037,3.551964,-0.3077940000000001,3.449877,-0.7703220000000001,-0.14054599999999928,3.71935,3.59109
660,5.162721,9.247380000000001,3.476478,1.2670290000000002,9.616959,2.5952260000000003,9.801402,-4.314851000000001,9.786897000000002,5.489513,6.490657,2.953061,8.675842000000001,7.498457,9.883879,0.05563099999999999,0.0,8.948592999999999,5.467444,-0.3066220000000001,5.871962,9.094945000000001,-2.5513239999999993,5.133513,5.400911
661,5.073435,9.078747000000002,3.420177,1.2454830000000001,9.467811,2.5478690000000004,9.640269,-4.282585000000001,9.625630000000001,5.394539,6.377673,2.89662,8.543537000000002,7.362308,9.707417,0.05269399999999999,0.0,8.806621999999999,5.372498,-0.24497200000000008,5.769787,8.917450000000002,-2.4889509999999992,5.043896,5.306922
662,2.635176,4.473669000000001,1.882672,0.6570870000000001,5.394855,1.2546210000000002,5.240006,-3.4014670000000002,5.221699000000001,2.800956,3.292301,1.3553,4.930509000000001,3.644301,4.888537,-0.027514000000000004,0.0,4.929638999999999,2.779685,1.4385880000000002,2.979558,4.070363000000001,-0.7856619999999992,2.596586,2.740236
663,0.19691299999999992,-0.13134800000000008,0.3451540000000001,0.06868200000000002,1.321746,-0.03863400000000006,0.839752,-2.5204570000000004,0.8177770000000001,0.2073699999999999,0.20692799999999997,-0.186024,1.3172430000000002,-0.073699,0.06966700000000002,-0.107721,0.0,1.0525269999999998,0.18686999999999995,3.1221540000000005,0.1893299999999999,-0.7767160000000001,0.9175750000000008,0.149274,0.1735439999999999
664,0.10744599999999992,-0.2988890000000001,0.28845500000000013,0.046900000000000004,1.169055,-0.08619700000000007,0.678632,-2.4903610000000005,0.6565220000000002,0.1122299999999999,0.09383999999999998,-0.242604,1.1795390000000001,-0.209838,-0.10678199999999999,-0.110656,0.0,0.9075609999999997,0.09178699999999995,3.1839680000000006,0.0870639999999999,-0.9541970000000001,0.9786790000000007,0.059504,0.07932099999999989
665,0.10171299999999991,-0.28152100000000013,0.2768520000000001,0.04069300000000001,1.085254,-0.09144800000000007,0.675631,-2.5318600000000004,0.6535200000000001,0.1065139999999999,0.08913699999999997,-0.246924,1.0538140000000003,-0.212373,-0.11006799999999999,-0.110662,0.0,0.8364129999999997,0.08750299999999996,3.1889490000000005,0.08263999999999991,-0.9575020000000001,0.9415320000000008,0.054909,0.07240799999999989
666,0.06416099999999991,-0.1427380000000001,0.14859900000000012,-0.024098000000000005,0.274093,-0.12865300000000007,0.675567,-2.8349360000000003,0.6534560000000001,0.0669549999999999,0.06306899999999997,-0.279666,-0.18016000000000001,-0.212417,-0.11012499999999999,-0.110185,0.0,0.15059899999999993,0.07493099999999996,3.2273480000000005,0.052694999999999895,-0.9575480000000001,0.4037440000000007,0.03687,0.026020999999999888
667,0.04836699999999992,-0.1662230000000001,0.0457430000000001,-0.06913200000000001,-0.16412100000000002,-0.1392990000000001,0.675069,-2.8223020000000005,0.6529580000000001,0.04528999999999989,0.04867699999999996,-0.297497,-0.8463980000000001,-0.212414,-0.11012499999999999,-0.110172,0.0,-0.219673,0.08652199999999996,3.2480460000000004,0.029332999999999897,-0.9570510000000001,-0.11381099999999926,0.04353,0.008560999999999888
668,0.04324699999999992,-0.2360720000000001,0.013786000000000102,-0.08246200000000001,-0.18816400000000003,-0.13934600000000008,0.663324,-2.6754390000000003,0.6412070000000001,0.03674199999999989,0.04006599999999996,-0.302084,-0.8732020000000001,-0.212332,-0.11012499999999999,-0.116006,0.0,-0.2347,0.09109499999999995,3.2482880000000005,0.016252999999999896,-0.9453020000000001,-0.2599849999999993,0.047309,0.005722999999999889
669,-0.07079200000000008,-0.3334990000000001,-0.08587399999999991,-0.16199400000000003,-0.283465,-0.22685100000000008,0.485562,-2.1429590000000003,0.46337100000000003,-0.07955000000000009,-0.08164700000000003,-0.360666,-0.8702630000000001,-0.21108,-0.11012499999999999,-0.20447,0.0,-0.235032,-0.02697800000000004,3.2392420000000004,-0.1012580000000001,-0.7674840000000002,0.041351000000000734,-0.06042,-0.10249600000000011
670,-0.3170230000000001,-0.4756150000000001,-0.2758559999999999,-0.3248670000000001,-0.48576,-0.4198020000000001,0.106664,-1.1246380000000002,0.08431600000000003,-0.3273840000000001,-0.34104900000000005,-0.485498,-0.8627270000000001,-0.208412,-0.11012499999999999,-0.393028,0.0,-0.235037,-0.29114100000000004,3.2199110000000006,-0.3470910000000001,-0.38846600000000003,0.8367530000000007,-0.301187,-0.3383780000000001
671,-0.3563810000000001,-0.4968670000000001,-0.3056329999999999,-0.35065900000000005,-0.517924,-0.4506960000000001,0.04607,-0.964219,0.02373100000000001,-0.3669270000000001,-0.38244800000000007,-0.505354,-0.8611820000000001,-0.207906,-0.11012499999999999,-0.42307,0.0,-0.235037,-0.33357600000000004,3.2162440000000005,-0.3862160000000001,-0.32784100000000005,0.9673260000000008,-0.339855,-0.37612800000000013
672,-0.3547880000000001,-0.4968010000000001,-0.30181999999999987,-0.34677700000000006,-0.510363,-0.4475580000000001,0.040813,-0.942985,0.02039700000000001,-0.3653150000000001,-0.38129900000000005,-0.501117,-0.8423020000000001,-0.20346,-0.11012499999999999,-0.41941,0.0,-0.235037,-0.33253600000000005,3.1840280000000005,-0.3847480000000001,-0.32185900000000006,0.9797780000000008,-0.3387,-0.3745090000000001
673,-0.21376900000000007,-0.4487980000000001,-0.0986639999999999,-0.14891800000000002,-0.16175700000000004,-0.2657210000000001,-0.031907,-0.47479699999999997,0.019578000000000012,-0.22325500000000012,-0.25248300000000007,-0.300508,-0.13930100000000004,-0.03818,-0.11012499999999999,-0.221089,0.0,-0.235037,-0.20566000000000006,1.9865280000000003,-0.24876300000000012,-0.21472100000000002,1.1682460000000006,-0.215212,-0.2354000000000001
674,0.05024999999999992,-0.3410580000000001,0.2731670000000001,0.21320800000000004,0.476188,0.07466999999999996,-0.164647,0.3820430000000002,0.01837800000000001,0.042760999999999896,-0.008912000000000034,0.07628099999999999,1.1468560000000003,0.264192,-0.11012499999999999,0.141912,0.0,-0.235037,0.03298999999999996,-0.20445400000000008,0.0073769999999998975,0.028024999999999998,1.4618120000000006,0.017718,0.02747499999999989
675,0.07369699999999992,-0.29803200000000013,0.2904170000000001,0.23002100000000003,0.505773,0.10493299999999996,-0.170796,0.42238200000000015,0.018322000000000012,0.06648899999999991,0.017195999999999965,0.11237399999999999,1.2065020000000002,0.278196,-0.11012499999999999,0.15878,0.0,-0.235037,0.056210999999999955,-0.3063190000000001,0.0330359999999999,0.12984000000000004,1.3780550000000007,0.041613,0.05536099999999989
676,0.08977199999999992,-0.2449010000000001,0.2906200000000001,0.23023500000000002,0.506094,0.12492699999999995,-0.170852,0.40785800000000016,0.01832100000000001,0.08293299999999991,0.03852499999999996,0.139223,1.2071460000000003,0.278337,-0.11012199999999998,0.159014,0.0,-0.235037,0.07365199999999995,-0.3077780000000001,0.0528779999999999,0.2595990000000001,1.2392340000000006,0.060177,0.07727899999999989
677,0.10750799999999992,-0.1911210000000001,0.2908680000000001,0.23042200000000002,0.505831,0.14314399999999997,-0.170824,0.31573100000000015,0.01826900000000001,0.1015579999999999,0.06268299999999997,0.169584,1.2064460000000001,0.279728,-0.10980899999999999,0.159121,0.0,-0.235037,0.09303499999999996,-0.3077930000000001,0.07525899999999991,0.40677900000000006,1.0838550000000007,0.079826,0.09884399999999989
678,0.12282199999999992,-0.16434200000000007,0.3010020000000001,0.23755500000000002,0.499252,0.15180999999999997,-0.170815,0.20279600000000014,0.01629100000000001,0.11769299999999991,0.08115099999999997,0.192799,1.1867000000000003,0.334905,-0.09792099999999998,0.162513,0.0,-0.235037,0.10913599999999996,-0.3077940000000001,0.09267299999999991,0.49530900000000005,1.0108610000000007,0.095854,0.11313799999999989
679,0.2348929999999999,-0.11693500000000008,0.48456500000000013,0.36654800000000004,0.380574,0.18870899999999996,-0.170834,0.06151500000000011,-0.019571999999999996,0.2295749999999999,0.18111999999999998,0.318507,0.8298920000000001,1.335899,0.11764100000000001,0.223555,0.0,-0.235037,0.21815199999999996,-0.3077940000000001,0.1919809999999999,0.6643340000000001,1.1818090000000008,0.214959,0.2063209999999999
680,0.6441659999999999,0.04524699999999994,1.16385,0.8443370000000001,-0.05780400000000003,0.323811,-0.170908,-0.35975399999999996,-0.15204800000000002,0.6373769999999999,0.542835,0.773352,-0.48811000000000004,5.033522,0.913916,0.450335,0.0,-0.235037,0.61545,-0.3077940000000001,0.5520259999999999,1.2370860000000001,1.8659290000000006,0.650363,0.5469589999999999
681,0.7708379999999999,0.08474399999999994,1.363285,0.9953860000000001,-0.16732000000000002,0.387988,-0.170927,-0.46069299999999996,-0.18514300000000003,0.7628949999999999,0.653378,0.912355,-0.8173700000000002,5.957226,1.112835,0.538778,0.0,-0.235037,0.738265,-0.3077940000000001,0.6641279999999999,1.3742740000000002,2.038033000000001,0.782491,0.6554319999999999
682,1.078762,0.028733999999999933,1.691769,1.4071360000000002,-0.05817000000000003,0.8645780000000001,-0.170774,-0.29791299999999993,-0.15202800000000002,1.058121,0.902361,1.225335,-0.48859400000000003,5.030919,0.913451,1.015139,0.0,-0.235037,1.034762,-0.3077940000000001,0.9465589999999999,1.1378800000000002,1.8802360000000007,1.065885,0.9626609999999999
683,2.218351,-0.18433000000000008,2.887739,2.9319470000000005,0.363654,2.6571340000000006,-0.165864,0.33633300000000016,-0.019811999999999996,2.150012,1.823283,2.380657,0.7972430000000001,1.310327,0.11496000000000002,2.80131,0.0,-0.235037,2.132209,-0.3077940000000001,1.993583,0.20641700000000002,1.2335900000000006,2.112025,2.103934
684,2.558898,-0.1977810000000001,3.213619,3.3684570000000003,0.370639,3.1869790000000005,-0.133018,0.4783200000000002,0.01454400000000001,2.477798,2.106524,2.71934,0.9278710000000001,0.238881,-0.09877499999999999,3.32856,0.0,-0.235037,2.462242,-0.3077940000000001,2.311588,-0.08721800000000003,0.9892270000000007,2.429228,2.445557
685,2.684502,-0.08710900000000009,3.260494,3.4851970000000003,0.07481799999999997,3.3698770000000002,-0.040745,0.40550200000000014,0.01583900000000001,2.602431,2.22982,2.825338,0.33751700000000007,-0.027927,-0.10986299999999999,3.508157,0.0,-0.235037,2.588819,-0.3077940000000001,2.440606,-0.22132500000000002,0.7861930000000008,2.555999,2.571912
686,2.776228,-0.00039000000000006835,3.298081,3.5684520000000006,-0.13051500000000002,3.4954240000000003,0.021973,0.3502060000000002,0.01543000000000001,2.693551,2.320569,2.906116,-0.07631100000000003,-0.175673,-0.11012299999999998,3.631892,0.0,-0.235037,2.681365,-0.3077940000000001,2.534914,-0.30434000000000005,0.6529290000000008,2.649972,2.6642
687,3.02515,0.307247,3.480987,3.7727980000000003,-0.17553500000000002,3.6947030000000005,0.008549,0.3674470000000002,-0.011845999999999994,2.938352,2.57081,3.227892,-0.16707300000000003,-0.207792,-0.11012499999999999,3.845664,0.0,-0.235037,2.932526,-0.3077940000000001,2.790272,-0.38105300000000003,0.5123540000000008,2.934711,2.925325
688,4.114561,1.7015030000000002,4.304387,4.651485000000001,-0.18178100000000003,4.505383000000001,-0.122024,0.5091330000000002,-0.14439400000000002,4.008967,3.670222,4.67963,-0.17966600000000002,-0.212245,-0.11012499999999999,4.728282,0.0,-0.235037,4.032431,-0.3077940000000001,3.909495,-0.6692710000000001,-0.03402899999999926,4.195509,4.073611
689,4.489838,2.1827810000000003,4.588086,4.953831000000001,-0.18201800000000004,4.783811000000001,-0.167807,0.5586950000000003,-0.19027000000000002,4.377765,4.049054,5.180285,-0.18014400000000003,-0.212414,-0.11012499999999999,5.031606,0.0,-0.235037,4.411346,-0.3077940000000001,4.295102,-0.7682590000000001,-0.22187299999999927,4.630059,4.46926
690,5.266532,9.417790000000002,3.551483,1.3017250000000002,9.793087,2.6541780000000004,9.980641,-4.3957820000000005,9.962475000000001,5.59891,6.617163,3.016885,8.835021000000001,7.637053,10.063513,0.069077,0.0,9.071830999999998,5.576506,-0.3066010000000001,5.987731,9.259229000000001,-2.5749239999999993,5.236598,5.508616
691,5.175472,9.245997000000001,3.494032,1.2796490000000003,9.641259,2.6058300000000005,9.816343,-4.361753000000001,9.798108000000001,5.502055,6.50197,2.959346,8.700338000000002,7.498457,9.883879,0.065916,0.0,8.928046999999998,5.479683,-0.2438430000000001,5.883547,9.078834000000002,-2.511280999999999,5.145213,5.412786
692,2.68879,4.554627000000001,1.925152,0.6768080000000001,5.495112,1.2855330000000003,5.329669,-3.4324780000000006,5.309531000000001,2.857097,3.356242,1.388054,5.022386000000001,3.713634,4.978399,-0.020393000000000005,0.0,5.001562999999999,2.835627,1.4699730000000002,3.038456,4.152547000000001,-0.7732959999999992,2.649658,2.795847
693,0.20210799999999993,-0.13674000000000008,0.3562690000000001,0.07396500000000002,1.348948,-0.03476400000000006,0.842996,-2.5032100000000006,0.8209550000000001,0.21213799999999988,0.21051399999999998,-0.183239,1.3444100000000003,-0.07119,0.07291900000000001,-0.106702,0.0,1.0750649999999997,0.19157099999999994,3.1837890000000004,0.1933639999999999,-0.7737400000000001,0.9646780000000008,0.154103,0.1789059999999999
694,0.11102099999999991,-0.30846800000000013,0.29870400000000014,0.05183600000000001,1.196507,-0.08313700000000007,0.678699,-2.4693400000000003,0.6565880000000001,0.1152519999999999,0.09530099999999997,-0.240803,1.2087980000000003,-0.209786,-0.10671399999999999,-0.109863,0.0,0.9307629999999998,0.09474699999999996,3.2465470000000005,0.0891529999999999,-0.9541350000000001,1.0278010000000006,0.062711,0.0830439999999999
695,0.10816699999999992,-0.3100920000000001,0.2920950000000001,0.04886000000000001,1.16628,-0.08501400000000008,0.675635,-2.4734470000000006,0.6535230000000001,0.1120779999999999,0.09226299999999997,-0.242994,1.1648580000000002,-0.212371,-0.11006399999999998,-0.109921,0.0,0.9049189999999998,0.09307799999999995,3.2477420000000006,0.0859549999999999,-0.9574990000000001,1.0027550000000007,0.060893,0.0799059999999999
696,0.08032899999999991,-0.2867610000000001,0.14996000000000012,-0.016053000000000005,0.489491,-0.10758900000000007,0.675562,-2.5626690000000005,0.6534500000000001,0.0782509999999999,0.07023799999999997,-0.27065,0.14144300000000004,-0.212417,-0.11012499999999999,-0.109923,0.0,0.3327159999999999,0.09941099999999996,3.2483490000000006,0.053792999999999896,-0.9575430000000001,0.31849100000000075,0.060693,0.04775499999999989
697,0.053915999999999915,-0.2768950000000001,0.009556000000000103,-0.07963100000000001,-0.15808900000000004,-0.1282800000000001,0.674902,-2.6244330000000002,0.6527900000000001,0.0455109999999999,0.04877099999999997,-0.29729,-0.8373070000000001,-0.212418,-0.11012499999999999,-0.110242,0.0,-0.214493,0.10738599999999995,3.2489100000000004,0.021791999999999895,-0.9568790000000001,-0.3630899999999993,0.06221,0.017621999999999888
698,0.044763999999999915,-0.2857730000000001,-0.0035709999999998976,-0.08795200000000002,-0.18900000000000003,-0.1351700000000001,0.661873,-2.5835830000000004,0.6397550000000001,0.0358529999999999,0.039124999999999965,-0.302496,-0.8733690000000001,-0.212416,-0.11012499999999999,-0.116682,0.0,-0.234658,0.09950999999999996,3.2489180000000006,0.011921999999999898,-0.9437680000000002,-0.3712219999999993,0.054812,0.008829999999999888
699,-0.07282200000000008,-0.3494270000000001,-0.0926199999999999,-0.16503200000000004,-0.288011,-0.2273370000000001,0.480003,-2.0972920000000004,0.45781000000000005,-0.08236600000000009,-0.08472800000000003,-0.361586,-0.8739720000000001,-0.212392,-0.11012499999999999,-0.206579,0.0,-0.235032,-0.027226000000000042,3.2487480000000004,-0.10503900000000009,-0.7607510000000001,0.018143000000000735,-0.060569,-0.1038740000000001
700,-0.3157470000000001,-0.4771420000000001,-0.2750179999999999,-0.32371500000000003,-0.49153,-0.4179740000000001,0.104493,-1.0997800000000002,0.08214400000000002,-0.3264090000000001,-0.3404190000000001,-0.483552,-0.8738370000000001,-0.212342,-0.11012499999999999,-0.392188,0.0,-0.235037,-0.28961900000000007,3.2483850000000003,-0.3462230000000001,-0.3828710000000001,0.8316870000000007,-0.299435,-0.3368330000000001
701,-0.3546630000000001,-0.4975380000000001,-0.3041609999999999,-0.34907400000000005,-0.524016,-0.4484840000000001,0.044204,-0.939635,0.02186500000000001,-0.3655000000000001,-0.38138600000000006,-0.503028,-0.8734730000000002,-0.212254,-0.11012499999999999,-0.421875,0.0,-0.235037,-0.3316760000000001,3.2477440000000004,-0.3848530000000001,-0.32219200000000003,0.9625020000000007,-0.337717,-0.3741530000000001
702,-0.35315800000000014,-0.4975210000000001,-0.3004439999999999,-0.34528800000000004,-0.516592,-0.4454570000000001,0.038979,-0.918711,0.01853100000000001,-0.36397600000000013,-0.3803210000000001,-0.498912,-0.8548630000000002,-0.207865,-0.11012499999999999,-0.418312,0.0,-0.235037,-0.33072200000000007,3.2159480000000005,-0.3834700000000001,-0.31637200000000004,0.9750490000000008,-0.336648,-0.3726270000000001
703,-0.2193650000000001,-0.4553020000000001,-0.1056149999999999,-0.15559000000000003,-0.17944200000000002,-0.27294800000000013,-0.030328,-0.47688299999999995,0.01835100000000001,-0.22910600000000012,-0.25843600000000005,-0.308833,-0.17495600000000003,-0.047535,-0.11012499999999999,-0.228043,0.0,-0.235037,-0.21068900000000004,2.0543530000000003,-0.25468000000000013,-0.22505200000000003,1.1684070000000006,-0.220055,-0.2412500000000001
704,0.039843999999999914,-0.3703880000000001,0.27024900000000013,0.21036100000000002,0.470894,0.06117499999999996,-0.163661,0.37448000000000015,0.01832300000000001,0.0321959999999999,-0.021860000000000036,0.059475999999999994,1.1361810000000003,0.261648,-0.11012499999999999,0.139031,0.0,-0.235037,0.02208599999999996,-0.1856770000000001,-0.004893000000000102,-0.041214000000000015,1.5319360000000006,0.006153,0.01369699999999989
705,0.056406999999999916,-0.3567120000000001,0.29037000000000013,0.22995100000000002,0.505707,0.08253399999999995,-0.170798,0.4202520000000002,0.018322000000000012,0.0489159999999999,-0.0056440000000000335,0.08365799999999998,1.2063690000000002,0.278199,-0.11012499999999999,0.158682,0.0,-0.235037,0.03746299999999996,-0.3055930000000001,0.011782999999999898,-0.00962100000000001,1.5280410000000006,0.021404,0.031112999999999887
706,0.06393199999999992,-0.33223200000000014,0.29073700000000013,0.23030800000000004,0.50633,0.09201699999999996,-0.170926,0.41669500000000015,0.01832000000000001,0.056594999999999895,0.004242999999999966,0.09615699999999999,1.2076220000000002,0.278525,-0.11011899999999998,0.159038,0.0,-0.235037,0.045588999999999956,-0.3077590000000001,0.021003999999999894,0.049687,1.4650360000000007,0.030072,0.04138899999999989
707,0.08662399999999992,-0.2612710000000001,0.2919460000000001,0.23115800000000003,0.505567,0.11763899999999995,-0.170926,0.3560510000000002,0.01808500000000001,0.0800419999999999,0.034439999999999964,0.134126,1.2053090000000002,0.285087,-0.10870199999999998,0.159443,0.0,-0.235037,0.07023099999999996,-0.3077930000000001,0.0490699999999999,0.23174200000000003,1.2734890000000008,0.05582,0.07067299999999989
708,0.15389399999999992,-0.16293600000000008,0.3591030000000001,0.27829500000000007,0.462837,0.15881899999999996,-0.170924,0.17744800000000013,0.00494900000000001,0.1485049999999999,0.10683899999999998,0.225157,1.0761090000000002,0.650612,-0.029745999999999984,0.181696,0.0,-0.235037,0.13883999999999994,-0.3077940000000001,0.1185879999999999,0.5164530000000002,1.1025270000000007,0.128638,0.1371819999999999
709,0.5159149999999999,-0.018091000000000072,0.9587360000000001,0.6991770000000002,0.08140999999999997,0.277111,-0.170927,-0.2286509999999999,-0.112327,0.5094689999999998,0.42768599999999996,0.628579,-0.07725400000000003,3.914036,0.675163,0.380405,0.0,-0.235037,0.49047199999999996,-0.3077940000000001,0.43773299999999987,1.0647180000000003,1.6860580000000007,0.513661,0.43797399999999986
710,0.7446109999999999,0.06531399999999994,1.342008,0.9687380000000001,-0.16143900000000003,0.35119,-0.170929,-0.46382699999999993,-0.18699400000000002,0.7372539999999999,0.628786,0.881435,-0.8115840000000001,5.991815,1.123969,0.508516,0.0,-0.235037,0.712214,-0.3077940000000001,0.6381659999999999,1.3878210000000002,2.084616000000001,0.756706,0.6272249999999999
711,0.7810459999999999,0.06844199999999995,1.391513,1.0146240000000002,-0.17344900000000002,0.386112,-0.170929,-0.47180099999999997,-0.19068700000000002,0.7728409999999999,0.659508,0.920063,-0.8479000000000001,6.094563,1.146163,0.547507,0.0,-0.235037,0.747419,-0.3077940000000001,0.6708799999999999,1.3980360000000003,2.105274000000001,0.792745,0.6606119999999999
712,1.085907,0.012320999999999934,1.711192,1.4222760000000003,-0.05648000000000003,0.8668250000000001,-0.170872,-0.30040999999999995,-0.15466600000000003,1.06492,0.905964,1.229917,-0.49401700000000004,5.092052,0.929647,1.025094,0.0,-0.235037,1.04103,-0.3077940000000001,0.9510839999999999,1.1486580000000002,1.9267600000000007,1.072438,0.9664019999999999
713,2.215271,-0.19507300000000008,2.891831,2.9320630000000003,0.375639,2.6516060000000006,-0.169025,0.3373180000000002,-0.019960999999999996,2.146879,1.819111,2.377091,0.8187090000000001,1.338991,0.11990400000000001,2.797422,0.0,-0.235037,2.128794,-0.3077940000000001,1.989489,0.21676100000000004,1.2552720000000006,2.108279,2.099806
714,2.534113,-0.2344070000000001,3.212943,3.3509470000000006,0.447543,3.1533370000000005,-0.155042,0.4963440000000002,0.01613000000000001,2.452962,2.080044,2.697747,1.0820550000000002,0.301412,-0.09719599999999999,3.295326,0.0,-0.235037,2.436698,-0.3077940000000001,2.284599,-0.05061800000000002,1.0471720000000007,2.402353,2.419816
715,2.628609,-0.16010900000000008,3.253924,3.4421930000000005,0.24601699999999999,3.2919940000000003,-0.091114,0.4495640000000002,0.01810200000000001,2.546471,2.171378,2.778619,0.6825730000000001,0.095039,-0.10968799999999998,3.431503,0.0,-0.235037,2.531556,-0.3077940000000001,2.380743,-0.14804300000000004,0.9038620000000008,2.496872,2.514765
716,2.769845,-0.01367100000000007,3.309809,3.5658020000000006,-0.05835100000000003,3.4773190000000005,-0.000536,0.37021800000000016,0.01510600000000001,2.686808,2.312683,2.908161,0.069175,-0.12419,-0.11011899999999998,3.615135,0.0,-0.235037,2.674423,-0.3077940000000001,2.526934,-0.27632500000000004,0.6967200000000008,2.644153,2.657908
717,3.302694,0.62184,3.706507,4.0113520000000005,-0.16719700000000004,3.9168000000000003,-0.020014,0.3978570000000002,-0.037856,3.210768,2.84556,3.588529,-0.15026300000000004,-0.201846,-0.11012499999999999,4.083325,0.0,-0.235037,3.211385,-0.3077940000000001,3.071728,-0.4338080000000001,0.40487400000000073,3.249113,3.215159
718,4.520993,2.0934320000000004,4.655334,5.025419000000001,-0.18168900000000002,4.863282000000001,-0.14596,0.5350320000000002,-0.16831100000000002,4.4075,4.06385,5.18728,-0.17947900000000003,-0.212181,-0.11012499999999999,5.10335,0.0,-0.235037,4.438624,-0.3077940000000001,4.315818,-0.7207980000000002,-0.1524879999999993,4.643377,4.493146
719,4.741267,2.3596950000000003,4.827291,5.208717000000001,-0.18201800000000004,5.033835000000001,-0.169529,0.5605600000000002,-0.19199100000000002,4.623862,4.284123,5.476766,-0.18014300000000003,-0.212416,-0.11012499999999999,5.287278,0.0,-0.235037,4.66051,-0.3077940000000001,4.540741,-0.7719770000000001,-0.25219399999999925,4.895577,4.72425
